country,division,type,subdivision,subtype
Serbia,Belgrade,city,Barajevo,city municipality
Serbia,Belgrade,city,Grocka,city municipality
Serbia,Belgrade,city,Lazarevac,city municipality
Serbia,Belgrade,city,Mladenovac,city municipality
Serbia,Belgrade,city,Novi Beograd,city municipality
Serbia,Belgrade,city,Obrenovac,city municipality
Serbia,Belgrade,city,Palilula,city municipality
Serbia,Belgrade,city,Rakovica,city municipality
Serbia,Belgrade,city,Savski Venac,city municipality
Serbia,Belgrade,city,Sopot,city municipality
Serbia,Belgrade,city,Stari Grad,city municipality
Serbia,Belgrade,city,Surčin,city municipality
Serbia,Belgrade,city,Voždovac,city municipality
Serbia,Belgrade,city,Vračar,city municipality
Serbia,Belgrade,city,Zemun,city municipality
Serbia,Belgrade,city,Zvezdara,city municipality
Serbia,Belgrade,city,Čukarica,city municipality
Serbia,Bor,district,Bor,city
Serbia,Bor,district,Kladovo,municipality
Serbia,Bor,district,Majdanpek,municipality
Serbia,Bor,district,Negotin,municipality
Serbia,Braničevo,district,Golubac,municipality
Serbia,Braničevo,district,Kučevo,municipality
Serbia,Braničevo,district,Malo Crniće,municipality
Serbia,Braničevo,district,Petrovac na Mlavi,municipality
Serbia,Braničevo,district,Požarevac,city
Serbia,Braničevo,district,Veliko Gradište,municipality
Serbia,Braničevo,district,Žabari,municipality
Serbia,Braničevo,district,Žagubica,municipality
Serbia,Central Banat,district,Nova Crnja,municipality
Serbia,Central Banat,district,Novi Bečej,municipality
Serbia,Central Banat,district,Sečanj,municipality
Serbia,Central Banat,district,Zrenjanin,city
Serbia,Central Banat,district,Žitište,municipality
Serbia,Jablanica,district,Bojnik,municipality
Serbia,Jablanica,district,Crna Trava,municipality
Serbia,Jablanica,district,Lebane,municipality
Serbia,Jablanica,district,Leskovac,city
Serbia,Jablanica,district,Medveđa,municipality
Serbia,Jablanica,district,Vlasotince,municipality
Serbia,Kolubara,district,Lajkovac,municipality
Serbia,Kolubara,district,Ljig,municipality
Serbia,Kolubara,district,Mionica,municipality
Serbia,Kolubara,district,Osečina,municipality
Serbia,Kolubara,district,Ub,municipality
Serbia,Kolubara,district,Valjevo,city
Serbia,Mačva,district,Bogatić,municipality
Serbia,Mačva,district,Koceljeva,municipality
Serbia,Mačva,district,Krupanj,municipality
Serbia,Mačva,district,Ljubovija,municipality
Serbia,Mačva,district,Loznica,city
Serbia,Mačva,district,Mali Zvornik,municipality
Serbia,Mačva,district,Vladimirci,municipality
Serbia,Mačva,district,Šabac,city
Serbia,Moravica,district,Gornji Milanovac,municipality
Serbia,Moravica,district,Ivanjica,municipality
Serbia,Moravica,district,Lučani,municipality
Serbia,Moravica,district,Čačak,city
Serbia,Nišava,district,Aleksinac,municipality
Serbia,Nišava,district,Doljevac,municipality
Serbia,Nišava,district,Gadžin Han,municipality
Serbia,Nišava,district,Merošina,municipality
Serbia,Nišava,district,Niš,city
Serbia,Nišava,district,Ražanj,municipality
Serbia,Nišava,district,Svrljig,municipality
Serbia,North Banat,district,Ada,municipality
Serbia,North Banat,district,Kanjiža,municipality
Serbia,North Banat,district,Kikinda,city
Serbia,North Banat,district,Novi Kneževac,municipality
Serbia,North Banat,district,Senta,municipality
Serbia,North Banat,district,Čoka,municipality
Serbia,North Bačka,district,Bačka Topola,municipality
Serbia,North Bačka,district,Mali Iđoš,municipality
Serbia,North Bačka,district,Subotica,city
Serbia,Pirot,district,Babušnica,municipality
Serbia,Pirot,district,Bela Palanka,municipality
Serbia,Pirot,district,Dimitrovgrad,municipality
Serbia,Pirot,district,Pirot,city
Serbia,Podunavlje,district,Smederevo,city
Serbia,Podunavlje,district,Smederevska Palanka,municipality
Serbia,Podunavlje,district,Velika Plana,municipality
Serbia,Pomoravlje,district,Despotovac,municipality
Serbia,Pomoravlje,district,Jagodina,city
Serbia,Pomoravlje,district,Paraćin,municipality
Serbia,Pomoravlje,district,Rekovac,municipality
Serbia,Pomoravlje,district,Svilajnac,municipality
Serbia,Pomoravlje,district,Ćuprija,municipality
Serbia,Pčinja,district,Bosilegrad,municipality
Serbia,Pčinja,district,Bujanovac,municipality
Serbia,Pčinja,district,Preševo,municipality
Serbia,Pčinja,district,Surdulica,municipality
Serbia,Pčinja,district,Trgovište,municipality
Serbia,Pčinja,district,Vladičin Han,municipality
Serbia,Pčinja,district,Vranje,city
Serbia,Rasina,district,Aleksandrovac,municipality
Serbia,Rasina,district,Brus,municipality
Serbia,Rasina,district,Kruševac,city
Serbia,Rasina,district,Trstenik,municipality
Serbia,Rasina,district,Varvarin,municipality
Serbia,Rasina,district,Ćićevac,municipality
Serbia,Raška,district,Kraljevo,city
Serbia,Raška,district,Novi Pazar,city
Serbia,Raška,district,Raška,municipality
Serbia,Raška,district,Tutin,municipality
Serbia,Raška,district,Vrnjačka Banja,municipality
Serbia,South Banat,district,Alibunar,municipality
Serbia,South Banat,district,Bela Crkva,municipality
Serbia,South Banat,district,Kovačica,municipality
Serbia,South Banat,district,Kovin,municipality
Serbia,South Banat,district,Opovo,municipality
Serbia,South Banat,district,Pančevo,city
Serbia,South Banat,district,Plandište,municipality
Serbia,South Banat,district,Vršac,city
Serbia,South Bačka,district,Bač,municipality
Serbia,South Bačka,district,Bačka Palanka,municipality
Serbia,South Bačka,district,Bački Petrovac,municipality
Serbia,South Bačka,district,Beočin,municipality
Serbia,South Bačka,district,Bečej,municipality
Serbia,South Bačka,district,Novi Sad,city
Serbia,South Bačka,district,Srbobran,municipality
Serbia,South Bačka,district,Sremski Karlovci,municipality
Serbia,South Bačka,district,Temerin,municipality
Serbia,South Bačka,district,Titel,municipality
Serbia,South Bačka,district,Vrbas,municipality
Serbia,South Bačka,district,Žabalj,municipality
Serbia,Srem,district,Inđija,municipality
Serbia,Srem,district,Irig,municipality
Serbia,Srem,district,Pećinci,municipality
Serbia,Srem,district,Ruma,municipality
Serbia,Srem,district,Sremska Mitrovica,city
Serbia,Srem,district,Stara Pazova,municipality
Serbia,Srem,district,Šid,municipality
Serbia,Toplica,district,Blace,municipality
Serbia,Toplica,district,Kuršumlija,municipality
Serbia,Toplica,district,Prokuplje,city
Serbia,Toplica,district,Žitorađa,municipality
Serbia,West Bačka,district,Apatin,municipality
Serbia,West Bačka,district,Kula,municipality
Serbia,West Bačka,district,Odžaci,municipality
Serbia,West Bačka,district,Sombor,city
Serbia,Zaječar,district,Boljevac,municipality
Serbia,Zaječar,district,Knjaževac,municipality
Serbia,Zaječar,district,Sokobanja,municipality
Serbia,Zaječar,district,Zaječar,city
Serbia,Zlatibor,district,Arilje,municipality
Serbia,Zlatibor,district,Bajina Bašta,municipality
Serbia,Zlatibor,district,Kosjerić,municipality
Serbia,Zlatibor,district,Nova Varoš,municipality
Serbia,Zlatibor,district,Požega,municipality
Serbia,Zlatibor,district,Priboj,municipality
Serbia,Zlatibor,district,Prijepolje,municipality
Serbia,Zlatibor,district,Sjenica,municipality
Serbia,Zlatibor,district,Užice,city
Serbia,Zlatibor,district,Čajetina,municipality
Serbia,Šumadija,district,Aranđelovac,municipality
Serbia,Šumadija,district,Batočina,municipality
Serbia,Šumadija,district,Knić,municipality
Serbia,Šumadija,district,Kragujevac,city
Serbia,Šumadija,district,Lapovo,municipality
Serbia,Šumadija,district,Rača,municipality
Serbia,Šumadija,district,Topola,municipality
Portugal,Aveiro,district,Albergaria-a-Velha,municipality
Portugal,Aveiro,district,Anadia,municipality
Portugal,Aveiro,district,Arouca,municipality
Portugal,Aveiro,district,Aveiro,municipality
Portugal,Aveiro,district,Castelo de Paiva,municipality
Portugal,Aveiro,district,Espinho,municipality
Portugal,Aveiro,district,Estarreja,municipality
Portugal,Aveiro,district,Mealhada,municipality
Portugal,Aveiro,district,Murtosa,municipality
Portugal,Aveiro,district,Oliveira de Azeméis,municipality
Portugal,Aveiro,district,Oliveira do Bairro,municipality
Portugal,Aveiro,district,Ovar,municipality
Portugal,Aveiro,district,Santa Maria da Feira,municipality
Portugal,Aveiro,district,Sever do Vouga,municipality
Portugal,Aveiro,district,São João da Madeira,municipality
Portugal,Aveiro,district,Vagos,municipality
Portugal,Aveiro,district,Vale de Cambra,municipality
Portugal,Aveiro,district,Águeda,municipality
Portugal,Aveiro,district,Ílhavo,municipality
Portugal,Azores,autonomous region,Angra do Heroísmo,municipality
Portugal,Azores,autonomous region,Calheta,municipality
Portugal,Azores,autonomous region,Corvo,municipality
Portugal,Azores,autonomous region,Horta,municipality
Portugal,Azores,autonomous region,Lagoa,municipality
Portugal,Azores,autonomous region,Lajes das Flores,municipality
Portugal,Azores,autonomous region,Lajes do Pico,municipality
Portugal,Azores,autonomous region,Madalena,municipality
Portugal,Azores,autonomous region,Nordeste,municipality
Portugal,Azores,autonomous region,Ponta Delgada,municipality
Portugal,Azores,autonomous region,Povoação,municipality
Portugal,Azores,autonomous region,Praia da Vitória,municipality
Portugal,Azores,autonomous region,Ribeira Grande,municipality
Portugal,Azores,autonomous region,Santa Cruz da Graciosa,municipality
Portugal,Azores,autonomous region,Santa Cruz das Flores,municipality
Portugal,Azores,autonomous region,São Roque do Pico,municipality
Portugal,Azores,autonomous region,Velas,municipality
Portugal,Azores,autonomous region,Vila Franca do Campo,municipality
Portugal,Azores,autonomous region,Vila do Porto,municipality
Portugal,Beja,district,Aljustrel,municipality
Portugal,Beja,district,Almodôvar,municipality
Portugal,Beja,district,Alvito,municipality
Portugal,Beja,district,Barrancos,municipality
Portugal,Beja,district,Beja,municipality
Portugal,Beja,district,Castro Verde,municipality
Portugal,Beja,district,Cuba,municipality
Portugal,Beja,district,Ferreira do Alentejo,municipality
Portugal,Beja,district,Moura,municipality
Portugal,Beja,district,Mértola,municipality
Portugal,Beja,district,Odemira,municipality
Portugal,Beja,district,Ourique,municipality
Portugal,Beja,district,Serpa,municipality
Portugal,Beja,district,Vidigueira,municipality
Portugal,Braga,district,Amares,municipality
Portugal,Braga,district,Barcelos,municipality
Portugal,Braga,district,Braga,municipality
Portugal,Braga,district,Cabeceiras de Basto,municipality
Portugal,Braga,district,Celorico de Basto,municipality
Portugal,Braga,district,Esposende,municipality
Portugal,Braga,district,Fafe,municipality
Portugal,Braga,district,Guimarães,municipality
Portugal,Braga,district,Póvoa de Lanhoso,municipality
Portugal,Braga,district,Terras de Bouro,municipality
Portugal,Braga,district,Vieira do Minho,municipality
Portugal,Braga,district,Vila Nova de Famalicão,municipality
Portugal,Braga,district,Vila Verde,municipality
Portugal,Braga,district,Vizela,municipality
Portugal,Bragança,district,Alfândega da Fé,municipality
Portugal,Bragança,district,Bragança,municipality
Portugal,Bragança,district,Carrazeda de Ansiães,municipality
Portugal,Bragança,district,Freixo de Espadaà Cinta,municipality
Portugal,Bragança,district,Macedo de Cavaleiros,municipality
Portugal,Bragança,district,Miranda do Douro,municipality
Portugal,Bragança,district,Mirandela,municipality
Portugal,Bragança,district,Mogadouro,municipality
Portugal,Bragança,district,Torre de Moncorvo,municipality
Portugal,Bragança,district,Vila Flor,municipality
Portugal,Bragança,district,Vimioso,municipality
Portugal,Bragança,district,Vinhais,municipality
Portugal,Castelo Branco,district,Belmonte,municipality
Portugal,Castelo Branco,district,Castelo Branco,municipality
Portugal,Castelo Branco,district,Covilhã,municipality
Portugal,Castelo Branco,district,Fundão,municipality
Portugal,Castelo Branco,district,Idanha-a-Nova,municipality
Portugal,Castelo Branco,district,Oleiros,municipality
Portugal,Castelo Branco,district,Penamacor,municipality
Portugal,Castelo Branco,district,Proença-a-Nova,municipality
Portugal,Castelo Branco,district,Sertã,municipality
Portugal,Castelo Branco,district,Vila Velha de Ródão,municipality
Portugal,Castelo Branco,district,Vila de Rei,municipality
Portugal,Coimbra,district,Arganil,municipality
Portugal,Coimbra,district,Cantanhede,municipality
Portugal,Coimbra,district,Coimbra,municipality
Portugal,Coimbra,district,Condeixa-a-Nova,municipality
Portugal,Coimbra,district,Figueira da Foz,municipality
Portugal,Coimbra,district,Góis,municipality
Portugal,Coimbra,district,Lousã,municipality
Portugal,Coimbra,district,Mira,municipality
Portugal,Coimbra,district,Miranda do Corvo,municipality
Portugal,Coimbra,district,Montemor-o-Velho,municipality
Portugal,Coimbra,district,Oliveira do Hospital,municipality
Portugal,Coimbra,district,Pampilhosa da Serra,municipality
Portugal,Coimbra,district,Penacova,municipality
Portugal,Coimbra,district,Penela,municipality
Portugal,Coimbra,district,Soure,municipality
Portugal,Coimbra,district,Tábua,municipality
Portugal,Coimbra,district,Vila Nova de Poiares,municipality
Portugal,Faro,district,Albufeira,municipality
Portugal,Faro,district,Alcoutim,municipality
Portugal,Faro,district,Aljezur,municipality
Portugal,Faro,district,Castro Marim,municipality
Portugal,Faro,district,Faro,municipality
Portugal,Faro,district,Lagoa,municipality
Portugal,Faro,district,Lagos,municipality
Portugal,Faro,district,Loulé,municipality
Portugal,Faro,district,Monchique,municipality
Portugal,Faro,district,Olhão,municipality
Portugal,Faro,district,Portimão,municipality
Portugal,Faro,district,Silves,municipality
Portugal,Faro,district,São Brás de Alportel,municipality
Portugal,Faro,district,Tavira,municipality
Portugal,Faro,district,Vila Real de Santo António,municipality
Portugal,Faro,district,Vila do Bispo,municipality
Portugal,Guarda,district,Aguiar da Beira,municipality
Portugal,Guarda,district,Almeida,municipality
Portugal,Guarda,district,Celorico da Beira,municipality
Portugal,Guarda,district,Figueira de Castelo Rodrigo,municipality
Portugal,Guarda,district,Fornos de Algodres,municipality
Portugal,Guarda,district,Gouveia,municipality
Portugal,Guarda,district,Guarda,municipality
Portugal,Guarda,district,Manteigas,municipality
Portugal,Guarda,district,Mêda,municipality
Portugal,Guarda,district,Pinhel,municipality
Portugal,Guarda,district,Sabugal,municipality
Portugal,Guarda,district,Seia,municipality
Portugal,Guarda,district,Trancoso,municipality
Portugal,Guarda,district,Vila Nova de Foz Côa,municipality
Portugal,Leiria,district,Alcobaça,municipality
Portugal,Leiria,district,Alvaiázere,municipality
Portugal,Leiria,district,Ansião,municipality
Portugal,Leiria,district,Batalha,municipality
Portugal,Leiria,district,Bombarral,municipality
Portugal,Leiria,district,Caldas da Rainha,municipality
Portugal,Leiria,district,Castanheira de Pêra,municipality
Portugal,Leiria,district,Figueiró dos Vinhos,municipality
Portugal,Leiria,district,Leiria,municipality
Portugal,Leiria,district,Marinha Grande,municipality
Portugal,Leiria,district,Nazaré,municipality
Portugal,Leiria,district,Pedrógão Grande,municipality
Portugal,Leiria,district,Peniche,municipality
Portugal,Leiria,district,Pombal,municipality
Portugal,Leiria,district,Porto de Mós,municipality
Portugal,Leiria,district,Óbidos,municipality
Portugal,Madeira,autonomous region,Calheta,municipality
Portugal,Madeira,autonomous region,Câmara de Lobos,municipality
Portugal,Madeira,autonomous region,Funchal,municipality
Portugal,Madeira,autonomous region,Machico,municipality
Portugal,Madeira,autonomous region,Ponta do Sol,municipality
Portugal,Madeira,autonomous region,Porto Moniz,municipality
Portugal,Madeira,autonomous region,Porto Santo,municipality
Portugal,Madeira,autonomous region,Ribeira Brava,municipality
Portugal,Madeira,autonomous region,Santa Cruz,municipality
Portugal,Madeira,autonomous region,Santana,municipality
Portugal,Madeira,autonomous region,São Vicente,municipality
Portugal,Portalegre,district,Alter do Chão,municipality
Portugal,Portalegre,district,Arronches,municipality
Portugal,Portalegre,district,Avis,municipality
Portugal,Portalegre,district,Campo Maior,municipality
Portugal,Portalegre,district,Castelo de Vide,municipality
Portugal,Portalegre,district,Crato,municipality
Portugal,Portalegre,district,Elvas,municipality
Portugal,Portalegre,district,Fronteira,municipality
Portugal,Portalegre,district,Gavião,municipality
Portugal,Portalegre,district,Marvão,municipality
Portugal,Portalegre,district,Monforte,municipality
Portugal,Portalegre,district,Nisa,municipality
Portugal,Portalegre,district,Ponte de Sôr,municipality
Portugal,Portalegre,district,Portalegre,municipality
Portugal,Portalegre,district,Sousel,municipality
Portugal,Porto,district,Amarante,municipality
Portugal,Porto,district,Baião,municipality
Portugal,Porto,district,Felgueiras,municipality
Portugal,Porto,district,Gondomar,municipality
Portugal,Porto,district,Lousada,municipality
Portugal,Porto,district,Maia,municipality
Portugal,Porto,district,Marco de Canaveses,municipality
Portugal,Porto,district,Matosinhos,municipality
Portugal,Porto,district,Paredes,municipality
Portugal,Porto,district,Paços de Ferreira,municipality
Portugal,Porto,district,Penafiel,municipality
Portugal,Porto,district,Porto,municipality
Portugal,Porto,district,Póvoa de Varzim,municipality
Portugal,Porto,district,Santo Tirso,municipality
Portugal,Porto,district,Trofa,municipality
Portugal,Porto,district,Valongo,municipality
Portugal,Porto,district,Vila Nova de Gaia,municipality
Portugal,Porto,district,Vila do Conde,municipality
Portugal,Santarém,district,Abrantes,municipality
Portugal,Santarém,district,Alcanena,municipality
Portugal,Santarém,district,Almeirim,municipality
Portugal,Santarém,district,Alpiarça,municipality
Portugal,Santarém,district,Benavente,municipality
Portugal,Santarém,district,Cartaxo,municipality
Portugal,Santarém,district,Chamusca,municipality
Portugal,Santarém,district,Constância,municipality
Portugal,Santarém,district,Coruche,municipality
Portugal,Santarém,district,Entroncamento,municipality
Portugal,Santarém,district,Ferreira do Zêzere,municipality
Portugal,Santarém,district,Golegã,municipality
Portugal,Santarém,district,Mação,municipality
Portugal,Santarém,district,Ourém,municipality
Portugal,Santarém,district,Rio Maior,municipality
Portugal,Santarém,district,Salvaterra de Magos,municipality
Portugal,Santarém,district,Santarém,municipality
Portugal,Santarém,district,Sardoal,municipality
Portugal,Santarém,district,Tomar,municipality
Portugal,Santarém,district,Torres Novas,municipality
Portugal,Santarém,district,Vila Nova da Barquinha,municipality
Portugal,Setúbal,district,Alcochete,municipality
Portugal,Setúbal,district,Alcácer do Sal,municipality
Portugal,Setúbal,district,Almada,municipality
Portugal,Setúbal,district,Barreiro,municipality
Portugal,Setúbal,district,Grândola,municipality
Portugal,Setúbal,district,Moita,municipality
Portugal,Setúbal,district,Montijo,municipality
Portugal,Setúbal,district,Palmela,municipality
Portugal,Setúbal,district,Santiago do Cacém,municipality
Portugal,Setúbal,district,Seixal,municipality
Portugal,Setúbal,district,Sesimbra,municipality
Portugal,Setúbal,district,Setúbal,municipality
Portugal,Setúbal,district,Sines,municipality
Portugal,Viana do Castelo,district,Arcos de Valdevez,municipality
Portugal,Viana do Castelo,district,Caminha,municipality
Portugal,Viana do Castelo,district,Melgaço,municipality
Portugal,Viana do Castelo,district,Monção,municipality
Portugal,Viana do Castelo,district,Paredes de Coura,municipality
Portugal,Viana do Castelo,district,Ponte da Barca,municipality
Portugal,Viana do Castelo,district,Ponte de Lima,municipality
Portugal,Viana do Castelo,district,Valença,municipality
Portugal,Viana do Castelo,district,Viana do Castelo,municipality
Portugal,Viana do Castelo,district,Vila Nova de Cerveira,municipality
Portugal,Vila Real,district,Alijó,municipality
Portugal,Vila Real,district,Boticas,municipality
Portugal,Vila Real,district,Chaves,municipality
Portugal,Vila Real,district,Mesão Frio,municipality
Portugal,Vila Real,district,Mondim de Basto,municipality
Portugal,Vila Real,district,Montalegre,municipality
Portugal,Vila Real,district,Murça,municipality
Portugal,Vila Real,district,Peso da Régua,municipality
Portugal,Vila Real,district,Ribeira de Pena,municipality
Portugal,Vila Real,district,Sabrosa,municipality
Portugal,Vila Real,district,Santa Marta de Penaguião,municipality
Portugal,Vila Real,district,Valpaços,municipality
Portugal,Vila Real,district,Vila Pouca de Aguiar,municipality
Portugal,Vila Real,district,Vila Real,municipality
Portugal,Viseu,district,Armamar,municipality
Portugal,Viseu,district,Carregal do Sal,municipality
Portugal,Viseu,district,Castro Daire,municipality
Portugal,Viseu,district,Cinfães,municipality
Portugal,Viseu,district,Lamego,municipality
Portugal,Viseu,district,Mangualde,municipality
Portugal,Viseu,district,Moimenta da Beira,municipality
Portugal,Viseu,district,Mortágua,municipality
Portugal,Viseu,district,Nelas,municipality
Portugal,Viseu,district,Oliveira de Frades,municipality
Portugal,Viseu,district,Penalva do Castelo,municipality
Portugal,Viseu,district,Penedono,municipality
Portugal,Viseu,district,Resende,municipality
Portugal,Viseu,district,Santa Comba Dão,municipality
Portugal,Viseu,district,Sernancelhe,municipality
Portugal,Viseu,district,Sátão,municipality
Portugal,Viseu,district,São João da Pesqueira,municipality
Portugal,Viseu,district,São Pedro do Sul,municipality
Portugal,Viseu,district,Tabuaço,municipality
Portugal,Viseu,district,Tarouca,municipality
Portugal,Viseu,district,Tondela,municipality
Portugal,Viseu,district,Vila Nova de Paiva,municipality
Portugal,Viseu,district,Viseu,municipality
Portugal,Viseu,district,Vouzela,municipality
Portugal,Évora,district,Alandroal,municipality
Portugal,Évora,district,Arraiolos,municipality
Portugal,Évora,district,Borba,municipality
Portugal,Évora,district,Estremoz,municipality
Portugal,Évora,district,Montemor-o-Novo,municipality
Portugal,Évora,district,Mora,municipality
Portugal,Évora,district,Mourão,municipality
Portugal,Évora,district,Portel,municipality
Portugal,Évora,district,Redondo,municipality
Portugal,Évora,district,Reguengos de Monsaraz,municipality
Portugal,Évora,district,Ven das Novas,municipality
Portugal,Évora,district,Viana do Alentejo,municipality
Portugal,Évora,district,Vila Viçosa,municipality
Portugal,Évora,district,Évora,municipality
Poland,Greater Poland,voivodeship,Chodzież,county
Poland,Greater Poland,voivodeship,Czarnków-Trzcianka,county
Poland,Greater Poland,voivodeship,Gniezno,county
Poland,Greater Poland,voivodeship,Gostyń,county
Poland,Greater Poland,voivodeship,Grodzisk Wielkopolski,county
Poland,Greater Poland,voivodeship,Jarocin,county
Poland,Greater Poland,voivodeship,Kalisz,city-county
Poland,Greater Poland,voivodeship,Kalisz,county
Poland,Greater Poland,voivodeship,Konin,city-county
Poland,Greater Poland,voivodeship,Konin,county
Poland,Greater Poland,voivodeship,Koło,county
Poland,Greater Poland,voivodeship,Kościan,county
Poland,Greater Poland,voivodeship,Krotoszyn,county
Poland,Greater Poland,voivodeship,Kępno,county
Poland,Greater Poland,voivodeship,Leszno,city-county
Poland,Greater Poland,voivodeship,Leszno,county
Poland,Greater Poland,voivodeship,Międzychód,county
Poland,Greater Poland,voivodeship,Nowy Tomyśl,county
Poland,Greater Poland,voivodeship,Oborniki,county
Poland,Greater Poland,voivodeship,Ostrzeszów,county
Poland,Greater Poland,voivodeship,Ostrów Wielkopolski,county
Poland,Greater Poland,voivodeship,Piła,county
Poland,Greater Poland,voivodeship,Pleszew,county
Poland,Greater Poland,voivodeship,Poznań,city-county
Poland,Greater Poland,voivodeship,Poznań,county
Poland,Greater Poland,voivodeship,Rawicz,county
Poland,Greater Poland,voivodeship,Szamotuły,county
Poland,Greater Poland,voivodeship,Słupca,county
Poland,Greater Poland,voivodeship,Turek,county
Poland,Greater Poland,voivodeship,Wolsztyn,county
Poland,Greater Poland,voivodeship,Września,county
Poland,Greater Poland,voivodeship,Wągrowiec,county
Poland,Greater Poland,voivodeship,Złotów,county
Poland,Greater Poland,voivodeship,Śrem,county
Poland,Greater Poland,voivodeship,Środa Wielkopolska,county
Poland,Holy Cross,voivodeship,Busko,county
Poland,Holy Cross,voivodeship,Jędrzejów,county
Poland,Holy Cross,voivodeship,Kazimierza,county
Poland,Holy Cross,voivodeship,Kielce,city-county
Poland,Holy Cross,voivodeship,Kielce,county
Poland,Holy Cross,voivodeship,Końskie,county
Poland,Holy Cross,voivodeship,Opatów,county
Poland,Holy Cross,voivodeship,Ostrowiec,county
Poland,Holy Cross,voivodeship,Pińczów,county
Poland,Holy Cross,voivodeship,Sandomierz,county
Poland,Holy Cross,voivodeship,Skarżysko,county
Poland,Holy Cross,voivodeship,Starachowice,county
Poland,Holy Cross,voivodeship,Staszów,county
Poland,Holy Cross,voivodeship,Włoszczowa,county
Poland,Kuyavian-Pomeranian,voivodeship,Aleksandrów,county
Poland,Kuyavian-Pomeranian,voivodeship,Brodnica,county
Poland,Kuyavian-Pomeranian,voivodeship,Bydgoszcz,city-county
Poland,Kuyavian-Pomeranian,voivodeship,Bydgoszcz,county
Poland,Kuyavian-Pomeranian,voivodeship,Chełmno,county
Poland,Kuyavian-Pomeranian,voivodeship,Golub-Dobrzyń,county
Poland,Kuyavian-Pomeranian,voivodeship,Grudziądz,city-county
Poland,Kuyavian-Pomeranian,voivodeship,Grudziądz,county
Poland,Kuyavian-Pomeranian,voivodeship,Inowrocław,county
Poland,Kuyavian-Pomeranian,voivodeship,Lipno,county
Poland,Kuyavian-Pomeranian,voivodeship,Mogilno,county
Poland,Kuyavian-Pomeranian,voivodeship,Nakło,county
Poland,Kuyavian-Pomeranian,voivodeship,Radziejów,county
Poland,Kuyavian-Pomeranian,voivodeship,Rypin,county
Poland,Kuyavian-Pomeranian,voivodeship,Sępólno,county
Poland,Kuyavian-Pomeranian,voivodeship,Toruń,city-county
Poland,Kuyavian-Pomeranian,voivodeship,Toruń,county
Poland,Kuyavian-Pomeranian,voivodeship,Tuchola,county
Poland,Kuyavian-Pomeranian,voivodeship,Wąbrzeźno,county
Poland,Kuyavian-Pomeranian,voivodeship,Włocławek,city-county
Poland,Kuyavian-Pomeranian,voivodeship,Włocławek,county
Poland,Kuyavian-Pomeranian,voivodeship,Świecie,county
Poland,Kuyavian-Pomeranian,voivodeship,Żnin,county
Poland,Lesser Poland,voivodeship,Bochnia,county
Poland,Lesser Poland,voivodeship,Brzesko,county
Poland,Lesser Poland,voivodeship,Chrzanów,county
Poland,Lesser Poland,voivodeship,Dąbrowa,county
Poland,Lesser Poland,voivodeship,Gorlice,county
Poland,Lesser Poland,voivodeship,Kraków,city-county
Poland,Lesser Poland,voivodeship,Kraków,county
Poland,Lesser Poland,voivodeship,Limanowa,county
Poland,Lesser Poland,voivodeship,Miechów,county
Poland,Lesser Poland,voivodeship,Myślenice,county
Poland,Lesser Poland,voivodeship,Nowy Sącz,city-county
Poland,Lesser Poland,voivodeship,Nowy Sącz,county
Poland,Lesser Poland,voivodeship,Nowy Targ,county
Poland,Lesser Poland,voivodeship,Olkusz,county
Poland,Lesser Poland,voivodeship,Oświęcim,county
Poland,Lesser Poland,voivodeship,Proszowice,county
Poland,Lesser Poland,voivodeship,Sucha,county
Poland,Lesser Poland,voivodeship,Tarnów,city-county
Poland,Lesser Poland,voivodeship,Tarnów,county
Poland,Lesser Poland,voivodeship,Tatra,county
Poland,Lesser Poland,voivodeship,Wadowice,county
Poland,Lesser Poland,voivodeship,Wieliczka,county
Poland,Lower Silesian,voivodeship,Bolesławiec,county
Poland,Lower Silesian,voivodeship,Dzierżoniów,county
Poland,Lower Silesian,voivodeship,Góra,county
Poland,Lower Silesian,voivodeship,Głogów,county
Poland,Lower Silesian,voivodeship,Jawor,county
Poland,Lower Silesian,voivodeship,Jelenia Góra,city-county
Poland,Lower Silesian,voivodeship,Kamienna Góra,county
Poland,Lower Silesian,voivodeship,Karkonosze,county
Poland,Lower Silesian,voivodeship,Kłodzko,county
Poland,Lower Silesian,voivodeship,Legnica,city-county
Poland,Lower Silesian,voivodeship,Legnica,county
Poland,Lower Silesian,voivodeship,Lubań,county
Poland,Lower Silesian,voivodeship,Lubiń,county
Poland,Lower Silesian,voivodeship,Lwówek Śląski,county
Poland,Lower Silesian,voivodeship,Milicz,county
Poland,Lower Silesian,voivodeship,Oleśnica,county
Poland,Lower Silesian,voivodeship,Oława,county
Poland,Lower Silesian,voivodeship,Polkowice,county
Poland,Lower Silesian,voivodeship,Strzelin,county
Poland,Lower Silesian,voivodeship,Trzebnica,county
Poland,Lower Silesian,voivodeship,Wałbrzych,city-county
Poland,Lower Silesian,voivodeship,Wałbrzych,county
Poland,Lower Silesian,voivodeship,Wołów,county
Poland,Lower Silesian,voivodeship,Wrocław,city-county
Poland,Lower Silesian,voivodeship,Wrocław,county
Poland,Lower Silesian,voivodeship,Zgorzelec,county
Poland,Lower Silesian,voivodeship,Ząbkowice Śląskie,county
Poland,Lower Silesian,voivodeship,Złotoryja,county
Poland,Lower Silesian,voivodeship,Środa Śląska,county
Poland,Lower Silesian,voivodeship,Świdnica,county
Poland,Lublin,voivodeship,Biała Podlaska,city-county
Poland,Lublin,voivodeship,Biała Podlaska,county
Poland,Lublin,voivodeship,Biłgoraj,county
Poland,Lublin,voivodeship,Chełm,city-county
Poland,Lublin,voivodeship,Chełm,county
Poland,Lublin,voivodeship,Hrubieszów,county
Poland,Lublin,voivodeship,Janów Lubelski,county
Poland,Lublin,voivodeship,Krasnystaw,county
Poland,Lublin,voivodeship,Kraśnik,county
Poland,Lublin,voivodeship,Lubartów,county
Poland,Lublin,voivodeship,Lublin,city-county
Poland,Lublin,voivodeship,Lublin,county
Poland,Lublin,voivodeship,Opole Lubelskie,county
Poland,Lublin,voivodeship,Parczew,county
Poland,Lublin,voivodeship,Puławy,county
Poland,Lublin,voivodeship,Radzyń Podlaski,county
Poland,Lublin,voivodeship,Ryki,county
Poland,Lublin,voivodeship,Tomaszów Lubelski,county
Poland,Lublin,voivodeship,Włodawa,county
Poland,Lublin,voivodeship,Zamość,city-county
Poland,Lublin,voivodeship,Zamość,county
Poland,Lublin,voivodeship,Łuków,county
Poland,Lublin,voivodeship,Łęczna,county
Poland,Lublin,voivodeship,Świdnik,county
Poland,Lubusz,voivodeship,Gorzów,county
Poland,Lubusz,voivodeship,Gorzów Wielkopolski,city-county
Poland,Lubusz,voivodeship,Krosno Odrzańskie,county
Poland,Lubusz,voivodeship,Międzyrzecz,county
Poland,Lubusz,voivodeship,Nowa Sól,county
Poland,Lubusz,voivodeship,Strzelce-Drezdenko,county
Poland,Lubusz,voivodeship,Sulęcin,county
Poland,Lubusz,voivodeship,Słubice,county
Poland,Lubusz,voivodeship,Wschowa,county
Poland,Lubusz,voivodeship,Zielona Góra,city-county
Poland,Lubusz,voivodeship,Zielona Góra,county
Poland,Lubusz,voivodeship,Świebodzin,county
Poland,Lubusz,voivodeship,Żagań,county
Poland,Lubusz,voivodeship,Żary,county
Poland,Masovian,voivodeship,Białobrzegi,county
Poland,Masovian,voivodeship,Ciechanów,county
Poland,Masovian,voivodeship,Garwolin,county
Poland,Masovian,voivodeship,Gostynin,county
Poland,Masovian,voivodeship,Grodzisk Mazowiecki,county
Poland,Masovian,voivodeship,Grójec,county
Poland,Masovian,voivodeship,Kozienice,county
Poland,Masovian,voivodeship,Legionowo,county
Poland,Masovian,voivodeship,Lipsko,county
Poland,Masovian,voivodeship,Maków,county
Poland,Masovian,voivodeship,Mińsk,county
Poland,Masovian,voivodeship,Mława,county
Poland,Masovian,voivodeship,Nowy Dwór Mazowiecki,county
Poland,Masovian,voivodeship,Ostrołęka,city-county
Poland,Masovian,voivodeship,Ostrołęka,county
Poland,Masovian,voivodeship,Ostrów Mazowiecka,county
Poland,Masovian,voivodeship,Otwock,county
Poland,Masovian,voivodeship,Piaseczno,county
Poland,Masovian,voivodeship,Pruszków,county
Poland,Masovian,voivodeship,Przasnysz,county
Poland,Masovian,voivodeship,Przysucha,county
Poland,Masovian,voivodeship,Pułtusk,county
Poland,Masovian,voivodeship,Płock,city-county
Poland,Masovian,voivodeship,Płock,county
Poland,Masovian,voivodeship,Płońsk,county
Poland,Masovian,voivodeship,Radom,city-county
Poland,Masovian,voivodeship,Radom,county
Poland,Masovian,voivodeship,Siedlce,city-county
Poland,Masovian,voivodeship,Siedlce,county
Poland,Masovian,voivodeship,Sierpc,county
Poland,Masovian,voivodeship,Sochaczew,county
Poland,Masovian,voivodeship,Sokołów,county
Poland,Masovian,voivodeship,Szydłowiec,county
Poland,Masovian,voivodeship,Warszaw Zachodni,county
Poland,Masovian,voivodeship,Warszawa,city-county
Poland,Masovian,voivodeship,Wołomin,county
Poland,Masovian,voivodeship,Wyszków,county
Poland,Masovian,voivodeship,Węgrów,county
Poland,Masovian,voivodeship,Zwoleń,county
Poland,Masovian,voivodeship,Łosice,county
Poland,Masovian,voivodeship,Żuromin,county
Poland,Masovian,voivodeship,Żyrardów,county
Poland,Opole,voivodeship,Brzeg,county
Poland,Opole,voivodeship,Głubczyce,county
Poland,Opole,voivodeship,Kluczbork,county
Poland,Opole,voivodeship,Krapkowice,county
Poland,Opole,voivodeship,Kędzierzyn-Koźle,county
Poland,Opole,voivodeship,Namysłów,county
Poland,Opole,voivodeship,Nysa,county
Poland,Opole,voivodeship,Olesno,county
Poland,Opole,voivodeship,Opole,city-county
Poland,Opole,voivodeship,Opole,county
Poland,Opole,voivodeship,Prudnik,county
Poland,Opole,voivodeship,Strzelce,county
Poland,Podlaskie,voivodeship,Augustów,county
Poland,Podlaskie,voivodeship,Białystok,city-county
Poland,Podlaskie,voivodeship,Białystok,county
Poland,Podlaskie,voivodeship,Bielsk,county
Poland,Podlaskie,voivodeship,Grajewo,county
Poland,Podlaskie,voivodeship,Hajnówka,county
Poland,Podlaskie,voivodeship,Kolno,county
Poland,Podlaskie,voivodeship,Mońki,county
Poland,Podlaskie,voivodeship,Sejny,county
Poland,Podlaskie,voivodeship,Siemiatycze,county
Poland,Podlaskie,voivodeship,Sokółka,county
Poland,Podlaskie,voivodeship,Suwałki,city-county
Poland,Podlaskie,voivodeship,Suwałki,county
Poland,Podlaskie,voivodeship,Wysokie Mazowieckie,county
Poland,Podlaskie,voivodeship,Zambrów,county
Poland,Podlaskie,voivodeship,Łomża,city-county
Poland,Podlaskie,voivodeship,Łomża,county
Poland,Pomeranian,voivodeship,Bytów,county
Poland,Pomeranian,voivodeship,Chojnice,county
Poland,Pomeranian,voivodeship,Człuchów,county
Poland,Pomeranian,voivodeship,Gdańsk,city-county
Poland,Pomeranian,voivodeship,Gdańsk,county
Poland,Pomeranian,voivodeship,Gdynia,city-county
Poland,Pomeranian,voivodeship,Kartuzy,county
Poland,Pomeranian,voivodeship,Kościerzyna,county
Poland,Pomeranian,voivodeship,Kwidzyn,county
Poland,Pomeranian,voivodeship,Lębork,county
Poland,Pomeranian,voivodeship,Malbork,county
Poland,Pomeranian,voivodeship,Nowy Dwór Gdański,county
Poland,Pomeranian,voivodeship,Puck,county
Poland,Pomeranian,voivodeship,Sopot,city-county
Poland,Pomeranian,voivodeship,Starogard,county
Poland,Pomeranian,voivodeship,Sztum,county
Poland,Pomeranian,voivodeship,Słupsk,city-county
Poland,Pomeranian,voivodeship,Słupsk,county
Poland,Pomeranian,voivodeship,Tczew,county
Poland,Pomeranian,voivodeship,Wejherowo,county
Poland,Silesian,voivodeship,Bielsko,county
Poland,Silesian,voivodeship,Bielsko-Biała,city-county
Poland,Silesian,voivodeship,Bieruń-Lędziny,county
Poland,Silesian,voivodeship,Bytom,city-county
Poland,Silesian,voivodeship,Będzin,county
Poland,Silesian,voivodeship,Chorzów,city-county
Poland,Silesian,voivodeship,Cieszyn,county
Poland,Silesian,voivodeship,Częstochowa,city-county
Poland,Silesian,voivodeship,Częstochowa,county
Poland,Silesian,voivodeship,Dąbrowa Górnicza,city-county
Poland,Silesian,voivodeship,Gliwice,city-county
Poland,Silesian,voivodeship,Gliwice,county
Poland,Silesian,voivodeship,Jastrzębie-Zdrój,city-county
Poland,Silesian,voivodeship,Jaworzno,city-county
Poland,Silesian,voivodeship,Katowice,city-county
Poland,Silesian,voivodeship,Kłobuck,county
Poland,Silesian,voivodeship,Lubliniec,county
Poland,Silesian,voivodeship,Mikołów,county
Poland,Silesian,voivodeship,Myszków,county
Poland,Silesian,voivodeship,Mysłowice,city-county
Poland,Silesian,voivodeship,Piekary Śląskie,city-county
Poland,Silesian,voivodeship,Pszczyna,county
Poland,Silesian,voivodeship,Racibórz,county
Poland,Silesian,voivodeship,Ruda Śląska,city-county
Poland,Silesian,voivodeship,Rybnik,city-county
Poland,Silesian,voivodeship,Rybnik,county
Poland,Silesian,voivodeship,Siemianowice Śląskie,city-county
Poland,Silesian,voivodeship,Sosnowiec,city-county
Poland,Silesian,voivodeship,Tarnowskie Góry,county
Poland,Silesian,voivodeship,Tychy,city-county
Poland,Silesian,voivodeship,Wodzisław,county
Poland,Silesian,voivodeship,Zabrze,city-county
Poland,Silesian,voivodeship,Zawiercie,county
Poland,Silesian,voivodeship,Świętochłowice,city-county
Poland,Silesian,voivodeship,Żory,city-county
Poland,Silesian,voivodeship,Żywiec,county
Poland,Subcarpathian,voivodeship,Bieszczady,county
Poland,Subcarpathian,voivodeship,Brzozów,county
Poland,Subcarpathian,voivodeship,Dębica,county
Poland,Subcarpathian,voivodeship,Jarosław,county
Poland,Subcarpathian,voivodeship,Jasło,county
Poland,Subcarpathian,voivodeship,Kolbuszowa,county
Poland,Subcarpathian,voivodeship,Krosno,city-county
Poland,Subcarpathian,voivodeship,Krosno,county
Poland,Subcarpathian,voivodeship,Lesko,county
Poland,Subcarpathian,voivodeship,Leżajsk,county
Poland,Subcarpathian,voivodeship,Lubaczów,county
Poland,Subcarpathian,voivodeship,Mielec,county
Poland,Subcarpathian,voivodeship,Nisko,county
Poland,Subcarpathian,voivodeship,Przemyśl,city-county
Poland,Subcarpathian,voivodeship,Przemyśl,county
Poland,Subcarpathian,voivodeship,Przeworsk,county
Poland,Subcarpathian,voivodeship,Ropczyce-Sędziszów,county
Poland,Subcarpathian,voivodeship,Rzeszów,city-county
Poland,Subcarpathian,voivodeship,Rzeszów,county
Poland,Subcarpathian,voivodeship,Sanok,county
Poland,Subcarpathian,voivodeship,Stalowa Wola,county
Poland,Subcarpathian,voivodeship,Strzyżów,county
Poland,Subcarpathian,voivodeship,Tarnobrzeg,city-county
Poland,Subcarpathian,voivodeship,Tarnobrzeg,county
Poland,Subcarpathian,voivodeship,Łańcut,county
Poland,Warmian-Masurian,voivodeship,Bartoszyce,county
Poland,Warmian-Masurian,voivodeship,Braniewo,county
Poland,Warmian-Masurian,voivodeship,Działdowo,county
Poland,Warmian-Masurian,voivodeship,Elbląg,city-county
Poland,Warmian-Masurian,voivodeship,Elbląg,county
Poland,Warmian-Masurian,voivodeship,Ełk,county
Poland,Warmian-Masurian,voivodeship,Giżycko,county
Poland,Warmian-Masurian,voivodeship,Gołdap,county
Poland,Warmian-Masurian,voivodeship,Iława,county
Poland,Warmian-Masurian,voivodeship,Kętrzyn,county
Poland,Warmian-Masurian,voivodeship,Lidzbark,county
Poland,Warmian-Masurian,voivodeship,Mrągowo,county
Poland,Warmian-Masurian,voivodeship,Nidzica,county
Poland,Warmian-Masurian,voivodeship,Nowe Miasto,county
Poland,Warmian-Masurian,voivodeship,Olecko,county
Poland,Warmian-Masurian,voivodeship,Olsztyn,city-county
Poland,Warmian-Masurian,voivodeship,Olsztyn,county
Poland,Warmian-Masurian,voivodeship,Ostróda,county
Poland,Warmian-Masurian,voivodeship,Pisz,county
Poland,Warmian-Masurian,voivodeship,Szczytno,county
Poland,Warmian-Masurian,voivodeship,Węgorzewo,county
Poland,West Pomeranian,voivodeship,Białogard,county
Poland,West Pomeranian,voivodeship,Choszczno,county
Poland,West Pomeranian,voivodeship,Drawsko,county
Poland,West Pomeranian,voivodeship,Goleniów,county
Poland,West Pomeranian,voivodeship,Gryfice,county
Poland,West Pomeranian,voivodeship,Gryfino,county
Poland,West Pomeranian,voivodeship,Kamień,county
Poland,West Pomeranian,voivodeship,Koszalin,city-county
Poland,West Pomeranian,voivodeship,Koszalin,county
Poland,West Pomeranian,voivodeship,Kołobrzeg,county
Poland,West Pomeranian,voivodeship,Myślibórz,county
Poland,West Pomeranian,voivodeship,Police,county
Poland,West Pomeranian,voivodeship,Pyrzyce,county
Poland,West Pomeranian,voivodeship,Stargard,county
Poland,West Pomeranian,voivodeship,Szczecin,city-county
Poland,West Pomeranian,voivodeship,Szczecinek,county
Poland,West Pomeranian,voivodeship,Sławno,county
Poland,West Pomeranian,voivodeship,Wałcz,county
Poland,West Pomeranian,voivodeship,Łobez,county
Poland,West Pomeranian,voivodeship,Świdwin,county
Poland,West Pomeranian,voivodeship,Świnoujście,city-county
Poland,Łódź,voivodeship,Bełchatów,county
Poland,Łódź,voivodeship,Brzeziny,county
Poland,Łódź,voivodeship,Kutno,county
Poland,Łódź,voivodeship,Opoczno,county
Poland,Łódź,voivodeship,Pabianice,county
Poland,Łódź,voivodeship,Pajęczno,county
Poland,Łódź,voivodeship,Piotrków,county
Poland,Łódź,voivodeship,Piotrków Trybunalski,city-county
Poland,Łódź,voivodeship,Poddębice,county
Poland,Łódź,voivodeship,Radomsko,county
Poland,Łódź,voivodeship,Rawa,county
Poland,Łódź,voivodeship,Sieradz,county
Poland,Łódź,voivodeship,Skierniewice,city-county
Poland,Łódź,voivodeship,Skierniewice,county
Poland,Łódź,voivodeship,Tomaszów Mazowiecki,county
Poland,Łódź,voivodeship,Wieluń,county
Poland,Łódź,voivodeship,Wieruszów,county
Poland,Łódź,voivodeship,Zduńska Wola,county
Poland,Łódź,voivodeship,Zgierz,county
Poland,Łódź,voivodeship,Łask,county
Poland,Łódź,voivodeship,Łowicz,county
Poland,Łódź,voivodeship,Łódzki Wschodni,county
Poland,Łódź,voivodeship,Łódź,city-county
Poland,Łódź,voivodeship,Łęczyca,county
Norway,Agder,county,Arendal,municipality
Norway,Agder,county,Birkenes,municipality
Norway,Agder,county,Bygland,municipality
Norway,Agder,county,Bykle,municipality
Norway,Agder,county,Evje og Hornnes,municipality
Norway,Agder,county,Farsund,municipality
Norway,Agder,county,Flekkefjord,municipality
Norway,Agder,county,Froland,municipality
Norway,Agder,county,Gjerstad,municipality
Norway,Agder,county,Grimstad,municipality
Norway,Agder,county,Hægebostad,municipality
Norway,Agder,county,Iveland,municipality
Norway,Agder,county,Kristiansand,municipality
Norway,Agder,county,Kvinesdal,municipality
Norway,Agder,county,Lillesand,municipality
Norway,Agder,county,Lindesnes,municipality
Norway,Agder,county,Lyngdal,municipality
Norway,Agder,county,Risør,municipality
Norway,Agder,county,Sirdal,municipality
Norway,Agder,county,Tvedestrand,municipality
Norway,Agder,county,Valle,municipality
Norway,Agder,county,Vegårshei,municipality
Norway,Agder,county,Vennesla,municipality
Norway,Agder,county,Åmli,municipality
Norway,Agder,county,Åseral,municipality
Norway,Akershus,county,Asker,municipality
Norway,Akershus,county,Aurskog-Høland,municipality
Norway,Akershus,county,Bærum,municipality
Norway,Akershus,county,Eidsvoll,municipality
Norway,Akershus,county,Enebakk,municipality
Norway,Akershus,county,Frogn,municipality
Norway,Akershus,county,Gjerdrum,municipality
Norway,Akershus,county,Hurdal,municipality
Norway,Akershus,county,Jevnaker,municipality
Norway,Akershus,county,Lillestrøm,municipality
Norway,Akershus,county,Lunner,municipality
Norway,Akershus,county,Lørenskog,municipality
Norway,Akershus,county,Nannestad,municipality
Norway,Akershus,county,Nes,municipality
Norway,Akershus,county,Nesodden,municipality
Norway,Akershus,county,Nittedal,municipality
Norway,Akershus,county,Nordre Follo,municipality
Norway,Akershus,county,Rælingen,municipality
Norway,Akershus,county,Ullensaker,municipality
Norway,Akershus,county,Vestby,municipality
Norway,Akershus,county,Ås,municipality
Norway,Buskerud,county,Drammen,municipality
Norway,Buskerud,county,Flesberg,municipality
Norway,Buskerud,county,Flå,municipality
Norway,Buskerud,county,Gol,municipality
Norway,Buskerud,county,Hemsedal,municipality
Norway,Buskerud,county,Hol,municipality
Norway,Buskerud,county,Hole,municipality
Norway,Buskerud,county,Kongsberg,municipality
Norway,Buskerud,county,Krødsherad,municipality
Norway,Buskerud,county,Lier,municipality
Norway,Buskerud,county,Modum,municipality
Norway,Buskerud,county,Nesbyen,municipality
Norway,Buskerud,county,Nore og Uvdal,municipality
Norway,Buskerud,county,Ringerike,municipality
Norway,Buskerud,county,Rollag,municipality
Norway,Buskerud,county,Sigdal,municipality
Norway,Buskerud,county,Ål,municipality
Norway,Buskerud,county,Øvre Eiker,municipality
Norway,Finnmark,county,Alta,municipality
Norway,Finnmark,county,Berlevåg,municipality
Norway,Finnmark,county,Båtsfjord,municipality
Norway,Finnmark,county,Gamvik,municipality
Norway,Finnmark,county,Hammerfest,municipality
Norway,Finnmark,county,Hasvik,municipality
Norway,Finnmark,county,Karasjok,municipality
Norway,Finnmark,county,Kautokeino,municipality
Norway,Finnmark,county,Lebesby,municipality
Norway,Finnmark,county,Loppa,municipality
Norway,Finnmark,county,Måsøy,municipality
Norway,Finnmark,county,Nesseby,municipality
Norway,Finnmark,county,Nordkapp,municipality
Norway,Finnmark,county,Porsanger,municipality
Norway,Finnmark,county,Sør-Varanger,municipality
Norway,Finnmark,county,Tana,municipality
Norway,Finnmark,county,Vadsø,municipality
Norway,Finnmark,county,Vardø,municipality
Norway,Innlandet,county,Alvdal,municipality
Norway,Innlandet,county,Dovre,municipality
Norway,Innlandet,county,Eidskog,municipality
Norway,Innlandet,county,Elverum,municipality
Norway,Innlandet,county,Engerdal,municipality
Norway,Innlandet,county,Etnedal,municipality
Norway,Innlandet,county,Folldal,municipality
Norway,Innlandet,county,Gausdal,municipality
Norway,Innlandet,county,Gjøvik,municipality
Norway,Innlandet,county,Gran,municipality
Norway,Innlandet,county,Grue,municipality
Norway,Innlandet,county,Hamar,municipality
Norway,Innlandet,county,Kongsvinger,municipality
Norway,Innlandet,county,Lesja,municipality
Norway,Innlandet,county,Lillehammer,municipality
Norway,Innlandet,county,Lom,municipality
Norway,Innlandet,county,Løten,municipality
Norway,Innlandet,county,Nord-Aurdal,municipality
Norway,Innlandet,county,Nord-Fron,municipality
Norway,Innlandet,county,Nord-Odal,municipality
Norway,Innlandet,county,Nordre Land,municipality
Norway,Innlandet,county,Os,municipality
Norway,Innlandet,county,Rendalen,municipality
Norway,Innlandet,county,Ringebu,municipality
Norway,Innlandet,county,Ringsaker,municipality
Norway,Innlandet,county,Sel,municipality
Norway,Innlandet,county,Skjåk,municipality
Norway,Innlandet,county,Stange,municipality
Norway,Innlandet,county,Stor-Elvdal,municipality
Norway,Innlandet,county,Søndre Land,municipality
Norway,Innlandet,county,Sør-Aurdal,municipality
Norway,Innlandet,county,Sør-Fron,municipality
Norway,Innlandet,county,Sør-Odal,municipality
Norway,Innlandet,county,Tolga,municipality
Norway,Innlandet,county,Trysil,municipality
Norway,Innlandet,county,Tynset,municipality
Norway,Innlandet,county,Vang,municipality
Norway,Innlandet,county,Vestre Slidre,municipality
Norway,Innlandet,county,Vestre Toten,municipality
Norway,Innlandet,county,Vågå,municipality
Norway,Innlandet,county,Våler,municipality
Norway,Innlandet,county,Åmot,municipality
Norway,Innlandet,county,Åsnes,municipality
Norway,Innlandet,county,Østre Toten,municipality
Norway,Innlandet,county,Øyer,municipality
Norway,Innlandet,county,Øystre Slidre,municipality
Norway,Møre og Romsdal,county,Aukra,municipality
Norway,Møre og Romsdal,county,Aure,municipality
Norway,Møre og Romsdal,county,Averøy,municipality
Norway,Møre og Romsdal,county,Fjord,municipality
Norway,Møre og Romsdal,county,Giske,municipality
Norway,Møre og Romsdal,county,Gjemnes,municipality
Norway,Møre og Romsdal,county,Haram,municipality
Norway,Møre og Romsdal,county,Hareid,municipality
Norway,Møre og Romsdal,county,Herøy,municipality
Norway,Møre og Romsdal,county,Hustadvika,municipality
Norway,Møre og Romsdal,county,Kristiansund,municipality
Norway,Møre og Romsdal,county,Molde,municipality
Norway,Møre og Romsdal,county,Rauma,municipality
Norway,Møre og Romsdal,county,Sande,municipality
Norway,Møre og Romsdal,county,Smøla,municipality
Norway,Møre og Romsdal,county,Stranda,municipality
Norway,Møre og Romsdal,county,Sula,municipality
Norway,Møre og Romsdal,county,Sunndal,municipality
Norway,Møre og Romsdal,county,Surnadal,municipality
Norway,Møre og Romsdal,county,Sykkylven,municipality
Norway,Møre og Romsdal,county,Tingvoll,municipality
Norway,Møre og Romsdal,county,Ulstein,municipality
Norway,Møre og Romsdal,county,Vanylven,municipality
Norway,Møre og Romsdal,county,Vestnes,municipality
Norway,Møre og Romsdal,county,Volda,municipality
Norway,Møre og Romsdal,county,Ålesund,municipality
Norway,Møre og Romsdal,county,Ørsta,municipality
Norway,Nordland,county,Alstahaug,municipality
Norway,Nordland,county,Andøy,municipality
Norway,Nordland,county,Beiarn,municipality
Norway,Nordland,county,Bindal,municipality
Norway,Nordland,county,Bodø,municipality
Norway,Nordland,county,Brønnøy,municipality
Norway,Nordland,county,Bø,municipality
Norway,Nordland,county,Dønna,municipality
Norway,Nordland,county,Evenes,municipality
Norway,Nordland,county,Fauske,municipality
Norway,Nordland,county,Flakstad,municipality
Norway,Nordland,county,Gildeskål,municipality
Norway,Nordland,county,Grane,municipality
Norway,Nordland,county,Hadsel,municipality
Norway,Nordland,county,Hamarøy,municipality
Norway,Nordland,county,Hattfjelldal,municipality
Norway,Nordland,county,Hemnes,municipality
Norway,Nordland,county,Herøy,municipality
Norway,Nordland,county,Leirfjord,municipality
Norway,Nordland,county,Lurøy,municipality
Norway,Nordland,county,Lødingen,municipality
Norway,Nordland,county,Meløy,municipality
Norway,Nordland,county,Moskenes,municipality
Norway,Nordland,county,Narvik,municipality
Norway,Nordland,county,Nesna,municipality
Norway,Nordland,county,Rana,municipality
Norway,Nordland,county,Rødøy,municipality
Norway,Nordland,county,Røst,municipality
Norway,Nordland,county,Saltdal,municipality
Norway,Nordland,county,Sortland,municipality
Norway,Nordland,county,Steigen,municipality
Norway,Nordland,county,Sømna,municipality
Norway,Nordland,county,Sørfold,municipality
Norway,Nordland,county,Træna,municipality
Norway,Nordland,county,Vefsn,municipality
Norway,Nordland,county,Vega,municipality
Norway,Nordland,county,Vestvågøy,municipality
Norway,Nordland,county,Vevelstad,municipality
Norway,Nordland,county,Vågan,municipality
Norway,Nordland,county,Værøy,municipality
Norway,Nordland,county,Øksnes,municipality
Norway,Oslo,county,Oslo,municipality
Norway,Rogaland,county,Bjerkreim,municipality
Norway,Rogaland,county,Bokn,municipality
Norway,Rogaland,county,Eigersund,municipality
Norway,Rogaland,county,Gjesdal,municipality
Norway,Rogaland,county,Haugesund,municipality
Norway,Rogaland,county,Hjelmeland,municipality
Norway,Rogaland,county,Hå,municipality
Norway,Rogaland,county,Karmøy,municipality
Norway,Rogaland,county,Klepp,municipality
Norway,Rogaland,county,Lund,municipality
Norway,Rogaland,county,Randaberg,municipality
Norway,Rogaland,county,Sandnes,municipality
Norway,Rogaland,county,Sauda,municipality
Norway,Rogaland,county,Sokndal,municipality
Norway,Rogaland,county,Sola,municipality
Norway,Rogaland,county,Stavanger,municipality
Norway,Rogaland,county,Strand,municipality
Norway,Rogaland,county,Suldal,municipality
Norway,Rogaland,county,Time,municipality
Norway,Rogaland,county,Tysvær,municipality
Norway,Rogaland,county,Utsira,municipality
Norway,Rogaland,county,Vindafjord,municipality
Norway,Telemark,county,Bamble,municipality
Norway,Telemark,county,Drangedal,municipality
Norway,Telemark,county,Fyresdal,municipality
Norway,Telemark,county,Hjartdal,municipality
Norway,Telemark,county,Kragerø,municipality
Norway,Telemark,county,Kviteseid,municipality
Norway,Telemark,county,Midt-Telemark,municipality
Norway,Telemark,county,Nissedal,municipality
Norway,Telemark,county,Nome,municipality
Norway,Telemark,county,Notodden,municipality
Norway,Telemark,county,Porsgrunn,municipality
Norway,Telemark,county,Seljord,municipality
Norway,Telemark,county,Siljan,municipality
Norway,Telemark,county,Skien,municipality
Norway,Telemark,county,Tinn,municipality
Norway,Telemark,county,Tokke,municipality
Norway,Telemark,county,Vinje,municipality
Norway,Troms,county,Balsfjord,municipality
Norway,Troms,county,Bardu,municipality
Norway,Troms,county,Dyrøy,municipality
Norway,Troms,county,Gratangen,municipality
Norway,Troms,county,Harstad,municipality
Norway,Troms,county,Ibestad,municipality
Norway,Troms,county,Karlsøy,municipality
Norway,Troms,county,Kvæfjord,municipality
Norway,Troms,county,Kvænangen,municipality
Norway,Troms,county,Kåfjord,municipality
Norway,Troms,county,Lavangen,municipality
Norway,Troms,county,Lyngen,municipality
Norway,Troms,county,Målselv,municipality
Norway,Troms,county,Nordreisa,municipality
Norway,Troms,county,Salangen,municipality
Norway,Troms,county,Senja,municipality
Norway,Troms,county,Skjervøy,municipality
Norway,Troms,county,Storfjord,municipality
Norway,Troms,county,Sørreisa,municipality
Norway,Troms,county,Tjeldsund,municipality
Norway,Troms,county,Tromsø,municipality
Norway,Trøndelag,county,Flatanger,municipality
Norway,Trøndelag,county,Frosta,municipality
Norway,Trøndelag,county,Frøya,municipality
Norway,Trøndelag,county,Grong,municipality
Norway,Trøndelag,county,Heim,municipality
Norway,Trøndelag,county,Holtålen,municipality
Norway,Trøndelag,county,Høylandet,municipality
Norway,Trøndelag,county,Inderøy,municipality
Norway,Trøndelag,county,Indre Fosen,municipality
Norway,Trøndelag,county,Leka,municipality
Norway,Trøndelag,county,Levanger,municipality
Norway,Trøndelag,county,Lierne,municipality
Norway,Trøndelag,county,Malvik,municipality
Norway,Trøndelag,county,Melhus,municipality
Norway,Trøndelag,county,Meråker,municipality
Norway,Trøndelag,county,Midtre Gauldal,municipality
Norway,Trøndelag,county,Namsos,municipality
Norway,Trøndelag,county,Namsskogan,municipality
Norway,Trøndelag,county,Nærøysund,municipality
Norway,Trøndelag,county,Oppdal,municipality
Norway,Trøndelag,county,Orkland,municipality
Norway,Trøndelag,county,Osen,municipality
Norway,Trøndelag,county,Overhalla,municipality
Norway,Trøndelag,county,Rennebu,municipality
Norway,Trøndelag,county,Rindal,municipality
Norway,Trøndelag,county,Røros,municipality
Norway,Trøndelag,county,Røyrvik,municipality
Norway,Trøndelag,county,Selbu,municipality
Norway,Trøndelag,county,Skaun,municipality
Norway,Trøndelag,county,Snåsa,municipality
Norway,Trøndelag,county,Steinkjer,municipality
Norway,Trøndelag,county,Stjørdal,municipality
Norway,Trøndelag,county,Trondheim,municipality
Norway,Trøndelag,county,Tydal,municipality
Norway,Trøndelag,county,Verdal,municipality
Norway,Trøndelag,county,Åfjord,municipality
Norway,Trøndelag,county,Ørland,municipality
Norway,Vestfold,county,Færder,municipality
Norway,Vestfold,county,Holmestrand,municipality
Norway,Vestfold,county,Horten,municipality
Norway,Vestfold,county,Larvik,municipality
Norway,Vestfold,county,Sandefjord,municipality
Norway,Vestfold,county,Tønsberg,municipality
Norway,Vestland,county,Alver,municipality
Norway,Vestland,county,Askvoll,municipality
Norway,Vestland,county,Askøy,municipality
Norway,Vestland,county,Aurland,municipality
Norway,Vestland,county,Austevoll,municipality
Norway,Vestland,county,Austrheim,municipality
Norway,Vestland,county,Bergen,municipality
Norway,Vestland,county,Bjørnafjorden,municipality
Norway,Vestland,county,Bremanger,municipality
Norway,Vestland,county,Bømlo,municipality
Norway,Vestland,county,Eidfjord,municipality
Norway,Vestland,county,Etne,municipality
Norway,Vestland,county,Fedje,municipality
Norway,Vestland,county,Fitjar,municipality
Norway,Vestland,county,Fjaler,municipality
Norway,Vestland,county,Gloppen,municipality
Norway,Vestland,county,Gulen,municipality
Norway,Vestland,county,Hyllestad,municipality
Norway,Vestland,county,Høyanger,municipality
Norway,Vestland,county,Kinn,municipality
Norway,Vestland,county,Kvam,municipality
Norway,Vestland,county,Kvinnherad,municipality
Norway,Vestland,county,Luster,municipality
Norway,Vestland,county,Lærdal,municipality
Norway,Vestland,county,Masfjorden,municipality
Norway,Vestland,county,Modalen,municipality
Norway,Vestland,county,Osterøy,municipality
Norway,Vestland,county,Samnanger,municipality
Norway,Vestland,county,Sogndal,municipality
Norway,Vestland,county,Solund,municipality
Norway,Vestland,county,Stad,municipality
Norway,Vestland,county,Stord,municipality
Norway,Vestland,county,Stryn,municipality
Norway,Vestland,county,Sunnfjord,municipality
Norway,Vestland,county,Sveio,municipality
Norway,Vestland,county,Tysnes,municipality
Norway,Vestland,county,Ullensvang,municipality
Norway,Vestland,county,Ulvik,municipality
Norway,Vestland,county,Vaksdal,municipality
Norway,Vestland,county,Vik,municipality
Norway,Vestland,county,Voss,municipality
Norway,Vestland,county,Årdal,municipality
Norway,Vestland,county,Øygarden,municipality
Norway,Østfold,county,Aremark,municipality
Norway,Østfold,county,Fredrikstad,municipality
Norway,Østfold,county,Halden,municipality
Norway,Østfold,county,Hvaler,municipality
Norway,Østfold,county,Indre Østfold,municipality
Norway,Østfold,county,Marker,municipality
Norway,Østfold,county,Moss,municipality
Norway,Østfold,county,Rakkestad,municipality
Norway,Østfold,county,Råde,municipality
Norway,Østfold,county,Sarpsborg,municipality
Norway,Østfold,county,Skiptvet,municipality
Norway,Østfold,county,Våler,municipality
Netherlands,Drenthe,province,Aa en Hunze,municipality
Netherlands,Drenthe,province,Assen,municipality
Netherlands,Drenthe,province,Borger-Odoorn,municipality
Netherlands,Drenthe,province,Coevorden,municipality
Netherlands,Drenthe,province,De Wolden,municipality
Netherlands,Drenthe,province,Emmen,municipality
Netherlands,Drenthe,province,Hoogeveen,municipality
Netherlands,Drenthe,province,Meppel,municipality
Netherlands,Drenthe,province,Midden-Drenthe,municipality
Netherlands,Drenthe,province,Noordenveld,municipality
Netherlands,Drenthe,province,Tynaarlo,municipality
Netherlands,Drenthe,province,Westerveld,municipality
Netherlands,Flevoland,province,Almere,municipality
Netherlands,Flevoland,province,Dronten,municipality
Netherlands,Flevoland,province,Lelystad,municipality
Netherlands,Flevoland,province,Noordoostpolder,municipality
Netherlands,Flevoland,province,Urk,municipality
Netherlands,Flevoland,province,Zeewolde,municipality
Netherlands,Friesland,province,Achtkarspelen,municipality
Netherlands,Friesland,province,Ameland,municipality
Netherlands,Friesland,province,Dantumadiel,municipality
Netherlands,Friesland,province,Harlingen,municipality
Netherlands,Friesland,province,Heerenveen,municipality
Netherlands,Friesland,province,Leeuwarden,municipality
Netherlands,Friesland,province,Noardeast-Fryslân,municipality
Netherlands,Friesland,province,Ooststellingwerf,municipality
Netherlands,Friesland,province,Opsterland,municipality
Netherlands,Friesland,province,Schiermonnikoog,municipality
Netherlands,Friesland,province,Smallingerland,municipality
Netherlands,Friesland,province,Súdwest-Fryslân,municipality
Netherlands,Friesland,province,Terschelling,municipality
Netherlands,Friesland,province,Tytsjerksteradiel,municipality
Netherlands,Friesland,province,Vlieland,municipality
Netherlands,Friesland,province,Waadhoeke,municipality
Netherlands,Friesland,province,Weststellingwerf,municipality
Netherlands,Gelderland,province,Aalten,municipality
Netherlands,Gelderland,province,Apeldoorn,municipality
Netherlands,Gelderland,province,Arnhem,municipality
Netherlands,Gelderland,province,Barneveld,municipality
Netherlands,Gelderland,province,Berg en Dal,municipality
Netherlands,Gelderland,province,Berkelland,municipality
Netherlands,Gelderland,province,Beuningen,municipality
Netherlands,Gelderland,province,Bronckhorst,municipality
Netherlands,Gelderland,province,Brummen,municipality
Netherlands,Gelderland,province,Buren,municipality
Netherlands,Gelderland,province,Culemborg,municipality
Netherlands,Gelderland,province,Doesburg,municipality
Netherlands,Gelderland,province,Doetinchem,municipality
Netherlands,Gelderland,province,Druten,municipality
Netherlands,Gelderland,province,Duiven,municipality
Netherlands,Gelderland,province,Ede,municipality
Netherlands,Gelderland,province,Elburg,municipality
Netherlands,Gelderland,province,Epe,municipality
Netherlands,Gelderland,province,Ermelo,municipality
Netherlands,Gelderland,province,Harderwijk,municipality
Netherlands,Gelderland,province,Hattem,municipality
Netherlands,Gelderland,province,Heerde,municipality
Netherlands,Gelderland,province,Heumen,municipality
Netherlands,Gelderland,province,Lingewaard,municipality
Netherlands,Gelderland,province,Lochem,municipality
Netherlands,Gelderland,province,Maasdriel,municipality
Netherlands,Gelderland,province,Montferland,municipality
Netherlands,Gelderland,province,Neder-Betuwe,municipality
Netherlands,Gelderland,province,Nijkerk,municipality
Netherlands,Gelderland,province,Nijmegen,municipality
Netherlands,Gelderland,province,Nunspeet,municipality
Netherlands,Gelderland,province,Oldebroek,municipality
Netherlands,Gelderland,province,Oost Gelre,municipality
Netherlands,Gelderland,province,Oude IJsselstreek,municipality
Netherlands,Gelderland,province,Overbetuwe,municipality
Netherlands,Gelderland,province,Putten,municipality
Netherlands,Gelderland,province,Renkum,municipality
Netherlands,Gelderland,province,Rheden,municipality
Netherlands,Gelderland,province,Rozendaal,municipality
Netherlands,Gelderland,province,Scherpenzeel,municipality
Netherlands,Gelderland,province,Tiel,municipality
Netherlands,Gelderland,province,Voorst,municipality
Netherlands,Gelderland,province,Wageningen,municipality
Netherlands,Gelderland,province,West Betuwe,municipality
Netherlands,Gelderland,province,West Maas en Waal,municipality
Netherlands,Gelderland,province,Westervoort,municipality
Netherlands,Gelderland,province,Wijchen,municipality
Netherlands,Gelderland,province,Winterswijk,municipality
Netherlands,Gelderland,province,Zaltbommel,municipality
Netherlands,Gelderland,province,Zevenaar,municipality
Netherlands,Gelderland,province,Zutphen,municipality
Netherlands,Groningen,province,Eemsdelta,municipality
Netherlands,Groningen,province,Groningen,municipality
Netherlands,Groningen,province,Het Hogeland,municipality
Netherlands,Groningen,province,Midden-Groningen,municipality
Netherlands,Groningen,province,Oldambt,municipality
Netherlands,Groningen,province,Pekela,municipality
Netherlands,Groningen,province,Stadskanaal,municipality
Netherlands,Groningen,province,Veendam,municipality
Netherlands,Groningen,province,Westerkwartier,municipality
Netherlands,Groningen,province,Westerwolde,municipality
Netherlands,Limburg,province,Beek,municipality
Netherlands,Limburg,province,Beekdaelen,municipality
Netherlands,Limburg,province,Beesel,municipality
Netherlands,Limburg,province,Bergen,municipality
Netherlands,Limburg,province,Brunssum,municipality
Netherlands,Limburg,province,Echt-Susteren,municipality
Netherlands,Limburg,province,Eijsden-Margraten,municipality
Netherlands,Limburg,province,Gennep,municipality
Netherlands,Limburg,province,Gulpen-Wittem,municipality
Netherlands,Limburg,province,Heerlen,municipality
Netherlands,Limburg,province,Horst aan de Maas,municipality
Netherlands,Limburg,province,Kerkrade,municipality
Netherlands,Limburg,province,Landgraaf,municipality
Netherlands,Limburg,province,Leudal,municipality
Netherlands,Limburg,province,Maasgouw,municipality
Netherlands,Limburg,province,Maastricht,municipality
Netherlands,Limburg,province,Meerssen,municipality
Netherlands,Limburg,province,Mook en Middelaar,municipality
Netherlands,Limburg,province,Nederweert,municipality
Netherlands,Limburg,province,Peel en Maas,municipality
Netherlands,Limburg,province,Roerdalen,municipality
Netherlands,Limburg,province,Roermond,municipality
Netherlands,Limburg,province,Simpelveld,municipality
Netherlands,Limburg,province,Sittard-Geleen,municipality
Netherlands,Limburg,province,Stein,municipality
Netherlands,Limburg,province,Vaals,municipality
Netherlands,Limburg,province,Valkenburg aan de Geul,municipality
Netherlands,Limburg,province,Venlo,municipality
Netherlands,Limburg,province,Venray,municipality
Netherlands,Limburg,province,Voerendaal,municipality
Netherlands,Limburg,province,Weert,municipality
Netherlands,North Brabant,province,'s-Hertogenbosch,municipality
Netherlands,North Brabant,province,Alphen-Chaam,municipality
Netherlands,North Brabant,province,Altena,municipality
Netherlands,North Brabant,province,Asten,municipality
Netherlands,North Brabant,province,Baarle-Nassau,municipality
Netherlands,North Brabant,province,Bergeijk,municipality
Netherlands,North Brabant,province,Bergen op Zoom,municipality
Netherlands,North Brabant,province,Bernheze,municipality
Netherlands,North Brabant,province,Best,municipality
Netherlands,North Brabant,province,Bladel,municipality
Netherlands,North Brabant,province,Boekel,municipality
Netherlands,North Brabant,province,Boxtel,municipality
Netherlands,North Brabant,province,Breda,municipality
Netherlands,North Brabant,province,Cranendonck,municipality
Netherlands,North Brabant,province,Deurne,municipality
Netherlands,North Brabant,province,Dongen,municipality
Netherlands,North Brabant,province,Drimmelen,municipality
Netherlands,North Brabant,province,Eersel,municipality
Netherlands,North Brabant,province,Eindhoven,municipality
Netherlands,North Brabant,province,Etten-Leur,municipality
Netherlands,North Brabant,province,Geertruidenberg,municipality
Netherlands,North Brabant,province,Geldrop-Mierlo,municipality
Netherlands,North Brabant,province,Gemert-Bakel,municipality
Netherlands,North Brabant,province,Gilze en Rijen,municipality
Netherlands,North Brabant,province,Goirle,municipality
Netherlands,North Brabant,province,Halderberge,municipality
Netherlands,North Brabant,province,Heeze-Leende,municipality
Netherlands,North Brabant,province,Helmond,municipality
Netherlands,North Brabant,province,Heusden,municipality
Netherlands,North Brabant,province,Hilvarenbeek,municipality
Netherlands,North Brabant,province,Laarbeek,municipality
Netherlands,North Brabant,province,Land van Cuijk,municipality
Netherlands,North Brabant,province,Loon op Zand,municipality
Netherlands,North Brabant,province,Maashorst,municipality
Netherlands,North Brabant,province,Meierijstad,municipality
Netherlands,North Brabant,province,Moerdijk,municipality
Netherlands,North Brabant,province,"Nuenen, Gerwen en Nederwetten",municipality
Netherlands,North Brabant,province,Oirschot,municipality
Netherlands,North Brabant,province,Oisterwijk,municipality
Netherlands,North Brabant,province,Oosterhout,municipality
Netherlands,North Brabant,province,Oss,municipality
Netherlands,North Brabant,province,Reusel-De Mierden,municipality
Netherlands,North Brabant,province,Roosendaal,municipality
Netherlands,North Brabant,province,Rucphen,municipality
Netherlands,North Brabant,province,Sint-Michielsgestel,municipality
Netherlands,North Brabant,province,Someren,municipality
Netherlands,North Brabant,province,Son en Breugel,municipality
Netherlands,North Brabant,province,Steenbergen,municipality
Netherlands,North Brabant,province,Tilburg,municipality
Netherlands,North Brabant,province,Valkenswaard,municipality
Netherlands,North Brabant,province,Veldhoven,municipality
Netherlands,North Brabant,province,Vught,municipality
Netherlands,North Brabant,province,Waalre,municipality
Netherlands,North Brabant,province,Waalwijk,municipality
Netherlands,North Brabant,province,Woensdrecht,municipality
Netherlands,North Brabant,province,Zundert,municipality
Netherlands,North Holland,province,Aalsmeer,municipality
Netherlands,North Holland,province,Alkmaar,municipality
Netherlands,North Holland,province,Amstelveen,municipality
Netherlands,North Holland,province,Amsterdam,municipality
Netherlands,North Holland,province,Bergen,municipality
Netherlands,North Holland,province,Beverwijk,municipality
Netherlands,North Holland,province,Blaricum,municipality
Netherlands,North Holland,province,Bloemendaal,municipality
Netherlands,North Holland,province,Castricum,municipality
Netherlands,North Holland,province,Den Helder,municipality
Netherlands,North Holland,province,Diemen,municipality
Netherlands,North Holland,province,Dijk en Waard,municipality
Netherlands,North Holland,province,Drechterland,municipality
Netherlands,North Holland,province,Edam-Volendam,municipality
Netherlands,North Holland,province,Enkhuizen,municipality
Netherlands,North Holland,province,Gooise Meren,municipality
Netherlands,North Holland,province,Haarlem,municipality
Netherlands,North Holland,province,Haarlemmermeer,municipality
Netherlands,North Holland,province,Heemskerk,municipality
Netherlands,North Holland,province,Heemstede,municipality
Netherlands,North Holland,province,Heiloo,municipality
Netherlands,North Holland,province,Hilversum,municipality
Netherlands,North Holland,province,Hollands Kroon,municipality
Netherlands,North Holland,province,Hoorn,municipality
Netherlands,North Holland,province,Huizen,municipality
Netherlands,North Holland,province,Koggenland,municipality
Netherlands,North Holland,province,Landsmeer,municipality
Netherlands,North Holland,province,Laren,municipality
Netherlands,North Holland,province,Medemblik,municipality
Netherlands,North Holland,province,Oostzaan,municipality
Netherlands,North Holland,province,Opmeer,municipality
Netherlands,North Holland,province,Ouder-Amstel,municipality
Netherlands,North Holland,province,Purmerend,municipality
Netherlands,North Holland,province,Schagen,municipality
Netherlands,North Holland,province,Stede Broec,municipality
Netherlands,North Holland,province,Texel,municipality
Netherlands,North Holland,province,Uitgeest,municipality
Netherlands,North Holland,province,Uithoorn,municipality
Netherlands,North Holland,province,Velsen,municipality
Netherlands,North Holland,province,Waterland,municipality
Netherlands,North Holland,province,Wijdemeren,municipality
Netherlands,North Holland,province,Wormerland,municipality
Netherlands,North Holland,province,Zaanstad,municipality
Netherlands,North Holland,province,Zandvoort,municipality
Netherlands,Overijssel,province,Almelo,municipality
Netherlands,Overijssel,province,Borne,municipality
Netherlands,Overijssel,province,Dalfsen,municipality
Netherlands,Overijssel,province,Deventer,municipality
Netherlands,Overijssel,province,Dinkelland,municipality
Netherlands,Overijssel,province,Enschede,municipality
Netherlands,Overijssel,province,Haaksbergen,municipality
Netherlands,Overijssel,province,Hardenberg,municipality
Netherlands,Overijssel,province,Hellendoorn,municipality
Netherlands,Overijssel,province,Hengelo,municipality
Netherlands,Overijssel,province,Hof van Twente,municipality
Netherlands,Overijssel,province,Kampen,municipality
Netherlands,Overijssel,province,Losser,municipality
Netherlands,Overijssel,province,Oldenzaal,municipality
Netherlands,Overijssel,province,Olst-Wijhe,municipality
Netherlands,Overijssel,province,Ommen,municipality
Netherlands,Overijssel,province,Raalte,municipality
Netherlands,Overijssel,province,Rijssen-Holten,municipality
Netherlands,Overijssel,province,Staphorst,municipality
Netherlands,Overijssel,province,Steenwijkerland,municipality
Netherlands,Overijssel,province,Tubbergen,municipality
Netherlands,Overijssel,province,Twenterand,municipality
Netherlands,Overijssel,province,Wierden,municipality
Netherlands,Overijssel,province,Zwartewaterland,municipality
Netherlands,Overijssel,province,Zwolle,municipality
Netherlands,South Holland,province,Alblasserdam,municipality
Netherlands,South Holland,province,Albrandswaard,municipality
Netherlands,South Holland,province,Alphen aan den Rijn,municipality
Netherlands,South Holland,province,Barendrecht,municipality
Netherlands,South Holland,province,Bodegraven-Reeuwijk,municipality
Netherlands,South Holland,province,Capelle aan den IJssel,municipality
Netherlands,South Holland,province,Delft,municipality
Netherlands,South Holland,province,Dordrecht,municipality
Netherlands,South Holland,province,Goeree-Overflakkee,municipality
Netherlands,South Holland,province,Gorinchem,municipality
Netherlands,South Holland,province,Gouda,municipality
Netherlands,South Holland,province,Hardinxveld-Giessendam,municipality
Netherlands,South Holland,province,Hendrik-Ido-Ambacht,municipality
Netherlands,South Holland,province,Hillegom,municipality
Netherlands,South Holland,province,Hoeksche Waard,municipality
Netherlands,South Holland,province,Kaag en Braassem,municipality
Netherlands,South Holland,province,Katwijk,municipality
Netherlands,South Holland,province,Krimpen aan den IJssel,municipality
Netherlands,South Holland,province,Krimpenerwaard,municipality
Netherlands,South Holland,province,Lansingerland,municipality
Netherlands,South Holland,province,Leiden,municipality
Netherlands,South Holland,province,Leiderdorp,municipality
Netherlands,South Holland,province,Leidschendam-Voorburg,municipality
Netherlands,South Holland,province,Lisse,municipality
Netherlands,South Holland,province,Maassluis,municipality
Netherlands,South Holland,province,Midden-Delfland,municipality
Netherlands,South Holland,province,Molenlanden,municipality
Netherlands,South Holland,province,Nieuwkoop,municipality
Netherlands,South Holland,province,Nissewaard,municipality
Netherlands,South Holland,province,Noordwijk,municipality
Netherlands,South Holland,province,Oegstgeest,municipality
Netherlands,South Holland,province,Papendrecht,municipality
Netherlands,South Holland,province,Pijnacker-Nootdorp,municipality
Netherlands,South Holland,province,Ridderkerk,municipality
Netherlands,South Holland,province,Rijswijk,municipality
Netherlands,South Holland,province,Rotterdam,municipality
Netherlands,South Holland,province,Schiedam,municipality
Netherlands,South Holland,province,Sliedrecht,municipality
Netherlands,South Holland,province,Teylingen,municipality
Netherlands,South Holland,province,The Hague,municipality
Netherlands,South Holland,province,Vlaardingen,municipality
Netherlands,South Holland,province,Voorne aan Zee,municipality
Netherlands,South Holland,province,Voorschoten,municipality
Netherlands,South Holland,province,Waddinxveen,municipality
Netherlands,South Holland,province,Wassenaar,municipality
Netherlands,South Holland,province,Zoetermeer,municipality
Netherlands,South Holland,province,Zoeterwoude,municipality
Netherlands,South Holland,province,Zuidplas,municipality
Netherlands,South Holland,province,Zwijndrecht,municipality
Netherlands,Utrecht,province,Amersfoort,municipality
Netherlands,Utrecht,province,Baarn,municipality
Netherlands,Utrecht,province,Bunnik,municipality
Netherlands,Utrecht,province,Bunschoten,municipality
Netherlands,Utrecht,province,De Bilt,municipality
Netherlands,Utrecht,province,De Ronde Venen,municipality
Netherlands,Utrecht,province,Eemnes,municipality
Netherlands,Utrecht,province,Houten,municipality
Netherlands,Utrecht,province,IJsselstein,municipality
Netherlands,Utrecht,province,Leusden,municipality
Netherlands,Utrecht,province,Lopik,municipality
Netherlands,Utrecht,province,Montfoort,municipality
Netherlands,Utrecht,province,Nieuwegein,municipality
Netherlands,Utrecht,province,Oudewater,municipality
Netherlands,Utrecht,province,Renswoude,municipality
Netherlands,Utrecht,province,Rhenen,municipality
Netherlands,Utrecht,province,Soest,municipality
Netherlands,Utrecht,province,Stichtse Vecht,municipality
Netherlands,Utrecht,province,Utrecht,municipality
Netherlands,Utrecht,province,Utrechtse Heuvelrug,municipality
Netherlands,Utrecht,province,Veenendaal,municipality
Netherlands,Utrecht,province,Vijfheerenlanden,municipality
Netherlands,Utrecht,province,Wijk bij Duurstede,municipality
Netherlands,Utrecht,province,Woerden,municipality
Netherlands,Utrecht,province,Woudenberg,municipality
Netherlands,Utrecht,province,Zeist,municipality
Netherlands,Zeeland,province,Borsele,municipality
Netherlands,Zeeland,province,Goes,municipality
Netherlands,Zeeland,province,Hulst,municipality
Netherlands,Zeeland,province,Kapelle,municipality
Netherlands,Zeeland,province,Middelburg,municipality
Netherlands,Zeeland,province,Noord-Beveland,municipality
Netherlands,Zeeland,province,Reimerswaal,municipality
Netherlands,Zeeland,province,Schouwen-Duiveland,municipality
Netherlands,Zeeland,province,Sluis,municipality
Netherlands,Zeeland,province,Terneuzen,municipality
Netherlands,Zeeland,province,Tholen,municipality
Netherlands,Zeeland,province,Veere,municipality
Netherlands,Zeeland,province,Vlissingen,municipality
Lithuania,Alytus,county,Alytus,city
Lithuania,Alytus,county,Alytus,district
Lithuania,Alytus,county,Druskininkai,municipality
Lithuania,Alytus,county,Lazdijai,district
Lithuania,Alytus,county,Varėna,district
Lithuania,Kaunas,county,Birštonas,municipality
Lithuania,Kaunas,county,Jonava,district
Lithuania,Kaunas,county,Kaišiadorys,district
Lithuania,Kaunas,county,Kaunas,city
Lithuania,Kaunas,county,Kaunas,district
Lithuania,Kaunas,county,Kėdainiai,district
Lithuania,Kaunas,county,Prienai,district
Lithuania,Kaunas,county,Raseiniai,district
Lithuania,Klaipėda,county,Klaipėda,city
Lithuania,Klaipėda,county,Klaipėda,district
Lithuania,Klaipėda,county,Kretinga,district
Lithuania,Klaipėda,county,Neringa,city
Lithuania,Klaipėda,county,Palanga,city
Lithuania,Klaipėda,county,Skuodas,district
Lithuania,Klaipėda,county,Šilutė,district
Lithuania,Marijampolė,county,Kalvarija,municipality
Lithuania,Marijampolė,county,Kazlų Rūda,municipality
Lithuania,Marijampolė,county,Marijampolė,municipality
Lithuania,Marijampolė,county,Vilkaviškis,district
Lithuania,Marijampolė,county,Šakiai,district
Lithuania,Panevėžys,county,Biržai,district
Lithuania,Panevėžys,county,Kupiškis,district
Lithuania,Panevėžys,county,Panevėžys,city
Lithuania,Panevėžys,county,Panevėžys,district
Lithuania,Panevėžys,county,Pasvalys,district
Lithuania,Panevėžys,county,Rokiškis,district
Lithuania,Šiauliai,county,Akmenė,district
Lithuania,Šiauliai,county,Joniškis,district
Lithuania,Šiauliai,county,Kelmė,district
Lithuania,Šiauliai,county,Pakruojis,district
Lithuania,Šiauliai,county,Radviliškis,district
Lithuania,Šiauliai,county,Šiauliai,city
Lithuania,Šiauliai,county,Šiauliai,district
Lithuania,Tauragė,county,Jurbarkas,district
Lithuania,Tauragė,county,Pagėgiai,municipality
Lithuania,Tauragė,county,Tauragė,district
Lithuania,Tauragė,county,Šilalė,district
Lithuania,Telšiai,county,Mažeikiai,district
Lithuania,Telšiai,county,Plungė,district
Lithuania,Telšiai,county,Rietavas,municipality
Lithuania,Telšiai,county,Telšiai,district
Lithuania,Utena,county,Anykščiai,district
Lithuania,Utena,county,Ignalina,district
Lithuania,Utena,county,Molėtai,district
Lithuania,Utena,county,Utena,district
Lithuania,Utena,county,Visaginas,city
Lithuania,Utena,county,Zarasai,district
Lithuania,Vilnius,county,Elektrėnai,municipality
Lithuania,Vilnius,county,Trakai,district
Lithuania,Vilnius,county,Ukmergė,district
Lithuania,Vilnius,county,Vilnius,city
Lithuania,Vilnius,county,Vilnius,district
Lithuania,Vilnius,county,Šalčininkai,district
Lithuania,Vilnius,county,Širvintos,district
Lithuania,Vilnius,county,Švenčionys,district
Kosovo,Ferizaj,district,Ferizaj,municipality
Kosovo,Ferizaj,district,Hani i Elezit,municipality
Kosovo,Ferizaj,district,Kaçanik,municipality
Kosovo,Ferizaj,district,Shtime,municipality
Kosovo,Ferizaj,district,Štrpce,municipality
Kosovo,Gjakova,district,Deçan,municipality
Kosovo,Gjakova,district,Gjakova,municipality
Kosovo,Gjakova,district,Junik,municipality
Kosovo,Gjakova,district,Rahovec,municipality
Kosovo,Gjilan,district,Gjilan,municipality
Kosovo,Gjilan,district,Kamenica,municipality
Kosovo,Gjilan,district,Klokot,municipality
Kosovo,Gjilan,district,Parteš,municipality
Kosovo,Gjilan,district,Ranilug,municipality
Kosovo,Gjilan,district,Viti,municipality
Kosovo,Mitrovica,district,Leposavić,municipality
Kosovo,Mitrovica,district,Mitrovica,municipality
Kosovo,Mitrovica,district,North Mitrovica,municipality
Kosovo,Mitrovica,district,Skenderaj,municipality
Kosovo,Mitrovica,district,Vushtrri,municipality
Kosovo,Mitrovica,district,Zubin Potok,municipality
Kosovo,Mitrovica,district,Zvečan,municipality
Kosovo,Peja,district,Istog,municipality
Kosovo,Peja,district,Klina,municipality
Kosovo,Peja,district,Peja,municipality
Kosovo,Pristina,district,Drenas,municipality
Kosovo,Pristina,district,Fushë Kosovë,municipality
Kosovo,Pristina,district,Gračanica,municipality
Kosovo,Pristina,district,Lipjan,municipality
Kosovo,Pristina,district,Novo Brdo,municipality
Kosovo,Pristina,district,Obiliq,municipality
Kosovo,Pristina,district,Podujeva,municipality
Kosovo,Pristina,district,Pristina,municipality
Kosovo,Prizren,district,Dragash,municipality
Kosovo,Prizren,district,Malisheva,municipality
Kosovo,Prizren,district,Mamusha,municipality
Kosovo,Prizren,district,Prizren,municipality
Kosovo,Prizren,district,Suhareka,municipality
Italy,Abruzzo,region,Chieti,province
Italy,Abruzzo,region,L'Aquila,province
Italy,Abruzzo,region,Pescara,province
Italy,Abruzzo,region,Teramo,province
Italy,Aosta Valley,autonomous region,,
Italy,Apulia,region,Bari,metropolitan city
Italy,Apulia,region,Barletta-Andria-Trani,province
Italy,Apulia,region,Brindisi,province
Italy,Apulia,region,Foggia,province
Italy,Apulia,region,Lecce,province
Italy,Apulia,region,Taranto,province
Italy,Basilicata,region,Matera,province
Italy,Basilicata,region,Potenza,province
Italy,Calabria,region,Catanzaro,province
Italy,Calabria,region,Cosenza,province
Italy,Calabria,region,Crotone,province
Italy,Calabria,region,Reggio Calabria,metropolitan city
Italy,Calabria,region,Vibo Valentia,province
Italy,Campania,region,Avellino,province
Italy,Campania,region,Benevento,province
Italy,Campania,region,Caserta,province
Italy,Campania,region,Naples,metropolitan city
Italy,Campania,region,Salerno,province
Italy,Emilia-Romagna,region,Bologna,metropolitan city
Italy,Emilia-Romagna,region,Ferrara,province
Italy,Emilia-Romagna,region,Forlì-Cesena,province
Italy,Emilia-Romagna,region,Modena,province
Italy,Emilia-Romagna,region,Parma,province
Italy,Emilia-Romagna,region,Piacenza,province
Italy,Emilia-Romagna,region,Ravenna,province
Italy,Emilia-Romagna,region,Reggio Emilia,province
Italy,Emilia-Romagna,region,Rimini,province
Italy,Friuli-Venezia Giulia,autonomous region,Gorizia,decentralization entity
Italy,Friuli-Venezia Giulia,autonomous region,Pordenone,decentralization entity
Italy,Friuli-Venezia Giulia,autonomous region,Trieste,decentralization entity
Italy,Friuli-Venezia Giulia,autonomous region,Udine,decentralization entity
Italy,Lazio,region,Frosinone,province
Italy,Lazio,region,Latina,province
Italy,Lazio,region,Rieti,province
Italy,Lazio,region,Rome,metropolitan city
Italy,Lazio,region,Viterbo,province
Italy,Liguria,region,Genoa,metropolitan city
Italy,Liguria,region,Imperia,province
Italy,Liguria,region,La Spezia,province
Italy,Liguria,region,Savona,province
Italy,Lombardy,region,Bergamo,province
Italy,Lombardy,region,Brescia,province
Italy,Lombardy,region,Como,province
Italy,Lombardy,region,Cremona,province
Italy,Lombardy,region,Lecco,province
Italy,Lombardy,region,Lodi,province
Italy,Lombardy,region,Mantua,province
Italy,Lombardy,region,Milan,metropolitan city
Italy,Lombardy,region,Monza and Brianza,province
Italy,Lombardy,region,Pavia,province
Italy,Lombardy,region,Sondrio,province
Italy,Lombardy,region,Varese,province
Italy,Marche,region,Ancona,province
Italy,Marche,region,Ascoli Piceno,province
Italy,Marche,region,Fermo,province
Italy,Marche,region,Macerata,province
Italy,Marche,region,Pesaro e Urbino,province
Italy,Molise,region,Campobasso,province
Italy,Molise,region,Isernia,province
Italy,Piedmont,region,Alessandria,province
Italy,Piedmont,region,Asti,province
Italy,Piedmont,region,Biella,province
Italy,Piedmont,region,Cuneo,province
Italy,Piedmont,region,Novara,province
Italy,Piedmont,region,Turin,metropolitan city
Italy,Piedmont,region,Verbano-Cusio-Ossola,province
Italy,Piedmont,region,Vercelli,province
Italy,Sardinia,autonomous region,Cagliari,metropolitan city
Italy,Sardinia,autonomous region,Nuoro,province
Italy,Sardinia,autonomous region,Oristano,province
Italy,Sardinia,autonomous region,Sassari,province
Italy,Sardinia,autonomous region,South Sardinia,province
Italy,Sicily,autonomous region,Agrigento,municipal consortium
Italy,Sicily,autonomous region,Caltanissetta,municipal consortium
Italy,Sicily,autonomous region,Catania,metropolitan city
Italy,Sicily,autonomous region,Enna,municipal consortium
Italy,Sicily,autonomous region,Messina,metropolitan city
Italy,Sicily,autonomous region,Palermo,metropolitan city
Italy,Sicily,autonomous region,Ragusa,municipal consortium
Italy,Sicily,autonomous region,Syracuse,municipal consortium
Italy,Sicily,autonomous region,Trapani,municipal consortium
Italy,Trentino-South Tyrol,autonomous region,Bolzano,autonomous province
Italy,Trentino-South Tyrol,autonomous region,Trento,autonomous province
Italy,Tuscany,region,Arezzo,province
Italy,Tuscany,region,Florence,metropolitan city
Italy,Tuscany,region,Grosseto,province
Italy,Tuscany,region,Livorno,province
Italy,Tuscany,region,Lucca,province
Italy,Tuscany,region,Massa-Carrara,province
Italy,Tuscany,region,Pisa,province
Italy,Tuscany,region,Pistoia,province
Italy,Tuscany,region,Prato,province
Italy,Tuscany,region,Siena,province
Italy,Umbria,region,Perugia,province
Italy,Umbria,region,Terni,province
Italy,Veneto,region,Belluno,province
Italy,Veneto,region,Padua,province
Italy,Veneto,region,Rovigo,province
Italy,Veneto,region,Treviso,province
Italy,Veneto,region,Venice,metropolitan city
Italy,Veneto,region,Verona,province
Italy,Veneto,region,Vicenza,province
Ireland,Carlow,county,Carlow,council
Ireland,Cavan,county,Cavan,council
Ireland,Clare,county,Clare,council
Ireland,Cork,county,Cork City,council
Ireland,Cork,county,Cork County,council
Ireland,Donegal,county,Donegal,council
Ireland,Dublin,county,Dublin City,council
Ireland,Dublin,county,Dún Laoghaire–Rathdown,council
Ireland,Dublin,county,Fingal,council
Ireland,Dublin,county,South Dublin,council
Ireland,Galway,county,Galway City,council
Ireland,Galway,county,Galway County,council
Ireland,Kerry,county,Kerry,council
Ireland,Kildare,county,Kildare,council
Ireland,Kilkenny,county,Kilkenny,council
Ireland,Laois,county,Laois,council
Ireland,Leitrim,county,Leitrim,council
Ireland,Limerick,county,Limerick,council
Ireland,Longford,county,Longford,council
Ireland,Louth,county,Louth,council
Ireland,Mayo,county,Mayo,council
Ireland,Meath,county,Meath,council
Ireland,Monaghan,county,Monaghan,council
Ireland,Offaly,county,Offaly,council
Ireland,Roscommon,county,Roscommon,council
Ireland,Sligo,county,Sligo,council
Ireland,Tipperary,county,Tipperary,council
Ireland,Waterford,county,Waterford,council
Ireland,Westmeath,county,Westmeath,council
Ireland,Wexford,county,Wexford,council
Ireland,Wicklow,county,Wicklow,council
Iceland,Capital Region,region,Garðabær,municipality
Iceland,Capital Region,region,Hafnarfjörður,municipality
Iceland,Capital Region,region,Kjósarhreppur,municipality
Iceland,Capital Region,region,Kópavogur,municipality
Iceland,Capital Region,region,Mosfellsbær,municipality
Iceland,Capital Region,region,Reykjavík,municipality
Iceland,Capital Region,region,Seltjarnarnes,municipality
Iceland,East,region,Fjarðabyggð,municipality
Iceland,East,region,Fljótsdalshreppur,municipality
Iceland,East,region,Múlaþing,municipality
Iceland,East,region,Vopnafjarðarhreppur,municipality
Iceland,Northeast,region,Akureyri,municipality
Iceland,Northeast,region,Dalvíkurbyggð,municipality
Iceland,Northeast,region,Eyjafjarðarsveit,municipality
Iceland,Northeast,region,Fjallabyggð,municipality
Iceland,Northeast,region,Grýtubakkahreppur,municipality
Iceland,Northeast,region,Hörgársveit,municipality
Iceland,Northeast,region,Langanesbyggð,municipality
Iceland,Northeast,region,Norðurþing,municipality
Iceland,Northeast,region,Svalbarðsstrandarhreppur,municipality
Iceland,Northeast,region,Tjörneshreppur,municipality
Iceland,Northeast,region,Þingeyjarsveit,municipality
Iceland,Northwest,region,Húnabyggð,municipality
Iceland,Northwest,region,Húnaþing vestra,municipality
Iceland,Northwest,region,Skagafjörður,municipality
Iceland,Northwest,region,Skagaströnd,municipality
Iceland,South,region,Bláskógabyggð,municipality
Iceland,South,region,Flóahreppur,municipality
Iceland,South,region,Grímsnes- og Grafningshreppur,municipality
Iceland,South,region,Hornafjörður,municipality
Iceland,South,region,Hrunamannahreppur,municipality
Iceland,South,region,Hveragerði,municipality
Iceland,South,region,Mýrdalshreppur,municipality
Iceland,South,region,Rangárþing eystra,municipality
Iceland,South,region,Rangárþing ytra,municipality
Iceland,South,region,Skaftárhreppur,municipality
Iceland,South,region,Skeiða- og Gnúpverjahreppur,municipality
Iceland,South,region,Vestmannaeyjar,municipality
Iceland,South,region,Árborg,municipality
Iceland,South,region,Ásahreppur,municipality
Iceland,South,region,Ölfus,municipality
Iceland,Southern Peninsula,region,Grindavík,municipality
Iceland,Southern Peninsula,region,Reykjanesbær,municipality
Iceland,Southern Peninsula,region,Suðurnesjabær,municipality
Iceland,Southern Peninsula,region,Vogar,municipality
Iceland,West,region,Akranes,municipality
Iceland,West,region,Borgarbyggð,municipality
Iceland,West,region,Dalabyggð,municipality
Iceland,West,region,Eyja- og Miklaholtshreppur,municipality
Iceland,West,region,Grundarfjarðarbær,municipality
Iceland,West,region,Hvalfjarðarsveit,municipality
Iceland,West,region,Snæfellsbær,municipality
Iceland,West,region,Stykkishólmur,municipality
Iceland,Westfjords,region,Bolungarvík,municipality
Iceland,Westfjords,region,Kaldrananeshreppur,municipality
Iceland,Westfjords,region,Reykhólahreppur,municipality
Iceland,Westfjords,region,Strandabyggð,municipality
Iceland,Westfjords,region,Súðavík,municipality
Iceland,Westfjords,region,Vesturbyggð,municipality
Iceland,Westfjords,region,Árneshreppur,municipality
Iceland,Westfjords,region,Ísafjarðarbær,municipality
Hungary,Baranya,county,Bóly,district
Hungary,Baranya,county,Hegyhát,district
Hungary,Baranya,county,Komló,district
Hungary,Baranya,county,Mohács,district
Hungary,Baranya,county,Pécs,district
Hungary,Baranya,county,Pécsvárad,district
Hungary,Baranya,county,Sellye,district
Hungary,Baranya,county,Siklós,district
Hungary,Baranya,county,Szentlőrinc,district
Hungary,Baranya,county,Szigetvár,district
Hungary,Borsod-Abaúj-Zemplén,county,Cigánd,district
Hungary,Borsod-Abaúj-Zemplén,county,Edelény,district
Hungary,Borsod-Abaúj-Zemplén,county,Encs,district
Hungary,Borsod-Abaúj-Zemplén,county,Gönc,district
Hungary,Borsod-Abaúj-Zemplén,county,Kazincbarcika,district
Hungary,Borsod-Abaúj-Zemplén,county,Mezőcsát,district
Hungary,Borsod-Abaúj-Zemplén,county,Mezőkövesd,district
Hungary,Borsod-Abaúj-Zemplén,county,Miskolc,district
Hungary,Borsod-Abaúj-Zemplén,county,Putnok,district
Hungary,Borsod-Abaúj-Zemplén,county,Szerencs,district
Hungary,Borsod-Abaúj-Zemplén,county,Szikszó,district
Hungary,Borsod-Abaúj-Zemplén,county,Sárospatak,district
Hungary,Borsod-Abaúj-Zemplén,county,Sátoraljaújhely,district
Hungary,Borsod-Abaúj-Zemplén,county,Tiszaújváros,district
Hungary,Borsod-Abaúj-Zemplén,county,Tokaj,district
Hungary,Borsod-Abaúj-Zemplén,county,Ózd,district
Hungary,Budapest,capital city,Várkerület,city district
Hungary,Budapest,capital city,Belváros-Lipótváros,city district
Hungary,Budapest,capital city,Budafok-Tétény,city district
Hungary,Budapest,capital city,Csepel,city district
Hungary,Budapest,capital city,District II,city district
Hungary,Budapest,capital city,District XIII,city district
Hungary,Budapest,capital city,District XVI,city district
Hungary,Budapest,capital city,Erzsébetváros,city district
Hungary,Budapest,capital city,Ferencváros,city district
Hungary,Budapest,capital city,Hegyvidék,city district
Hungary,Budapest,capital city,Józsefváros,city district
Hungary,Budapest,capital city,Kispest,city district
Hungary,Budapest,capital city,Kőbánya,city district
Hungary,Budapest,capital city,Pesterzsébet,city district
Hungary,Budapest,capital city,Pestszentlőrinc-Pestszentimre,city district
Hungary,Budapest,capital city,Rákosmente,city district
Hungary,Budapest,capital city,Rákospalota-Pestújhely-Újpalota,city district
Hungary,Budapest,capital city,Soroksár,city district
Hungary,Budapest,capital city,Terézváros,city district
Hungary,Budapest,capital city,Zugló,city district
Hungary,Budapest,capital city,Óbuda-Békásmegyer,city district
Hungary,Budapest,capital city,Újbuda,city district
Hungary,Budapest,capital city,Újpest,city district
Hungary,Bács-Kiskun,county,Baja,district
Hungary,Bács-Kiskun,county,Bácsalmás,district
Hungary,Bács-Kiskun,county,Jánoshalma,district
Hungary,Bács-Kiskun,county,Kalocsa,district
Hungary,Bács-Kiskun,county,Kecskemét,district
Hungary,Bács-Kiskun,county,Kiskunfélegyháza,district
Hungary,Bács-Kiskun,county,Kiskunhalas,district
Hungary,Bács-Kiskun,county,Kiskunmajsa,district
Hungary,Bács-Kiskun,county,Kiskőrös,district
Hungary,Bács-Kiskun,county,Kunszentmiklós,district
Hungary,Bács-Kiskun,county,Tiszakécske,district
Hungary,Békés,county,Békés,district
Hungary,Békés,county,Békéscsaba,district
Hungary,Békés,county,Gyomaendrőd,district
Hungary,Békés,county,Gyula,district
Hungary,Békés,county,Mezőkovácsháza,district
Hungary,Békés,county,Orosháza,district
Hungary,Békés,county,Sarkad,district
Hungary,Békés,county,Szarvas,district
Hungary,Békés,county,Szeghalom,district
Hungary,Csongrád-Csanád,county,Csongrád,district
Hungary,Csongrád-Csanád,county,Hódmezővásárhely,district
Hungary,Csongrád-Csanád,county,Kistelek,district
Hungary,Csongrád-Csanád,county,Makó,district
Hungary,Csongrád-Csanád,county,Mórahalom,district
Hungary,Csongrád-Csanád,county,Szeged,district
Hungary,Csongrád-Csanád,county,Szentes,district
Hungary,Fejér,county,Bicske,district
Hungary,Fejér,county,Dunaújváros,district
Hungary,Fejér,county,Enying,district
Hungary,Fejér,county,Gárdony,district
Hungary,Fejér,county,Martonvásár,district
Hungary,Fejér,county,Mór,district
Hungary,Fejér,county,Székesfehérvár,district
Hungary,Fejér,county,Sárbogárd,district
Hungary,Győr-Moson-Sopron,county,Csorna,district
Hungary,Győr-Moson-Sopron,county,Győr,district
Hungary,Győr-Moson-Sopron,county,Kapuvár,district
Hungary,Győr-Moson-Sopron,county,Mosonmagyaróvár,district
Hungary,Győr-Moson-Sopron,county,Pannonhalma,district
Hungary,Győr-Moson-Sopron,county,Sopron,district
Hungary,Győr-Moson-Sopron,county,Tét,district
Hungary,Hajdú-Bihar,county,Balmazújváros,district
Hungary,Hajdú-Bihar,county,Berettyóújfalu,district
Hungary,Hajdú-Bihar,county,Debrecen,district
Hungary,Hajdú-Bihar,county,Derecske,district
Hungary,Hajdú-Bihar,county,Hajdúböszörmény,district
Hungary,Hajdú-Bihar,county,Hajdúhadház,district
Hungary,Hajdú-Bihar,county,Hajdúnánás,district
Hungary,Hajdú-Bihar,county,Hajdúszoboszló,district
Hungary,Hajdú-Bihar,county,Nyíradony,district
Hungary,Hajdú-Bihar,county,Püspökladány,district
Hungary,Heves,county,Bélapátfalva,district
Hungary,Heves,county,Eger,district
Hungary,Heves,county,Füzesabony,district
Hungary,Heves,county,Gyöngyös,district
Hungary,Heves,county,Hatvan,district
Hungary,Heves,county,Heves,district
Hungary,Heves,county,Pétervására,district
Hungary,Jász-Nagykun-Szolnok,county,Jászapáti,district
Hungary,Jász-Nagykun-Szolnok,county,Jászberény,district
Hungary,Jász-Nagykun-Szolnok,county,Karcag,district
Hungary,Jász-Nagykun-Szolnok,county,Kunhegyes,district
Hungary,Jász-Nagykun-Szolnok,county,Kunszentmárton,district
Hungary,Jász-Nagykun-Szolnok,county,Mezőtúr,district
Hungary,Jász-Nagykun-Szolnok,county,Szolnok,district
Hungary,Jász-Nagykun-Szolnok,county,Tiszafüred,district
Hungary,Jász-Nagykun-Szolnok,county,Törökszentmiklós,district
Hungary,Komárom-Esztergom,county,Esztergom,district
Hungary,Komárom-Esztergom,county,Kisbér,district
Hungary,Komárom-Esztergom,county,Komárom,district
Hungary,Komárom-Esztergom,county,Oroszlány,district
Hungary,Komárom-Esztergom,county,Tata,district
Hungary,Komárom-Esztergom,county,Tatabánya,district
Hungary,Nógrád,county,Balassagyarmat,district
Hungary,Nógrád,county,Bátonyterenye,district
Hungary,Nógrád,county,Pásztó,district
Hungary,Nógrád,county,Rétság,district
Hungary,Nógrád,county,Salgótarján,district
Hungary,Nógrád,county,Szécsény,district
Hungary,Pest,county,Aszód,district
Hungary,Pest,county,Budakeszi,district
Hungary,Pest,county,Cegléd,district
Hungary,Pest,county,Dabas,district
Hungary,Pest,county,Dunakeszi,district
Hungary,Pest,county,Gyál,district
Hungary,Pest,county,Gödöllő,district
Hungary,Pest,county,Monor,district
Hungary,Pest,county,Nagykáta,district
Hungary,Pest,county,Nagykőrös,district
Hungary,Pest,county,Pilisvörösvár,district
Hungary,Pest,county,Ráckeve,district
Hungary,Pest,county,Szentendre,district
Hungary,Pest,county,Szigetszentmiklós,district
Hungary,Pest,county,Szob,district
Hungary,Pest,county,Vecsés,district
Hungary,Pest,county,Vác,district
Hungary,Pest,county,Érd,district
Hungary,Somogy,county,Barcs,district
Hungary,Somogy,county,Csurgó,district
Hungary,Somogy,county,Fonyód,district
Hungary,Somogy,county,Kaposvár,district
Hungary,Somogy,county,Marcali,district
Hungary,Somogy,county,Nagyatád,district
Hungary,Somogy,county,Siófok,district
Hungary,Somogy,county,Tab,district
Hungary,Szabolcs-Szatmár-Bereg,county,Baktalórántháza,district
Hungary,Szabolcs-Szatmár-Bereg,county,Csenger,district
Hungary,Szabolcs-Szatmár-Bereg,county,Fehérgyarmat,district
Hungary,Szabolcs-Szatmár-Bereg,county,Ibrány,district
Hungary,Szabolcs-Szatmár-Bereg,county,Kemecse,district
Hungary,Szabolcs-Szatmár-Bereg,county,Kisvárda,district
Hungary,Szabolcs-Szatmár-Bereg,county,Mátészalka,district
Hungary,Szabolcs-Szatmár-Bereg,county,Nagykálló,district
Hungary,Szabolcs-Szatmár-Bereg,county,Nyírbátor,district
Hungary,Szabolcs-Szatmár-Bereg,county,Nyíregyháza,district
Hungary,Szabolcs-Szatmár-Bereg,county,Tiszavasvári,district
Hungary,Szabolcs-Szatmár-Bereg,county,Vásárosnamény,district
Hungary,Szabolcs-Szatmár-Bereg,county,Záhony,district
Hungary,Tolna,county,Bonyhád,district
Hungary,Tolna,county,Dombóvár,district
Hungary,Tolna,county,Paks,district
Hungary,Tolna,county,Szekszárd,district
Hungary,Tolna,county,Tamási,district
Hungary,Tolna,county,Tolna,district
Hungary,Vas,county,Celldömölk,district
Hungary,Vas,county,Körmend,district
Hungary,Vas,county,Kőszeg,district
Hungary,Vas,county,Szentgotthárd,district
Hungary,Vas,county,Szombathely,district
Hungary,Vas,county,Sárvár,district
Hungary,Vas,county,Vasvár,district
Hungary,Veszprém,county,Ajka,district
Hungary,Veszprém,county,Balatonalmádi,district
Hungary,Veszprém,county,Balatonfüred,district
Hungary,Veszprém,county,Devecser,district
Hungary,Veszprém,county,Pápa,district
Hungary,Veszprém,county,Sümeg,district
Hungary,Veszprém,county,Tapolca,district
Hungary,Veszprém,county,Veszprém,district
Hungary,Veszprém,county,Várpalota,district
Hungary,Veszprém,county,Zirc,district
Hungary,Zala,county,Keszthely,district
Hungary,Zala,county,Lenti,district
Hungary,Zala,county,Letenye,district
Hungary,Zala,county,Nagykanizsa,district
Hungary,Zala,county,Zalaegerszeg,district
Hungary,Zala,county,Zalaszentgrót,district
Greece,Mount Athos,autonomous region,,
Greece,Attica,region,Central Athens,regional unit
Greece,Attica,region,East Attica,regional unit
Greece,Attica,region,Islands,regional unit
Greece,Attica,region,North Athens,regional unit
Greece,Attica,region,Piraeus,regional unit
Greece,Attica,region,South Athens,regional unit
Greece,Attica,region,West Athens,regional unit
Greece,Attica,region,West Attica,regional unit
Greece,Central Greece,region,Boeotia,regional unit
Greece,Central Greece,region,Euboea,regional unit
Greece,Central Greece,region,Evrytania,regional unit
Greece,Central Greece,region,Phocis,regional unit
Greece,Central Greece,region,Phthiotis,regional unit
Greece,Central Macedonia,region,Chalkidiki,regional unit
Greece,Central Macedonia,region,Imathia,regional unit
Greece,Central Macedonia,region,Kilkis,regional unit
Greece,Central Macedonia,region,Pella,regional unit
Greece,Central Macedonia,region,Pieria,regional unit
Greece,Central Macedonia,region,Serres,regional unit
Greece,Central Macedonia,region,Thessaloniki,regional unit
Greece,Crete,region,Chania,regional unit
Greece,Crete,region,Heraklion,regional unit
Greece,Crete,region,Lasithi,regional unit
Greece,Crete,region,Rethymno,regional unit
Greece,East Macedonia and Thrace,region,Drama,regional unit
Greece,East Macedonia and Thrace,region,Evros,regional unit
Greece,East Macedonia and Thrace,region,Kavala,regional unit
Greece,East Macedonia and Thrace,region,Rhodope,regional unit
Greece,East Macedonia and Thrace,region,Thasos,regional unit
Greece,East Macedonia and Thrace,region,Xanthi,regional unit
Greece,Epirus,region,Arta,regional unit
Greece,Epirus,region,Ioannina,regional unit
Greece,Epirus,region,Preveza,regional unit
Greece,Epirus,region,Thesprotia,regional unit
Greece,Ionian Islands,region,Cephalonia,regional unit
Greece,Ionian Islands,region,Corfu,regional unit
Greece,Ionian Islands,region,Ithaca,regional unit
Greece,Ionian Islands,region,Lefkada,regional unit
Greece,Ionian Islands,region,Zakynthos,regional unit
Greece,North Aegean,region,Chios,regional unit
Greece,North Aegean,region,Ikaria,regional unit
Greece,North Aegean,region,Lemnos,regional unit
Greece,North Aegean,region,Lesbos,regional unit
Greece,North Aegean,region,Samos,regional unit
Greece,Peloponnese,region,Arcadia,regional unit
Greece,Peloponnese,region,Argolis,regional unit
Greece,Peloponnese,region,Corinthia,regional unit
Greece,Peloponnese,region,Laconia,regional unit
Greece,Peloponnese,region,Messenia,regional unit
Greece,South Aegean,region,Andros,regional unit
Greece,South Aegean,region,Kalymnos,regional unit
Greece,South Aegean,region,Karpathos-Kasos,regional unit
Greece,South Aegean,region,Kea-Kythnos,regional unit
Greece,South Aegean,region,Kos,regional unit
Greece,South Aegean,region,Milos,regional unit
Greece,South Aegean,region,Mykonos,regional unit
Greece,South Aegean,region,Naxos,regional unit
Greece,South Aegean,region,Paros,regional unit
Greece,South Aegean,region,Rhodes,regional unit
Greece,South Aegean,region,Syros,regional unit
Greece,South Aegean,region,Thira,regional unit
Greece,South Aegean,region,Tinos,regional unit
Greece,Thessaly,region,Karditsa,regional unit
Greece,Thessaly,region,Larissa,regional unit
Greece,Thessaly,region,Magnesia,regional unit
Greece,Thessaly,region,Sporades,regional unit
Greece,Thessaly,region,Trikala,regional unit
Greece,West Greece,region,Achaea,regional unit
Greece,West Greece,region,Aetolia-Acarnania,regional unit
Greece,West Greece,region,Elis,regional unit
Greece,West Macedonia,region,Florina,regional unit
Greece,West Macedonia,region,Grevena,regional unit
Greece,West Macedonia,region,Kastoria,regional unit
Greece,West Macedonia,region,Kozani,regional unit
Germany,Baden-Württemberg,state,Alb-Donau-Kreis,district
Germany,Baden-Württemberg,state,Baden-Baden,urban district
Germany,Baden-Württemberg,state,Biberach,district
Germany,Baden-Württemberg,state,Bodenseekreis,district
Germany,Baden-Württemberg,state,Breisgau-Hochschwarzwald,district
Germany,Baden-Württemberg,state,Calw,district
Germany,Baden-Württemberg,state,Emmendingen,district
Germany,Baden-Württemberg,state,Enzkreis,district
Germany,Baden-Württemberg,state,Esslingen,district
Germany,Baden-Württemberg,state,Freiburgim Breisgau,urban district
Germany,Baden-Württemberg,state,Freudenstadt,district
Germany,Baden-Württemberg,state,Göppingen,district
Germany,Baden-Württemberg,state,Heidelberg,urban district
Germany,Baden-Württemberg,state,Heidenheim,district
Germany,Baden-Württemberg,state,Heilbronn,district
Germany,Baden-Württemberg,state,Heilbronn (Stadtkreis),urban district
Germany,Baden-Württemberg,state,Hohenlohekreis,district
Germany,Baden-Württemberg,state,Karlsruhe,district
Germany,Baden-Württemberg,state,Karlsruhe (Stadtkreis),urban district
Germany,Baden-Württemberg,state,Konstanz,district
Germany,Baden-Württemberg,state,Ludwigsburg,district
Germany,Baden-Württemberg,state,Lörrach,district
Germany,Baden-Württemberg,state,Main-Tauber-Kreis,district
Germany,Baden-Württemberg,state,Mannheim,urban district
Germany,Baden-Württemberg,state,Neckar-Odenwald-Kreis,district
Germany,Baden-Württemberg,state,Ortenaukreis,district
Germany,Baden-Württemberg,state,Ostalbkreis,district
Germany,Baden-Württemberg,state,Pforzheim,urban district
Germany,Baden-Württemberg,state,Rastatt,district
Germany,Baden-Württemberg,state,Ravensburg,district
Germany,Baden-Württemberg,state,Rems-Murr-Kreis,district
Germany,Baden-Württemberg,state,Reutlingen,district
Germany,Baden-Württemberg,state,Rhein-Neckar-Kreis,district
Germany,Baden-Württemberg,state,Rottweil,district
Germany,Baden-Württemberg,state,Schwarzwald-Baar-Kreis,district
Germany,Baden-Württemberg,state,Schwäbisch Hall,district
Germany,Baden-Württemberg,state,Sigmaringen,district
Germany,Baden-Württemberg,state,Stuttgart,urban district
Germany,Baden-Württemberg,state,Tuttlingen,district
Germany,Baden-Württemberg,state,Tübingen,district
Germany,Baden-Württemberg,state,Ulm,urban district
Germany,Baden-Württemberg,state,Waldshut,district
Germany,Baden-Württemberg,state,Zollernalbkreis,district
Germany,Bavaria,state,Aichach-Friedberg,district
Germany,Bavaria,state,Altötting,district
Germany,Bavaria,state,Amberg,urban district
Germany,Bavaria,state,Amberg-Sulzbach,district
Germany,Bavaria,state,Ansbach,district
Germany,Bavaria,state,Ansbach (Kreisfreie Stadt),urban district
Germany,Bavaria,state,Aschaffenburg,district
Germany,Bavaria,state,Aschaffenburg (Kreisfreie Stadt),urban district
Germany,Bavaria,state,Augsburg,district
Germany,Bavaria,state,Augsburg (Kreisfreie Stadt),urban district
Germany,Bavaria,state,Bad Kissingen,district
Germany,Bavaria,state,Bad Tölz-Wolfratshausen,district
Germany,Bavaria,state,Bamberg,district
Germany,Bavaria,state,Bamberg (Kreisfreie Stadt),urban district
Germany,Bavaria,state,Bayreuth,district
Germany,Bavaria,state,Bayreuth (Kreisfreie Stadt),urban district
Germany,Bavaria,state,Berchtesgadener Land,district
Germany,Bavaria,state,Cham,district
Germany,Bavaria,state,Coburg,district
Germany,Bavaria,state,Coburg (Kreisfreie Stadt),urban district
Germany,Bavaria,state,Dachau,district
Germany,Bavaria,state,Deggendorf,district
Germany,Bavaria,state,Dillingenander Donau,district
Germany,Bavaria,state,Dingolfing-Landau,district
Germany,Bavaria,state,Donau-Ries,district
Germany,Bavaria,state,Ebersberg,district
Germany,Bavaria,state,Eichstätt,district
Germany,Bavaria,state,Erding,district
Germany,Bavaria,state,Erlangen,urban district
Germany,Bavaria,state,Erlangen-Höchstadt,district
Germany,Bavaria,state,Forchheim,district
Germany,Bavaria,state,Freising,district
Germany,Bavaria,state,Freyung-Grafenau,district
Germany,Bavaria,state,Fürstenfeldbruck,district
Germany,Bavaria,state,Fürth,district
Germany,Bavaria,state,Fürth (Kreisfreie Stadt),urban district
Germany,Bavaria,state,Garmisch-Partenkirchen,district
Germany,Bavaria,state,Günzburg,district
Germany,Bavaria,state,Haßberge,district
Germany,Bavaria,state,Hof,district
Germany,Bavaria,state,Hof (Kreisfreie Stadt),urban district
Germany,Bavaria,state,Ingolstadt,urban district
Germany,Bavaria,state,Kaufbeuren,urban district
Germany,Bavaria,state,Kelheim,district
Germany,Bavaria,state,Kempten (Allgäu),urban district
Germany,Bavaria,state,Kitzingen,district
Germany,Bavaria,state,Kronach,district
Germany,Bavaria,state,Kulmbach,district
Germany,Bavaria,state,Landsbergam Lech,district
Germany,Bavaria,state,Landshut,district
Germany,Bavaria,state,Landshut (Kreisfreie Stadt),urban district
Germany,Bavaria,state,Lichtenfels,district
Germany,Bavaria,state,Lindau (Bodensee),district
Germany,Bavaria,state,Main-Spessart,district
Germany,Bavaria,state,Memmingen,urban district
Germany,Bavaria,state,Miesbach,district
Germany,Bavaria,state,Miltenberg,district
Germany,Bavaria,state,Mühldorfam Inn,district
Germany,Bavaria,state,München,district
Germany,Bavaria,state,München (Kreisfreie Stadt),urban district
Germany,Bavaria,state,Neu-Ulm,district
Germany,Bavaria,state,Neuburg-Schrobenhausen,district
Germany,Bavaria,state,Neumarktinder Oberpfalz,district
Germany,Bavaria,state,Neustadtander Aisch-Bad Windsh,district
Germany,Bavaria,state,Neustadtander Waldnaab,district
Germany,Bavaria,state,Nürnberg,urban district
Germany,Bavaria,state,Nürnberger Land,district
Germany,Bavaria,state,Oberallgäu,district
Germany,Bavaria,state,Ostallgäu,district
Germany,Bavaria,state,Passau,district
Germany,Bavaria,state,Passau (Kreisfreie Stadt),urban district
Germany,Bavaria,state,Pfaffenhofenander Ilm,district
Germany,Bavaria,state,Regen,district
Germany,Bavaria,state,Regensburg,district
Germany,Bavaria,state,Regensburg (Kreisfreie Stadt),urban district
Germany,Bavaria,state,Rhön-Grabfeld,district
Germany,Bavaria,state,Rosenheim,district
Germany,Bavaria,state,Rosenheim (Kreisfreie Stadt),urban district
Germany,Bavaria,state,Roth,district
Germany,Bavaria,state,Rottal-Inn,district
Germany,Bavaria,state,Schwabach,urban district
Germany,Bavaria,state,Schwandorf,district
Germany,Bavaria,state,Schweinfurt,district
Germany,Bavaria,state,Schweinfurt (Kreisfreie Stadt),urban district
Germany,Bavaria,state,Starnberg,district
Germany,Bavaria,state,Straubing,urban district
Germany,Bavaria,state,Straubing-Bogen,district
Germany,Bavaria,state,Tirschenreuth,district
Germany,Bavaria,state,Traunstein,district
Germany,Bavaria,state,Unterallgäu,district
Germany,Bavaria,state,Weideninder Oberpfalz,urban district
Germany,Bavaria,state,Weilheim-Schongau,district
Germany,Bavaria,state,Weißenburg-Gunzenhausen,district
Germany,Bavaria,state,Wunsiedelim Fichtelgebirge,district
Germany,Bavaria,state,Würzburg,district
Germany,Bavaria,state,Würzburg (Kreisfreie Stadt),urban district
Germany,Berlin,state,Berlin,urban district
Germany,Brandenburg,state,Brandenburgander Havel,urban district
Germany,Brandenburg,state,Cottbus,urban district
Germany,Brandenburg,state,Dahme-Spreewald,district
Germany,Brandenburg,state,Elbe-Elster,district
Germany,Brandenburg,state,Frankfurt (Oder),urban district
Germany,Brandenburg,state,Havelland,district
Germany,Brandenburg,state,Märkisch-Oderland,district
Germany,Brandenburg,state,Oberhavel,district
Germany,Brandenburg,state,Oberspreewald-Lausitz,district
Germany,Brandenburg,state,Oder-Spree,district
Germany,Brandenburg,state,Ostprignitz-Ruppin,district
Germany,Brandenburg,state,Potsdam,urban district
Germany,Brandenburg,state,Potsdam-Mittelmark,district
Germany,Brandenburg,state,Prignitz,district
Germany,Brandenburg,state,Spree-Neiße,district
Germany,Brandenburg,state,Teltow-Fläming,district
Germany,Brandenburg,state,Uckermark,district
Germany,Bremen,state,Bremen,urban district
Germany,Bremen,state,Bremerhaven,urban district
Germany,Hamburg,state,Hamburg,urban district
Germany,Hesse,state,Bergstraße,district
Germany,Hesse,state,Darmstadt,urban district
Germany,Hesse,state,Darmstadt-Dieburg,district
Germany,Hesse,state,Frankfurtam Main,urban district
Germany,Hesse,state,Fulda,district
Germany,Hesse,state,Gießen,district
Germany,Hesse,state,Groß-Gerau,district
Germany,Hesse,state,Hersfeld-Rotenburg,district
Germany,Hesse,state,Hochtaunuskreis,district
Germany,Hesse,state,Kassel,district
Germany,Hesse,state,Kassel (Kreisfreie Stadt),urban district
Germany,Hesse,state,Lahn-Dill-Kreis,district
Germany,Hesse,state,Limburg-Weilburg,district
Germany,Hesse,state,Main-Kinzig-Kreis,district
Germany,Hesse,state,Main-Taunus-Kreis,district
Germany,Hesse,state,Marburg-Biedenkopf,district
Germany,Hesse,state,Odenwaldkreis,district
Germany,Hesse,state,Offenbach,district
Germany,Hesse,state,Offenbacham Main,urban district
Germany,Hesse,state,Rheingau-Taunus-Kreis,district
Germany,Hesse,state,Schwalm-Eder-Kreis,district
Germany,Hesse,state,Vogelsbergkreis,district
Germany,Hesse,state,Waldeck-Frankenberg,district
Germany,Hesse,state,Werra-Meißner-Kreis,district
Germany,Hesse,state,Wetteraukreis,district
Germany,Hesse,state,Wiesbaden,urban district
Germany,Lower Saxony,state,Ammerland,district
Germany,Lower Saxony,state,Aurich,district
Germany,Lower Saxony,state,Braunschweig,urban district
Germany,Lower Saxony,state,Celle,district
Germany,Lower Saxony,state,Cloppenburg,district
Germany,Lower Saxony,state,Cuxhaven,district
Germany,Lower Saxony,state,Delmenhorst,urban district
Germany,Lower Saxony,state,Diepholz,district
Germany,Lower Saxony,state,Emden,urban district
Germany,Lower Saxony,state,Emsland,district
Germany,Lower Saxony,state,Friesland,district
Germany,Lower Saxony,state,Gifhorn,district
Germany,Lower Saxony,state,Goslar,district
Germany,Lower Saxony,state,Grafschaft Bentheim,district
Germany,Lower Saxony,state,Göttingen,district
Germany,Lower Saxony,state,Hameln-Pyrmont,district
Germany,Lower Saxony,state,Hanover Region,district
Germany,Lower Saxony,state,Harburg,district
Germany,Lower Saxony,state,Heidekreis,district
Germany,Lower Saxony,state,Helmstedt,district
Germany,Lower Saxony,state,Hildesheim,district
Germany,Lower Saxony,state,Holzminden,district
Germany,Lower Saxony,state,Leer,district
Germany,Lower Saxony,state,Lüchow-Dannenberg,district
Germany,Lower Saxony,state,Lüneburg,district
Germany,Lower Saxony,state,Nienburg (Weser),district
Germany,Lower Saxony,state,Northeim,district
Germany,Lower Saxony,state,Oldenburg,district
Germany,Lower Saxony,state,Oldenburg (Kreisfreie Stadt),urban district
Germany,Lower Saxony,state,Osnabrück,district
Germany,Lower Saxony,state,Osnabrück (Kreisfreie Stadt),urban district
Germany,Lower Saxony,state,Osterholz,district
Germany,Lower Saxony,state,Peine,district
Germany,Lower Saxony,state,Rotenburg (Wümme),district
Germany,Lower Saxony,state,Salzgitter,urban district
Germany,Lower Saxony,state,Schaumburg,district
Germany,Lower Saxony,state,Stade,district
Germany,Lower Saxony,state,Uelzen,district
Germany,Lower Saxony,state,Vechta,district
Germany,Lower Saxony,state,Verden,district
Germany,Lower Saxony,state,Wesermarsch,district
Germany,Lower Saxony,state,Wilhelmshaven,urban district
Germany,Lower Saxony,state,Wittmund,district
Germany,Lower Saxony,state,Wolfenbüttel,district
Germany,Lower Saxony,state,Wolfsburg,urban district
Germany,Mecklenburg-Vorpommern,state,Ludwigslust-Parchim,district
Germany,Mecklenburg-Vorpommern,state,Mecklenburgische Seenplatte,district
Germany,Mecklenburg-Vorpommern,state,Nordwestmecklenburg,district
Germany,Mecklenburg-Vorpommern,state,Rostock,district
Germany,Mecklenburg-Vorpommern,state,Rostock (Kreisfreie Stadt),urban district
Germany,Mecklenburg-Vorpommern,state,Schwerin,urban district
Germany,Mecklenburg-Vorpommern,state,Vorpommern-Greifswald,district
Germany,Mecklenburg-Vorpommern,state,Vorpommern-Rügen,district
Germany,North Rhine-Westphalia,state,Bielefeld,urban district
Germany,North Rhine-Westphalia,state,Bochum,urban district
Germany,North Rhine-Westphalia,state,Bonn,urban district
Germany,North Rhine-Westphalia,state,Borken,district
Germany,North Rhine-Westphalia,state,Bottrop,urban district
Germany,North Rhine-Westphalia,state,Coesfeld,district
Germany,North Rhine-Westphalia,state,Dortmund,urban district
Germany,North Rhine-Westphalia,state,Duisburg,urban district
Germany,North Rhine-Westphalia,state,Düren,district
Germany,North Rhine-Westphalia,state,Düsseldorf,urban district
Germany,North Rhine-Westphalia,state,Ennepe-Ruhr-Kreis,district
Germany,North Rhine-Westphalia,state,Essen,urban district
Germany,North Rhine-Westphalia,state,Euskirchen,district
Germany,North Rhine-Westphalia,state,Gelsenkirchen,urban district
Germany,North Rhine-Westphalia,state,Gütersloh,district
Germany,North Rhine-Westphalia,state,Hagen,urban district
Germany,North Rhine-Westphalia,state,Hamm,urban district
Germany,North Rhine-Westphalia,state,Heinsberg,district
Germany,North Rhine-Westphalia,state,Herford,district
Germany,North Rhine-Westphalia,state,Herne,urban district
Germany,North Rhine-Westphalia,state,Hochsauerlandkreis,district
Germany,North Rhine-Westphalia,state,Höxter,district
Germany,North Rhine-Westphalia,state,Kleve,district
Germany,North Rhine-Westphalia,state,Krefeld,urban district
Germany,North Rhine-Westphalia,state,Köln,urban district
Germany,North Rhine-Westphalia,state,Leverkusen,urban district
Germany,North Rhine-Westphalia,state,Lippe,district
Germany,North Rhine-Westphalia,state,Mettmann,district
Germany,North Rhine-Westphalia,state,Minden-Lübbecke,district
Germany,North Rhine-Westphalia,state,Märkischer Kreis,district
Germany,North Rhine-Westphalia,state,Mönchengladbach,urban district
Germany,North Rhine-Westphalia,state,Mülheimander Ruhr,urban district
Germany,North Rhine-Westphalia,state,Münster,urban district
Germany,North Rhine-Westphalia,state,Oberbergischer Kreis,district
Germany,North Rhine-Westphalia,state,Oberhausen,urban district
Germany,North Rhine-Westphalia,state,Olpe,district
Germany,North Rhine-Westphalia,state,Paderborn,district
Germany,North Rhine-Westphalia,state,Recklinghausen,district
Germany,North Rhine-Westphalia,state,Remscheid,urban district
Germany,North Rhine-Westphalia,state,Rhein-Erft-Kreis,district
Germany,North Rhine-Westphalia,state,Rhein-Kreis Neuss,district
Germany,North Rhine-Westphalia,state,Rhein-Sieg-Kreis,district
Germany,North Rhine-Westphalia,state,Rheinisch-Bergischer Kreis,district
Germany,North Rhine-Westphalia,state,Siegen-Wittgenstein,district
Germany,North Rhine-Westphalia,state,Soest,district
Germany,North Rhine-Westphalia,state,Solingen,urban district
Germany,North Rhine-Westphalia,state,Steinfurt,district
Germany,North Rhine-Westphalia,state,Städteregion Aachen,district
Germany,North Rhine-Westphalia,state,Unna,district
Germany,North Rhine-Westphalia,state,Viersen,district
Germany,North Rhine-Westphalia,state,Warendorf,district
Germany,North Rhine-Westphalia,state,Wesel,district
Germany,North Rhine-Westphalia,state,Wuppertal,urban district
Germany,Rhineland-Palatinate,state,Ahrweiler,district
Germany,Rhineland-Palatinate,state,Altenkirchen (Westerwald),district
Germany,Rhineland-Palatinate,state,Alzey-Worms,district
Germany,Rhineland-Palatinate,state,Bad Dürkheim,district
Germany,Rhineland-Palatinate,state,Bad Kreuznach,district
Germany,Rhineland-Palatinate,state,Bernkastel-Wittlich,district
Germany,Rhineland-Palatinate,state,Birkenfeld,district
Germany,Rhineland-Palatinate,state,Cochem-Zell,district
Germany,Rhineland-Palatinate,state,Donnersbergkreis,district
Germany,Rhineland-Palatinate,state,Eifelkreis Bitburg-Prüm,district
Germany,Rhineland-Palatinate,state,Frankenthal (Pfalz),urban district
Germany,Rhineland-Palatinate,state,Germersheim,district
Germany,Rhineland-Palatinate,state,Kaiserslautern,district
Germany,Rhineland-Palatinate,state,Kaiserslautern (Kreisfreie Stadt,urban district
Germany,Rhineland-Palatinate,state,Koblenz,urban district
Germany,Rhineland-Palatinate,state,Kusel,district
Germany,Rhineland-Palatinate,state,Landauinder Pfalz,urban district
Germany,Rhineland-Palatinate,state,Ludwigshafenam Rhein,urban district
Germany,Rhineland-Palatinate,state,Mainz,urban district
Germany,Rhineland-Palatinate,state,Mainz-Bingen,district
Germany,Rhineland-Palatinate,state,Mayen-Koblenz,district
Germany,Rhineland-Palatinate,state,Neustadtander Weinstraße,urban district
Germany,Rhineland-Palatinate,state,Neuwied,district
Germany,Rhineland-Palatinate,state,Pirmasens,urban district
Germany,Rhineland-Palatinate,state,Rhein-Hunsrück-Kreis,district
Germany,Rhineland-Palatinate,state,Rhein-Lahn-Kreis,district
Germany,Rhineland-Palatinate,state,Rhein-Pfalz-Kreis,district
Germany,Rhineland-Palatinate,state,Speyer,urban district
Germany,Rhineland-Palatinate,state,Südliche Weinstraße,district
Germany,Rhineland-Palatinate,state,Südwestpfalz,district
Germany,Rhineland-Palatinate,state,Trier,urban district
Germany,Rhineland-Palatinate,state,Trier-Saarburg,district
Germany,Rhineland-Palatinate,state,Vulkaneifel,district
Germany,Rhineland-Palatinate,state,Westerwaldkreis,district
Germany,Rhineland-Palatinate,state,Worms,urban district
Germany,Rhineland-Palatinate,state,Zweibrücken,urban district
Germany,Saarland,state,Merzig-Wadern,district
Germany,Saarland,state,Neunkirchen,district
Germany,Saarland,state,Regionalverband Saarbrücken,district
Germany,Saarland,state,Saarlouis,district
Germany,Saarland,state,Saarpfalz-Kreis,district
Germany,Saarland,state,St.Wendel,district
Germany,Saxony,state,Bautzen,district
Germany,Saxony,state,Chemnitz,urban district
Germany,Saxony,state,Dresden,urban district
Germany,Saxony,state,Erzgebirgskreis,district
Germany,Saxony,state,Görlitz,district
Germany,Saxony,state,Leipzig,district
Germany,Saxony,state,Leipzig (Kreisfreie Stadt),urban district
Germany,Saxony,state,Meißen,district
Germany,Saxony,state,Mittelsachsen,district
Germany,Saxony,state,Nordsachsen,district
Germany,Saxony,state,Sächsische Schweiz-Osterzgebirge,district
Germany,Saxony,state,Vogtlandkreis,district
Germany,Saxony,state,Zwickau,district
Germany,Saxony-Anhalt,state,Altmarkkreis Salzwedel,district
Germany,Saxony-Anhalt,state,Anhalt-Bitterfeld,district
Germany,Saxony-Anhalt,state,Burgenlandkreis,district
Germany,Saxony-Anhalt,state,Börde,district
Germany,Saxony-Anhalt,state,Dessau-Roßlau,urban district
Germany,Saxony-Anhalt,state,Halle (Saale),urban district
Germany,Saxony-Anhalt,state,Harz,district
Germany,Saxony-Anhalt,state,Jerichower Land,district
Germany,Saxony-Anhalt,state,Magdeburg,urban district
Germany,Saxony-Anhalt,state,Mansfeld-Südharz,district
Germany,Saxony-Anhalt,state,Saalekreis,district
Germany,Saxony-Anhalt,state,Salzlandkreis,district
Germany,Saxony-Anhalt,state,Stendal,district
Germany,Saxony-Anhalt,state,Wittenberg,district
Germany,Schleswig-Holstein,state,Dithmarschen,district
Germany,Schleswig-Holstein,state,Flensburg,urban district
Germany,Schleswig-Holstein,state,Herzogtum Lauenburg,district
Germany,Schleswig-Holstein,state,Kiel,urban district
Germany,Schleswig-Holstein,state,Lübeck,urban district
Germany,Schleswig-Holstein,state,Neumünster,urban district
Germany,Schleswig-Holstein,state,Nordfriesland,district
Germany,Schleswig-Holstein,state,Ostholstein,district
Germany,Schleswig-Holstein,state,Pinneberg,district
Germany,Schleswig-Holstein,state,Plön,district
Germany,Schleswig-Holstein,state,Rendsburg-Eckernförde,district
Germany,Schleswig-Holstein,state,Schleswig-Flensburg,district
Germany,Schleswig-Holstein,state,Segeberg,district
Germany,Schleswig-Holstein,state,Steinburg,district
Germany,Schleswig-Holstein,state,Stormarn,district
Germany,Thuringia,state,Altenburger Land,district
Germany,Thuringia,state,Eichsfeld,district
Germany,Thuringia,state,Erfurt,urban district
Germany,Thuringia,state,Gera,urban district
Germany,Thuringia,state,Gotha,district
Germany,Thuringia,state,Greiz,district
Germany,Thuringia,state,Hildburghausen,district
Germany,Thuringia,state,Ilm-Kreis,district
Germany,Thuringia,state,Jena,urban district
Germany,Thuringia,state,Kyffhäuserkreis,district
Germany,Thuringia,state,Nordhausen,district
Germany,Thuringia,state,Saale-Holzland-Kreis,district
Germany,Thuringia,state,Saale-Orla-Kreis,district
Germany,Thuringia,state,Saalfeld-Rudolstadt,district
Germany,Thuringia,state,Schmalkalden-Meiningen,district
Germany,Thuringia,state,Sonneberg,district
Germany,Thuringia,state,Suhl,urban district
Germany,Thuringia,state,Sömmerda,district
Germany,Thuringia,state,Unstrut-Hainich-Kreis,district
Germany,Thuringia,state,Wartburgkreis,district
Germany,Thuringia,state,Weimar,urban district
Germany,Thuringia,state,Weimarer Land,district
France,Auvergne-Rhône-Alpes,region,Ain,department
France,Auvergne-Rhône-Alpes,region,Allier,department
France,Auvergne-Rhône-Alpes,region,Ardèche,department
France,Auvergne-Rhône-Alpes,region,Cantal,department
France,Auvergne-Rhône-Alpes,region,Drôme,department
France,Auvergne-Rhône-Alpes,region,Haute-Loire,department
France,Auvergne-Rhône-Alpes,region,Haute-Savoie,department
France,Auvergne-Rhône-Alpes,region,Isère,department
France,Auvergne-Rhône-Alpes,region,Loire,department
France,Auvergne-Rhône-Alpes,region,Puy-de-Dôme,department
France,Auvergne-Rhône-Alpes,region,Rhône,department
France,Auvergne-Rhône-Alpes,region,Savoie,department
France,Brittany,region,Côtes-d'Armor,department
France,Brittany,region,Finistère,department
France,Brittany,region,Ille-et-Vilaine,department
France,Brittany,region,Morbihan,department
France,Burgundy-Franche-Comté,region,Côte-d'Or,department
France,Burgundy-Franche-Comté,region,Doubs,department
France,Burgundy-Franche-Comté,region,Haute-Saône,department
France,Burgundy-Franche-Comté,region,Jura,department
France,Burgundy-Franche-Comté,region,Nièvre,department
France,Burgundy-Franche-Comté,region,Saône-et-Loire,department
France,Burgundy-Franche-Comté,region,Territoirede Belfort,department
France,Burgundy-Franche-Comté,region,Yonne,department
France,Centre-Val de Loire,region,Cher,department
France,Centre-Val de Loire,region,Eure-et-Loir,department
France,Centre-Val de Loire,region,Indre,department
France,Centre-Val de Loire,region,Indre-et-Loire,department
France,Centre-Val de Loire,region,Loir-et-Cher,department
France,Centre-Val de Loire,region,Loiret,department
France,Corsica,region,Corse-du-Sud,department
France,Corsica,region,Haute-Corse,department
France,French Guiana,region,French Guiana,department
France,Grand Est,region,Ardennes,department
France,Grand Est,region,Aube,department
France,Grand Est,region,Bas-Rhin,department
France,Grand Est,region,Haut-Rhin,department
France,Grand Est,region,Haute-Marne,department
France,Grand Est,region,Marne,department
France,Grand Est,region,Meurthe-et-Moselle,department
France,Grand Est,region,Meuse,department
France,Grand Est,region,Moselle,department
France,Grand Est,region,Vosges,department
France,Guadeloupe,region,Guadeloupe,department
France,Hauts-de-France,region,Aisne,department
France,Hauts-de-France,region,Nord,department
France,Hauts-de-France,region,Oise,department
France,Hauts-de-France,region,Pas-de-Calais,department
France,Hauts-de-France,region,Somme,department
France,Martinique,region,Martinique,department
France,Mayotte,region,Mayotte,department
France,Normandy,region,Calvados,department
France,Normandy,region,Eure,department
France,Normandy,region,Manche,department
France,Normandy,region,Orne,department
France,Normandy,region,Seine-Maritime,department
France,Nouvelle-Aquitaine,region,Charente,department
France,Nouvelle-Aquitaine,region,Charente-Maritime,department
France,Nouvelle-Aquitaine,region,Corrèze,department
France,Nouvelle-Aquitaine,region,Creuse,department
France,Nouvelle-Aquitaine,region,Deux-Sèvres,department
France,Nouvelle-Aquitaine,region,Dordogne,department
France,Nouvelle-Aquitaine,region,Gironde,department
France,Nouvelle-Aquitaine,region,Haute-Vienne,department
France,Nouvelle-Aquitaine,region,Landes,department
France,Nouvelle-Aquitaine,region,Lot-et-Garonne,department
France,Nouvelle-Aquitaine,region,Pyrénées-Atlantiques,department
France,Nouvelle-Aquitaine,region,Vienne,department
France,Occitanie,region,Ariège,department
France,Occitanie,region,Aude,department
France,Occitanie,region,Aveyron,department
France,Occitanie,region,Gard,department
France,Occitanie,region,Gers,department
France,Occitanie,region,Haute-Garonne,department
France,Occitanie,region,Hautes-Pyrénées,department
France,Occitanie,region,Hérault,department
France,Occitanie,region,Lot,department
France,Occitanie,region,Lozère,department
France,Occitanie,region,Pyrénées-Orientales,department
France,Occitanie,region,Tarn,department
France,Occitanie,region,Tarn-et-Garonne,department
France,Pays de la Loire,region,Loire-Atlantique,department
France,Pays de la Loire,region,Maine-et-Loire,department
France,Pays de la Loire,region,Mayenne,department
France,Pays de la Loire,region,Sarthe,department
France,Pays de la Loire,region,Vendée,department
France,Provence-Alpes-Côte d'Azur,region,Alpes-Maritimes,department
France,Provence-Alpes-Côte d'Azur,region,Alpes-de-Haute-Provence,department
France,Provence-Alpes-Côte d'Azur,region,Bouches-du-Rhône,department
France,Provence-Alpes-Côte d'Azur,region,Hautes-Alpes,department
France,Provence-Alpes-Côte d'Azur,region,Var,department
France,Provence-Alpes-Côte d'Azur,region,Vaucluse,department
France,Réunion,region,Réunion,department
France,Île-de-France,region,Essonne,department
France,Île-de-France,region,Hauts-de-Seine,department
France,Île-de-France,region,Paris,department
France,Île-de-France,region,Seine-Saint-Denis,department
France,Île-de-France,region,Seine-et-Marne,department
France,Île-de-France,region,Val-d'Oise,department
France,Île-de-France,region,Val-de-Marne,department
France,Île-de-France,region,Yvelines,department
Estonia,Harju,county,Anija,parish
Estonia,Harju,county,Harku,parish
Estonia,Harju,county,Jõelähtme,parish
Estonia,Harju,county,Keila,town
Estonia,Harju,county,Kiili,parish
Estonia,Harju,county,Kose,parish
Estonia,Harju,county,Kuusalu,parish
Estonia,Harju,county,Loksa,town
Estonia,Harju,county,Lääne-Harju,parish
Estonia,Harju,county,Maardu,town
Estonia,Harju,county,Raasiku,parish
Estonia,Harju,county,Rae,parish
Estonia,Harju,county,Saku,parish
Estonia,Harju,county,Saue,parish
Estonia,Harju,county,Tallinn,town
Estonia,Harju,county,Viimsi,parish
Estonia,Hiiu,county,Hiiumaa,parish
Estonia,Ida-Viru,county,Alutaguse,parish
Estonia,Ida-Viru,county,Jõhvi,parish
Estonia,Ida-Viru,county,Kohtla-Järve,town
Estonia,Ida-Viru,county,Lüganuse,parish
Estonia,Ida-Viru,county,Narva,town
Estonia,Ida-Viru,county,Narva-Jõesuu,town
Estonia,Ida-Viru,county,Sillamäe,town
Estonia,Järva,county,Järva,parish
Estonia,Järva,county,Paide,town
Estonia,Järva,county,Türi,parish
Estonia,Jõgeva,county,Jõgeva,parish
Estonia,Jõgeva,county,Mustvee,parish
Estonia,Jõgeva,county,Põltsamaa,parish
Estonia,Lääne,county,Haapsalu,town
Estonia,Lääne,county,Lääne-Nigula,parish
Estonia,Lääne,county,Vormsi,parish
Estonia,Lääne-Viru,county,Haljala,parish
Estonia,Lääne-Viru,county,Kadrina,parish
Estonia,Lääne-Viru,county,Rakvere,parish
Estonia,Lääne-Viru,county,Rakvere,town
Estonia,Lääne-Viru,county,Tapa,parish
Estonia,Lääne-Viru,county,Vinni,parish
Estonia,Lääne-Viru,county,Viru-Nigula,parish
Estonia,Lääne-Viru,county,Väike-Maarja,parish
Estonia,Pärnu,county,Häädemeeste,parish
Estonia,Pärnu,county,Kihnu,parish
Estonia,Pärnu,county,Lääneranna,parish
Estonia,Pärnu,county,Pärnu,town
Estonia,Pärnu,county,Põhja-Pärnumaa,parish
Estonia,Pärnu,county,Saarde,parish
Estonia,Pärnu,county,Tori,parish
Estonia,Põlva,county,Kanepi,parish
Estonia,Põlva,county,Põlva,parish
Estonia,Põlva,county,Räpina,parish
Estonia,Rapla,county,Kehtna,parish
Estonia,Rapla,county,Kohila,parish
Estonia,Rapla,county,Märjamaa,parish
Estonia,Rapla,county,Rapla,parish
Estonia,Saare,county,Muhu,parish
Estonia,Saare,county,Ruhnu,parish
Estonia,Saare,county,Saaremaa,parish
Estonia,Tartu,county,Elva,parish
Estonia,Tartu,county,Kambja,parish
Estonia,Tartu,county,Kastre,parish
Estonia,Tartu,county,Luunja,parish
Estonia,Tartu,county,Nõo,parish
Estonia,Tartu,county,Peipsiääre,parish
Estonia,Tartu,county,Tartu,parish
Estonia,Tartu,county,Tartu,town
Estonia,Valga,county,Otepää,parish
Estonia,Valga,county,Tõrva,parish
Estonia,Valga,county,Valga,parish
Estonia,Viljandi,county,Mulgi,parish
Estonia,Viljandi,county,Põhja-Sakala,parish
Estonia,Viljandi,county,Viljandi,parish
Estonia,Viljandi,county,Viljandi,town
Estonia,Võru,county,Antsla,parish
Estonia,Võru,county,Rõuge,parish
Estonia,Võru,county,Setomaa,parish
Estonia,Võru,county,Võru,parish
Estonia,Võru,county,Võru,town
Denmark,Capital,region,Albertslund,municipality
Denmark,Capital,region,Allerød,municipality
Denmark,Capital,region,Ballerup,municipality
Denmark,Capital,region,Bornholm,municipality
Denmark,Capital,region,Brøndby,municipality
Denmark,Capital,region,Copenhagen,municipality
Denmark,Capital,region,Dragør,municipality
Denmark,Capital,region,Egedal,municipality
Denmark,Capital,region,Fredensborg,municipality
Denmark,Capital,region,Frederiksberg,municipality
Denmark,Capital,region,Frederikssund,municipality
Denmark,Capital,region,Furesø,municipality
Denmark,Capital,region,Gentofte,municipality
Denmark,Capital,region,Gladsaxe,municipality
Denmark,Capital,region,Glostrup,municipality
Denmark,Capital,region,Gribskov,municipality
Denmark,Capital,region,Halsnæs,municipality
Denmark,Capital,region,Helsingør,municipality
Denmark,Capital,region,Herlev,municipality
Denmark,Capital,region,Hillerød,municipality
Denmark,Capital,region,Hvidovre,municipality
Denmark,Capital,region,Høje-Taastrup,municipality
Denmark,Capital,region,Hørsholm,municipality
Denmark,Capital,region,Ishøj,municipality
Denmark,Capital,region,Lyngby-Taarbæk,municipality
Denmark,Capital,region,Rudersdal,municipality
Denmark,Capital,region,Rødovre,municipality
Denmark,Capital,region,Tårnby,municipality
Denmark,Capital,region,Vallensbæk,municipality
Denmark,Central Denmark,region,Aarhus,municipality
Denmark,Central Denmark,region,Favrskov,municipality
Denmark,Central Denmark,region,Hedensted,municipality
Denmark,Central Denmark,region,Herning,municipality
Denmark,Central Denmark,region,Holstebro,municipality
Denmark,Central Denmark,region,Horsens,municipality
Denmark,Central Denmark,region,Ikast-Brande,municipality
Denmark,Central Denmark,region,Lemvig,municipality
Denmark,Central Denmark,region,Norddjurs,municipality
Denmark,Central Denmark,region,Odder,municipality
Denmark,Central Denmark,region,Randers,municipality
Denmark,Central Denmark,region,Ringkøbing-Skjern,municipality
Denmark,Central Denmark,region,Samsø,municipality
Denmark,Central Denmark,region,Silkeborg,municipality
Denmark,Central Denmark,region,Skanderborg,municipality
Denmark,Central Denmark,region,Skive,municipality
Denmark,Central Denmark,region,Struer,municipality
Denmark,Central Denmark,region,Syddjurs,municipality
Denmark,Central Denmark,region,Viborg,municipality
Denmark,North Denmark,region,Aalborg,municipality
Denmark,North Denmark,region,Brønderslev,municipality
Denmark,North Denmark,region,Frederikshavn,municipality
Denmark,North Denmark,region,Hjørring,municipality
Denmark,North Denmark,region,Jammerbugt,municipality
Denmark,North Denmark,region,Læsø,municipality
Denmark,North Denmark,region,Mariagerfjord,municipality
Denmark,North Denmark,region,Morsø,municipality
Denmark,North Denmark,region,Rebild,municipality
Denmark,North Denmark,region,Thisted,municipality
Denmark,North Denmark,region,Vesthimmerland,municipality
Denmark,Southern Denmark,region,Aabenraa,municipality
Denmark,Southern Denmark,region,Assens,municipality
Denmark,Southern Denmark,region,Billund,municipality
Denmark,Southern Denmark,region,Esbjerg,municipality
Denmark,Southern Denmark,region,Faaborg-Midtfyn,municipality
Denmark,Southern Denmark,region,Fanø,municipality
Denmark,Southern Denmark,region,Fredericia,municipality
Denmark,Southern Denmark,region,Haderslev,municipality
Denmark,Southern Denmark,region,Kerteminde,municipality
Denmark,Southern Denmark,region,Kolding,municipality
Denmark,Southern Denmark,region,Langeland,municipality
Denmark,Southern Denmark,region,Middelfart,municipality
Denmark,Southern Denmark,region,Nordfyns,municipality
Denmark,Southern Denmark,region,Nyborg,municipality
Denmark,Southern Denmark,region,Odense,municipality
Denmark,Southern Denmark,region,Svendborg,municipality
Denmark,Southern Denmark,region,Sønderborg,municipality
Denmark,Southern Denmark,region,Tønder,municipality
Denmark,Southern Denmark,region,Varde,municipality
Denmark,Southern Denmark,region,Vejen,municipality
Denmark,Southern Denmark,region,Vejle,municipality
Denmark,Southern Denmark,region,Ærø,municipality
Denmark,Zealand,region,Faxe,municipality
Denmark,Zealand,region,Greve,municipality
Denmark,Zealand,region,Guldborgsund,municipality
Denmark,Zealand,region,Holbæk,municipality
Denmark,Zealand,region,Kalundborg,municipality
Denmark,Zealand,region,Køge,municipality
Denmark,Zealand,region,Lejre,municipality
Denmark,Zealand,region,Lolland,municipality
Denmark,Zealand,region,Næstved,municipality
Denmark,Zealand,region,Odsherred,municipality
Denmark,Zealand,region,Ringsted,municipality
Denmark,Zealand,region,Roskilde,municipality
Denmark,Zealand,region,Slagelse,municipality
Denmark,Zealand,region,Solrød,municipality
Denmark,Zealand,region,Sorø,municipality
Denmark,Zealand,region,Stevns,municipality
Denmark,Zealand,region,Vordingborg,municipality
Belgium,Brussels,region,Anderlecht,municipality
Belgium,Brussels,region,Auderghem,municipality
Belgium,Brussels,region,Berchem-Sainte-Agathe,municipality
Belgium,Brussels,region,Brussels,municipality
Belgium,Brussels,region,Etterbeek,municipality
Belgium,Brussels,region,Evere,municipality
Belgium,Brussels,region,Forest,municipality
Belgium,Brussels,region,Ganshoren,municipality
Belgium,Brussels,region,Ixelles,municipality
Belgium,Brussels,region,Jette,municipality
Belgium,Brussels,region,Koekelberg,municipality
Belgium,Brussels,region,Molenbeek-Saint-Jean,municipality
Belgium,Brussels,region,Saint-Gilles,municipality
Belgium,Brussels,region,Saint-Josse-ten-Noode,municipality
Belgium,Brussels,region,Schaerbeek,municipality
Belgium,Brussels,region,Uccle,municipality
Belgium,Brussels,region,Watermael-Boitsfort,municipality
Belgium,Brussels,region,Woluwe-Saint-Lambert,municipality
Belgium,Brussels,region,Woluwe-Saint-Pierre,municipality
Belgium,Flanders,region,Antwerp,province
Belgium,Flanders,region,East Flanders,province
Belgium,Flanders,region,Flemish Brabant,province
Belgium,Flanders,region,Limburg,province
Belgium,Flanders,region,West Flanders,province
Belgium,Wallonia,region,Hainaut,province
Belgium,Wallonia,region,Liège,province
Belgium,Wallonia,region,Luxembourg,province
Belgium,Wallonia,region,Namur,province
Belgium,Wallonia,region,Walloon Brabant,province
Czechia,Central Bohemian,region,Benešov,district
Czechia,Central Bohemian,region,Beroun,district
Czechia,Central Bohemian,region,Kladno,district
Czechia,Central Bohemian,region,Kolín,district
Czechia,Central Bohemian,region,Kutná Hora,district
Czechia,Central Bohemian,region,Mladá Boleslav,district
Czechia,Central Bohemian,region,Mělník,district
Czechia,Central Bohemian,region,Nymburk,district
Czechia,Central Bohemian,region,Prague-East,district
Czechia,Central Bohemian,region,Prague-West,district
Czechia,Central Bohemian,region,Příbram,district
Czechia,Central Bohemian,region,Rakovník,district
Czechia,Hradec Králové,region,Hradec Králové,district
Czechia,Hradec Králové,region,Jičín,district
Czechia,Hradec Králové,region,Náchod,district
Czechia,Hradec Králové,region,Rychnov nad Kněžnou,district
Czechia,Hradec Králové,region,Trutnov,district
Czechia,Karlovy Vary,region,Cheb,district
Czechia,Karlovy Vary,region,Karlovy Vary,district
Czechia,Karlovy Vary,region,Sokolov,district
Czechia,Liberec,region,Jablonec nad Nisou,district
Czechia,Liberec,region,Liberec,district
Czechia,Liberec,region,Semily,district
Czechia,Liberec,region,Česká Lípa,district
Czechia,Moravian-Silesian,region,Bruntál,district
Czechia,Moravian-Silesian,region,Frýdek-Místek,district
Czechia,Moravian-Silesian,region,Karviná,district
Czechia,Moravian-Silesian,region,Nový Jičín,district
Czechia,Moravian-Silesian,region,Opava,district
Czechia,Moravian-Silesian,region,Ostrava,city
Czechia,Olomouc,region,Jeseník,district
Czechia,Olomouc,region,Olomouc,district
Czechia,Olomouc,region,Prostějov,district
Czechia,Olomouc,region,Přerov,district
Czechia,Olomouc,region,Šumperk,district
Czechia,Pardubice,region,Chrudim,district
Czechia,Pardubice,region,Pardubice,district
Czechia,Pardubice,region,Svitavy,district
Czechia,Pardubice,region,Ústí nad Orlicí,district
Czechia,Plzeň,region,Domažlice,district
Czechia,Plzeň,region,Klatovy,district
Czechia,Plzeň,region,Plzeň,city
Czechia,Plzeň,region,Plzeň-North,district
Czechia,Plzeň,region,Plzeň-South,district
Czechia,Plzeň,region,Rokycany,district
Czechia,Plzeň,region,Tachov,district
Czechia,Prague,region,,
Czechia,South Bohemian,region,Jindřichův Hradec,district
Czechia,South Bohemian,region,Prachatice,district
Czechia,South Bohemian,region,Písek,district
Czechia,South Bohemian,region,Strakonice,district
Czechia,South Bohemian,region,Tábor,district
Czechia,South Bohemian,region,České Budějovice,district
Czechia,South Bohemian,region,Český Krumlov,district
Czechia,South Moravian,region,Blansko,district
Czechia,South Moravian,region,Brno,city
Czechia,South Moravian,region,Brno-Venkov,district
Czechia,South Moravian,region,Břeclav,district
Czechia,South Moravian,region,Hodonín,district
Czechia,South Moravian,region,Vyškov,district
Czechia,South Moravian,region,Znojmo,district
Czechia,Vysočina,region,Havlíčkův Brod,district
Czechia,Vysočina,region,Jihlava,district
Czechia,Vysočina,region,Pelhřimov,district
Czechia,Vysočina,region,Třebíč,district
Czechia,Vysočina,region,Žďár nad Sázavou,district
Czechia,Zlín,region,Kroměříž,district
Czechia,Zlín,region,Uherské Hradiště,district
Czechia,Zlín,region,Vsetín,district
Czechia,Zlín,region,Zlín,district
Czechia,Ústí nad Labem,region,Chomutov,district
Czechia,Ústí nad Labem,region,Děčín,district
Czechia,Ústí nad Labem,region,Litoměřice,district
Czechia,Ústí nad Labem,region,Louny,district
Czechia,Ústí nad Labem,region,Most,district
Czechia,Ústí nad Labem,region,Teplice,district
Czechia,Ústí nad Labem,region,Ústí nad Labem,district
Cyprus,Famagusta,district,Agia Napa,municipality
Cyprus,Famagusta,district,Akanthou,municipality
Cyprus,Famagusta,district,Famagusta,municipality
Cyprus,Famagusta,district,Lefkoniko,municipality
Cyprus,Famagusta,district,Lysi,municipality
Cyprus,Famagusta,district,Paralimni-Deryneia,municipality
Cyprus,Kyrenia,district,Karavas,municipality
Cyprus,Kyrenia,district,Kyrenia,municipality
Cyprus,Kyrenia,district,Lapithos,municipality
Cyprus,Larnaca,district,Aradippou,municipality
Cyprus,Larnaca,district,Athienou,municipality
Cyprus,Larnaca,district,Dromolaxia-Meneou,municipality
Cyprus,Larnaca,district,Larnaca,municipality
Cyprus,Larnaca,district,Lefkara,municipality
Cyprus,Limassol,district,Amathounta,municipality
Cyprus,Limassol,district,Kourion,municipality
Cyprus,Limassol,district,Limassol,municipality
Cyprus,Limassol,district,Polemidia,municipality
Cyprus,Nicosia,district,Kythrea,municipality
Cyprus,Nicosia,district,Lakatameia,municipality
Cyprus,Nicosia,district,Latsia-Geri,municipality
Cyprus,Nicosia,district,Morphou,municipality
Cyprus,Nicosia,district,Nicosia,municipality
Cyprus,Nicosia,district,South Nicosia-Idalion,municipality
Cyprus,Nicosia,district,Strovolos,municipality
Cyprus,Paphos,district,Akamas,municipality
Cyprus,Paphos,district,Ierokipia,municipality
Cyprus,Paphos,district,Paphos,municipality
Cyprus,Paphos,district,Polis Chrysochous,municipality
Croatia,Bjelovar-Bilogora,county,Berek,municipality
Croatia,Bjelovar-Bilogora,county,Daruvar,city
Croatia,Bjelovar-Bilogora,county,Dežanovac,municipality
Croatia,Bjelovar-Bilogora,county,Garešnica,city
Croatia,Bjelovar-Bilogora,county,Grubišno Polje,city
Croatia,Bjelovar-Bilogora,county,Hercegovac,municipality
Croatia,Bjelovar-Bilogora,county,Ivanska,municipality
Croatia,Bjelovar-Bilogora,county,Kapela,municipality
Croatia,Bjelovar-Bilogora,county,Končanica,municipality
Croatia,Bjelovar-Bilogora,county,Nova Rača,municipality
Croatia,Bjelovar-Bilogora,county,Rovišće,municipality
Croatia,Bjelovar-Bilogora,county,Severin,municipality
Croatia,Bjelovar-Bilogora,county,Sirač,municipality
Croatia,Bjelovar-Bilogora,county,Velika Pisanica,municipality
Croatia,Bjelovar-Bilogora,county,Velika Trnovitica,municipality
Croatia,Bjelovar-Bilogora,county,Veliki Grđevac,municipality
Croatia,Bjelovar-Bilogora,county,Veliko Trojstvo,municipality
Croatia,Bjelovar-Bilogora,county,Zrinski Topolovac,municipality
Croatia,Bjelovar-Bilogora,county,Čazma,city
Croatia,Bjelovar-Bilogora,county,Đulovac,municipality
Croatia,Bjelovar-Bilogora,county,Šandrovac,municipality
Croatia,Bjelovar-Bilogora,county,Štefanje,municipality
Croatia,Brod-Posavina,county,Bebrina,municipality
Croatia,Brod-Posavina,county,Brodski Stupnik,municipality
Croatia,Brod-Posavina,county,Bukovlje,municipality
Croatia,Brod-Posavina,county,Cernik,municipality
Croatia,Brod-Posavina,county,Davor,municipality
Croatia,Brod-Posavina,county,Donji Andrijevci,municipality
Croatia,Brod-Posavina,county,Dragalić,municipality
Croatia,Brod-Posavina,county,Garčin,municipality
Croatia,Brod-Posavina,county,Gornja Vrba,municipality
Croatia,Brod-Posavina,county,Gornji Bogićevci,municipality
Croatia,Brod-Posavina,county,Gundinci,municipality
Croatia,Brod-Posavina,county,Klakar,municipality
Croatia,Brod-Posavina,county,Nova Gradiška,city
Croatia,Brod-Posavina,county,Nova Kapela,municipality
Croatia,Brod-Posavina,county,Okučani,municipality
Croatia,Brod-Posavina,county,Oprisavci,municipality
Croatia,Brod-Posavina,county,Oriovac,municipality
Croatia,Brod-Posavina,county,Podcrkavlje,municipality
Croatia,Brod-Posavina,county,Rešetari,municipality
Croatia,Brod-Posavina,county,Sibinj,municipality
Croatia,Brod-Posavina,county,Sikirevci,municipality
Croatia,Brod-Posavina,county,Slavonski Brod,city
Croatia,Brod-Posavina,county,Slavonski Šamac,municipality
Croatia,Brod-Posavina,county,Stara Gradiška,municipality
Croatia,Brod-Posavina,county,Staro Petrovo Selo,municipality
Croatia,Brod-Posavina,county,Velika Kopanica,municipality
Croatia,Brod-Posavina,county,Vrbje,municipality
Croatia,Brod-Posavina,county,Vrpolje,municipality
Croatia,Dubrovnik-Neretva,county,Blato,municipality
Croatia,Dubrovnik-Neretva,county,Dubrovačko Primorje,municipality
Croatia,Dubrovnik-Neretva,county,Dubrovnik,city
Croatia,Dubrovnik-Neretva,county,Janjina,municipality
Croatia,Dubrovnik-Neretva,county,Konavle,municipality
Croatia,Dubrovnik-Neretva,county,Korčula,city
Croatia,Dubrovnik-Neretva,county,Kula Norinska,municipality
Croatia,Dubrovnik-Neretva,county,Lastovo,municipality
Croatia,Dubrovnik-Neretva,county,Lumbarda,municipality
Croatia,Dubrovnik-Neretva,county,Metković,city
Croatia,Dubrovnik-Neretva,county,Mljet,municipality
Croatia,Dubrovnik-Neretva,county,Opuzen,city
Croatia,Dubrovnik-Neretva,county,Orebić,municipality
Croatia,Dubrovnik-Neretva,county,Ploče,city
Croatia,Dubrovnik-Neretva,county,Pojezerje,municipality
Croatia,Dubrovnik-Neretva,county,Slivno,municipality
Croatia,Dubrovnik-Neretva,county,Smokvica,municipality
Croatia,Dubrovnik-Neretva,county,Ston,municipality
Croatia,Dubrovnik-Neretva,county,Trpanj,municipality
Croatia,Dubrovnik-Neretva,county,Vela Luka,municipality
Croatia,Dubrovnik-Neretva,county,Zažablje,municipality
Croatia,Dubrovnik-Neretva,county,Župa Dubrovačka,municipality
Croatia,Istria,county,Bale,municipality
Croatia,Istria,county,Barban,municipality
Croatia,Istria,county,Brtonigla,municipality
Croatia,Istria,county,Buje,city
Croatia,Istria,county,Buzet,city
Croatia,Istria,county,Cerovlje,municipality
Croatia,Istria,county,Fažana,municipality
Croatia,Istria,county,Funtana,municipality
Croatia,Istria,county,Gračišće,municipality
Croatia,Istria,county,Grožnjan,municipality
Croatia,Istria,county,Kanfanar,municipality
Croatia,Istria,county,Karojba,municipality
Croatia,Istria,county,Kaštelir-Labinci,municipality
Croatia,Istria,county,Kršan,municipality
Croatia,Istria,county,Labin,city
Croatia,Istria,county,Lanišće,municipality
Croatia,Istria,county,Ližnjan,municipality
Croatia,Istria,county,Lupoglav,municipality
Croatia,Istria,county,Marčana,municipality
Croatia,Istria,county,Medulin,municipality
Croatia,Istria,county,Motovun,municipality
Croatia,Istria,county,Novigrad,city
Croatia,Istria,county,Oprtalj,municipality
Croatia,Istria,county,Pazin,city
Croatia,Istria,county,Pićan,municipality
Croatia,Istria,county,Poreč,city
Croatia,Istria,county,Pula,city
Croatia,Istria,county,Raša,municipality
Croatia,Istria,county,Rovinj,city
Croatia,Istria,county,Sveta Nedelja,municipality
Croatia,Istria,county,Sveti Lovreč,municipality
Croatia,Istria,county,Sveti Petaru Šumi,municipality
Croatia,Istria,county,Svetvinčenat,municipality
Croatia,Istria,county,Tar-Vabriga,municipality
Croatia,Istria,county,Tinjan,municipality
Croatia,Istria,county,Umag,city
Croatia,Istria,county,Višnjan,municipality
Croatia,Istria,county,Vižinada,municipality
Croatia,Istria,county,Vodnjan,city
Croatia,Istria,county,Vrsar,municipality
Croatia,Istria,county,Žminj,municipality
Croatia,Karlovac,county,Barilović,municipality
Croatia,Karlovac,county,Bosiljevo,municipality
Croatia,Karlovac,county,Cetingrad,municipality
Croatia,Karlovac,county,Draganić,municipality
Croatia,Karlovac,county,Duga Resa,city
Croatia,Karlovac,county,Generalski Stol,municipality
Croatia,Karlovac,county,Josipdol,municipality
Croatia,Karlovac,county,Kamanje,municipality
Croatia,Karlovac,county,Karlovac,city
Croatia,Karlovac,county,Krnjak,municipality
Croatia,Karlovac,county,Lasinja,municipality
Croatia,Karlovac,county,Netretić,municipality
Croatia,Karlovac,county,Ogulin,city
Croatia,Karlovac,county,Ozalj,city
Croatia,Karlovac,county,Plaški,municipality
Croatia,Karlovac,county,Rakovica,municipality
Croatia,Karlovac,county,Ribnik,municipality
Croatia,Karlovac,county,Saborsko,municipality
Croatia,Karlovac,county,Slunj,city
Croatia,Karlovac,county,Tounj,municipality
Croatia,Karlovac,county,Vojnić,municipality
Croatia,Karlovac,county,Žakanje,municipality
Croatia,Koprivnica-Križevci,county,Drnje,municipality
Croatia,Koprivnica-Križevci,county,Ferdinandovac,municipality
Croatia,Koprivnica-Križevci,county,Gola,municipality
Croatia,Koprivnica-Križevci,county,Gornja Rijeka,municipality
Croatia,Koprivnica-Križevci,county,Hlebine,municipality
Croatia,Koprivnica-Križevci,county,Kalinovac,municipality
Croatia,Koprivnica-Križevci,county,Kalnik,municipality
Croatia,Koprivnica-Križevci,county,Kloštar Podravski,municipality
Croatia,Koprivnica-Križevci,county,Koprivnica,city
Croatia,Koprivnica-Križevci,county,Koprivnički Bregi,municipality
Croatia,Koprivnica-Križevci,county,Koprivnički Ivanec,municipality
Croatia,Koprivnica-Križevci,county,Križevci,city
Croatia,Koprivnica-Križevci,county,Legrad,municipality
Croatia,Koprivnica-Križevci,county,Molve,municipality
Croatia,Koprivnica-Križevci,county,Novigrad Podravski,municipality
Croatia,Koprivnica-Križevci,county,Novo Virje,municipality
Croatia,Koprivnica-Križevci,county,Peteranec,municipality
Croatia,Koprivnica-Križevci,county,Podravske Sesvete,municipality
Croatia,Koprivnica-Križevci,county,Rasinja,municipality
Croatia,Koprivnica-Križevci,county,Sokolovac,municipality
Croatia,Koprivnica-Križevci,county,Sveti Ivan Žabno,municipality
Croatia,Koprivnica-Križevci,county,Sveti Petar Orehovec,municipality
Croatia,Koprivnica-Križevci,county,Virje,municipality
Croatia,Koprivnica-Križevci,county,Đelekovec,municipality
Croatia,Koprivnica-Križevci,county,Đurđevac,city
Croatia,Krapina-Zagorje,county,Bedekovčina,municipality
Croatia,Krapina-Zagorje,county,Budinšćina,municipality
Croatia,Krapina-Zagorje,county,Desinić,municipality
Croatia,Krapina-Zagorje,county,Donja Stubica,city
Croatia,Krapina-Zagorje,county,Gornja Stubica,municipality
Croatia,Krapina-Zagorje,county,Hrašćina,municipality
Croatia,Krapina-Zagorje,county,Humna Sutli,municipality
Croatia,Krapina-Zagorje,county,Jesenje,municipality
Croatia,Krapina-Zagorje,county,Klanjec,city
Croatia,Krapina-Zagorje,county,Konjščina,municipality
Croatia,Krapina-Zagorje,county,Kraljevecna Sutli,municipality
Croatia,Krapina-Zagorje,county,Krapina,city
Croatia,Krapina-Zagorje,county,Krapinske Toplice,municipality
Croatia,Krapina-Zagorje,county,Kumrovec,municipality
Croatia,Krapina-Zagorje,county,Lobor,municipality
Croatia,Krapina-Zagorje,county,Marija Bistrica,municipality
Croatia,Krapina-Zagorje,county,Mače,municipality
Croatia,Krapina-Zagorje,county,Mihovljan,municipality
Croatia,Krapina-Zagorje,county,Novi Golubovec,municipality
Croatia,Krapina-Zagorje,county,Oroslavje,city
Croatia,Krapina-Zagorje,county,Petrovsko,municipality
Croatia,Krapina-Zagorje,county,Pregrada,city
Croatia,Krapina-Zagorje,county,Radoboj,municipality
Croatia,Krapina-Zagorje,county,Stubičke Toplice,municipality
Croatia,Krapina-Zagorje,county,Sveti Križ Začretje,municipality
Croatia,Krapina-Zagorje,county,Tuhelj,municipality
Croatia,Krapina-Zagorje,county,Veliko Trgovišće,municipality
Croatia,Krapina-Zagorje,county,Zabok,city
Croatia,Krapina-Zagorje,county,Zagorska Sela,municipality
Croatia,Krapina-Zagorje,county,Zlatar,city
Croatia,Krapina-Zagorje,county,Zlatar-Bistrica,municipality
Croatia,Krapina-Zagorje,county,Đurmanec,municipality
Croatia,Lika-Senj,county,Brinje,municipality
Croatia,Lika-Senj,county,Donji Lapac,municipality
Croatia,Lika-Senj,county,Gospić,city
Croatia,Lika-Senj,county,Karlobag,municipality
Croatia,Lika-Senj,county,Lovinac,municipality
Croatia,Lika-Senj,county,Novalja,city
Croatia,Lika-Senj,county,Otočac,city
Croatia,Lika-Senj,county,Perušić,municipality
Croatia,Lika-Senj,county,Plitvička Jezera,municipality
Croatia,Lika-Senj,county,Senj,city
Croatia,Lika-Senj,county,Udbina,municipality
Croatia,Lika-Senj,county,Vrhovine,municipality
Croatia,Međimurje,county,Belica,municipality
Croatia,Međimurje,county,Dekanovec,municipality
Croatia,Međimurje,county,Domašinec,municipality
Croatia,Međimurje,county,Donja Dubrava,municipality
Croatia,Međimurje,county,Donji Kraljevec,municipality
Croatia,Međimurje,county,Donji Vidovec,municipality
Croatia,Međimurje,county,Goričan,municipality
Croatia,Međimurje,county,Gornji Mihaljevec,municipality
Croatia,Međimurje,county,Kotoriba,municipality
Croatia,Međimurje,county,Mala Subotica,municipality
Croatia,Međimurje,county,Mursko Središće,city
Croatia,Međimurje,county,Nedelišće,municipality
Croatia,Međimurje,county,Orehovica,municipality
Croatia,Međimurje,county,Podturen,municipality
Croatia,Međimurje,county,Prelog,city
Croatia,Međimurje,county,Pribislavec,municipality
Croatia,Međimurje,county,Selnica,municipality
Croatia,Međimurje,county,Strahoninec,municipality
Croatia,Međimurje,county,Sveta Marija,municipality
Croatia,Međimurje,county,Sveti Jurajna Bregu,municipality
Croatia,Međimurje,county,Sveti Martinna Muri,municipality
Croatia,Međimurje,county,Vratišinec,municipality
Croatia,Međimurje,county,Čakovec,city
Croatia,Međimurje,county,Šenkovec,municipality
Croatia,Međimurje,county,Štrigova,municipality
Croatia,Osijek-Baranja,county,Antunovac,municipality
Croatia,Osijek-Baranja,county,Beli Manastir,city
Croatia,Osijek-Baranja,county,Belišće,city
Croatia,Osijek-Baranja,county,Bilje,municipality
Croatia,Osijek-Baranja,county,Bizovac,municipality
Croatia,Osijek-Baranja,county,Darda,municipality
Croatia,Osijek-Baranja,county,Donja Motičina,municipality
Croatia,Osijek-Baranja,county,Donji Miholjac,city
Croatia,Osijek-Baranja,county,Draž,municipality
Croatia,Osijek-Baranja,county,Drenje,municipality
Croatia,Osijek-Baranja,county,Erdut,municipality
Croatia,Osijek-Baranja,county,Ernestinovo,municipality
Croatia,Osijek-Baranja,county,Feričanci,municipality
Croatia,Osijek-Baranja,county,Gorjani,municipality
Croatia,Osijek-Baranja,county,Jagodnjak,municipality
Croatia,Osijek-Baranja,county,Kneževi Vinogradi,municipality
Croatia,Osijek-Baranja,county,Koška,municipality
Croatia,Osijek-Baranja,county,Levanjska Varoš,municipality
Croatia,Osijek-Baranja,county,Magadenovac,municipality
Croatia,Osijek-Baranja,county,Marijanci,municipality
Croatia,Osijek-Baranja,county,Našice,city
Croatia,Osijek-Baranja,county,Osijek,city
Croatia,Osijek-Baranja,county,Petlovac,municipality
Croatia,Osijek-Baranja,county,Petrijevci,municipality
Croatia,Osijek-Baranja,county,Podgorač,municipality
Croatia,Osijek-Baranja,county,Podravska Moslavina,municipality
Croatia,Osijek-Baranja,county,Popovac,municipality
Croatia,Osijek-Baranja,county,Punitovci,municipality
Croatia,Osijek-Baranja,county,Satnica Đakovačka,municipality
Croatia,Osijek-Baranja,county,Semeljci,municipality
Croatia,Osijek-Baranja,county,Strizivojna,municipality
Croatia,Osijek-Baranja,county,Trnava,municipality
Croatia,Osijek-Baranja,county,Valpovo,city
Croatia,Osijek-Baranja,county,Viljevo,municipality
Croatia,Osijek-Baranja,county,Viškovci,municipality
Croatia,Osijek-Baranja,county,Vladislavci,municipality
Croatia,Osijek-Baranja,county,Vuka,municipality
Croatia,Osijek-Baranja,county,Čeminac,municipality
Croatia,Osijek-Baranja,county,Čepin,municipality
Croatia,Osijek-Baranja,county,Đakovo,city
Croatia,Osijek-Baranja,county,Đurđenovac,municipality
Croatia,Osijek-Baranja,county,Šodolovci,municipality
Croatia,Požega-Slavonia,county,Brestovac,municipality
Croatia,Požega-Slavonia,county,Jakšić,municipality
Croatia,Požega-Slavonia,county,Kaptol,municipality
Croatia,Požega-Slavonia,county,Kutjevo,city
Croatia,Požega-Slavonia,county,Lipik,city
Croatia,Požega-Slavonia,county,Pakrac,city
Croatia,Požega-Slavonia,county,Pleternica,city
Croatia,Požega-Slavonia,county,Požega,city
Croatia,Požega-Slavonia,county,Velika,municipality
Croatia,Požega-Slavonia,county,Čaglin,municipality
Croatia,Primorje-Gorski Kotar,county,Bakar,city
Croatia,Primorje-Gorski Kotar,county,Baška,municipality
Croatia,Primorje-Gorski Kotar,county,Brod Moravice,municipality
Croatia,Primorje-Gorski Kotar,county,Cres,city
Croatia,Primorje-Gorski Kotar,county,Crikvenica,city
Croatia,Primorje-Gorski Kotar,county,Delnice,city
Croatia,Primorje-Gorski Kotar,county,Dobrinj,municipality
Croatia,Primorje-Gorski Kotar,county,Fužine,municipality
Croatia,Primorje-Gorski Kotar,county,Jelenje,municipality
Croatia,Primorje-Gorski Kotar,county,Kastav,city
Croatia,Primorje-Gorski Kotar,county,Klana,municipality
Croatia,Primorje-Gorski Kotar,county,Kostrena,municipality
Croatia,Primorje-Gorski Kotar,county,Kraljevica,city
Croatia,Primorje-Gorski Kotar,county,Krk,city
Croatia,Primorje-Gorski Kotar,county,Lokve,municipality
Croatia,Primorje-Gorski Kotar,county,Lopar,municipality
Croatia,Primorje-Gorski Kotar,county,Lovran,municipality
Croatia,Primorje-Gorski Kotar,county,Mali Lošinj,city
Croatia,Primorje-Gorski Kotar,county,Malinska-Dubašnica,municipality
Croatia,Primorje-Gorski Kotar,county,Matulji,municipality
Croatia,Primorje-Gorski Kotar,county,Mošćenička Draga,municipality
Croatia,Primorje-Gorski Kotar,county,Mrkopalj,municipality
Croatia,Primorje-Gorski Kotar,county,Novi Vinodolski,city
Croatia,Primorje-Gorski Kotar,county,Omišalj,municipality
Croatia,Primorje-Gorski Kotar,county,Opatija,city
Croatia,Primorje-Gorski Kotar,county,Punat,municipality
Croatia,Primorje-Gorski Kotar,county,Rab,city
Croatia,Primorje-Gorski Kotar,county,Ravna Gora,municipality
Croatia,Primorje-Gorski Kotar,county,Rijeka,city
Croatia,Primorje-Gorski Kotar,county,Skrad,municipality
Croatia,Primorje-Gorski Kotar,county,Vinodolska,municipality
Croatia,Primorje-Gorski Kotar,county,Viškovo,municipality
Croatia,Primorje-Gorski Kotar,county,Vrbnik,municipality
Croatia,Primorje-Gorski Kotar,county,Vrbovsko,city
Croatia,Primorje-Gorski Kotar,county,Čabar,city
Croatia,Primorje-Gorski Kotar,county,Čavle,municipality
Croatia,Sisak-Moslavina,county,Donji Kukuruzari,municipality
Croatia,Sisak-Moslavina,county,Dvor,municipality
Croatia,Sisak-Moslavina,county,Glina,city
Croatia,Sisak-Moslavina,county,Hrvatska Dubica,municipality
Croatia,Sisak-Moslavina,county,Hrvatska Kostajnica,city
Croatia,Sisak-Moslavina,county,Jasenovac,municipality
Croatia,Sisak-Moslavina,county,Kutina,city
Croatia,Sisak-Moslavina,county,Lekenik,municipality
Croatia,Sisak-Moslavina,county,Lipovljani,municipality
Croatia,Sisak-Moslavina,county,Majur,municipality
Croatia,Sisak-Moslavina,county,Martinska Ves,municipality
Croatia,Sisak-Moslavina,county,Novska,city
Croatia,Sisak-Moslavina,county,Petrinja,city
Croatia,Sisak-Moslavina,county,Popovača,municipality
Croatia,Sisak-Moslavina,county,Sisak,city
Croatia,Sisak-Moslavina,county,Sunja,municipality
Croatia,Sisak-Moslavina,county,Topusko,municipality
Croatia,Sisak-Moslavina,county,Velika Ludina,municipality
Croatia,Split-Dalmatia,county,Baška Voda,municipality
Croatia,Split-Dalmatia,county,Bol,municipality
Croatia,Split-Dalmatia,county,Brela,municipality
Croatia,Split-Dalmatia,county,Cista Provo,municipality
Croatia,Split-Dalmatia,county,Dicmo,municipality
Croatia,Split-Dalmatia,county,Dugi Rat,municipality
Croatia,Split-Dalmatia,county,Dugopolje,municipality
Croatia,Split-Dalmatia,county,Gradac,municipality
Croatia,Split-Dalmatia,county,Hrvace,municipality
Croatia,Split-Dalmatia,county,Hvar,city
Croatia,Split-Dalmatia,county,Imotski,city
Croatia,Split-Dalmatia,county,Jelsa,municipality
Croatia,Split-Dalmatia,county,Kaštela,city
Croatia,Split-Dalmatia,county,Klis,municipality
Croatia,Split-Dalmatia,county,Komiža,city
Croatia,Split-Dalmatia,county,Lećevica,municipality
Croatia,Split-Dalmatia,county,Lokvičići,municipality
Croatia,Split-Dalmatia,county,Lovreć,municipality
Croatia,Split-Dalmatia,county,Makarska,city
Croatia,Split-Dalmatia,county,Marina,municipality
Croatia,Split-Dalmatia,county,Milna,municipality
Croatia,Split-Dalmatia,county,Muć,municipality
Croatia,Split-Dalmatia,county,Nerežišća,municipality
Croatia,Split-Dalmatia,county,Okrug,municipality
Croatia,Split-Dalmatia,county,Omiš,city
Croatia,Split-Dalmatia,county,Otok,municipality
Croatia,Split-Dalmatia,county,Podbablje,municipality
Croatia,Split-Dalmatia,county,Podgora,municipality
Croatia,Split-Dalmatia,county,Podstrana,municipality
Croatia,Split-Dalmatia,county,Postira,municipality
Croatia,Split-Dalmatia,county,Prgomet,municipality
Croatia,Split-Dalmatia,county,Primorski Dolac,municipality
Croatia,Split-Dalmatia,county,Proložac,municipality
Croatia,Split-Dalmatia,county,Pučišća,municipality
Croatia,Split-Dalmatia,county,Runovići,municipality
Croatia,Split-Dalmatia,county,Seget,municipality
Croatia,Split-Dalmatia,county,Selca,municipality
Croatia,Split-Dalmatia,county,Sinj,city
Croatia,Split-Dalmatia,county,Solin,city
Croatia,Split-Dalmatia,county,Split,city
Croatia,Split-Dalmatia,county,Stari Grad,city
Croatia,Split-Dalmatia,county,Supetar,city
Croatia,Split-Dalmatia,county,Sutivan,municipality
Croatia,Split-Dalmatia,county,Sućuraj,municipality
Croatia,Split-Dalmatia,county,Trilj,city
Croatia,Split-Dalmatia,county,Trogir,city
Croatia,Split-Dalmatia,county,Tučepi,municipality
Croatia,Split-Dalmatia,county,Vis,city
Croatia,Split-Dalmatia,county,Vrgorac,city
Croatia,Split-Dalmatia,county,Vrlika,city
Croatia,Split-Dalmatia,county,Zadvarje,municipality
Croatia,Split-Dalmatia,county,Zagvozd,municipality
Croatia,Split-Dalmatia,county,Zmijavci,municipality
Croatia,Split-Dalmatia,county,Šestanovac,municipality
Croatia,Split-Dalmatia,county,Šolta,municipality
Croatia,Varaždin,county,Bednja,municipality
Croatia,Varaždin,county,Beretinec,municipality
Croatia,Varaždin,county,Breznica,municipality
Croatia,Varaždin,county,Breznički Hum,municipality
Croatia,Varaždin,county,Cestica,municipality
Croatia,Varaždin,county,Donja Voća,municipality
Croatia,Varaždin,county,Gornji Kneginec,municipality
Croatia,Varaždin,county,Ivanec,city
Croatia,Varaždin,county,Jalžabet,municipality
Croatia,Varaždin,county,Klenovnik,municipality
Croatia,Varaždin,county,Lepoglava,city
Croatia,Varaždin,county,Ljubešćica,municipality
Croatia,Varaždin,county,Ludbreg,city
Croatia,Varaždin,county,Mali Bukovec,municipality
Croatia,Varaždin,county,Martijanec,municipality
Croatia,Varaždin,county,Maruševec,municipality
Croatia,Varaždin,county,Novi Marof,city
Croatia,Varaždin,county,Petrijanec,municipality
Croatia,Varaždin,county,Sračinec,municipality
Croatia,Varaždin,county,Sveti Ilija,municipality
Croatia,Varaždin,county,Sveti Đurđ,municipality
Croatia,Varaždin,county,Trnovec Bartolovečki,municipality
Croatia,Varaždin,county,Varaždin,city
Croatia,Varaždin,county,Varaždinske Toplice,city
Croatia,Varaždin,county,Veliki Bukovec,municipality
Croatia,Varaždin,county,Vidovec,municipality
Croatia,Varaždin,county,Vinica,municipality
Croatia,Varaždin,county,Visoko,municipality
Croatia,Virovitica-Podravina,county,Crnac,municipality
Croatia,Virovitica-Podravina,county,Gradina,municipality
Croatia,Virovitica-Podravina,county,Lukač,municipality
Croatia,Virovitica-Podravina,county,Mikleuš,municipality
Croatia,Virovitica-Podravina,county,Nova Bukovica,municipality
Croatia,Virovitica-Podravina,county,Orahovica,city
Croatia,Virovitica-Podravina,county,Pitomača,municipality
Croatia,Virovitica-Podravina,county,Slatina,city
Croatia,Virovitica-Podravina,county,Sopje,municipality
Croatia,Virovitica-Podravina,county,Suhopolje,municipality
Croatia,Virovitica-Podravina,county,Virovitica,city
Croatia,Virovitica-Podravina,county,Voćin,municipality
Croatia,Virovitica-Podravina,county,Zdenci,municipality
Croatia,Virovitica-Podravina,county,Čačinci,municipality
Croatia,Virovitica-Podravina,county,Čađavica,municipality
Croatia,Virovitica-Podravina,county,Špišić Bukovica,municipality
Croatia,Vukovar-Syrmia,county,Andrijaševci,municipality
Croatia,Vukovar-Syrmia,county,Babina Greda,municipality
Croatia,Vukovar-Syrmia,county,Bogdanovci,municipality
Croatia,Vukovar-Syrmia,county,Borovo,municipality
Croatia,Vukovar-Syrmia,county,Bošnjaci,municipality
Croatia,Vukovar-Syrmia,county,Cerna,municipality
Croatia,Vukovar-Syrmia,county,Drenovci,municipality
Croatia,Vukovar-Syrmia,county,Gradište,municipality
Croatia,Vukovar-Syrmia,county,Gunja,municipality
Croatia,Vukovar-Syrmia,county,Ilok,city
Croatia,Vukovar-Syrmia,county,Ivankovo,municipality
Croatia,Vukovar-Syrmia,county,Jarmina,municipality
Croatia,Vukovar-Syrmia,county,Lovas,municipality
Croatia,Vukovar-Syrmia,county,Markušica,municipality
Croatia,Vukovar-Syrmia,county,Negoslavci,municipality
Croatia,Vukovar-Syrmia,county,Nijemci,municipality
Croatia,Vukovar-Syrmia,county,Nuštar,municipality
Croatia,Vukovar-Syrmia,county,Otok,city
Croatia,Vukovar-Syrmia,county,Privlaka,municipality
Croatia,Vukovar-Syrmia,county,Stari Jankovci,municipality
Croatia,Vukovar-Syrmia,county,Stari Mikanovci,municipality
Croatia,Vukovar-Syrmia,county,Tompojevci,municipality
Croatia,Vukovar-Syrmia,county,Tordinci,municipality
Croatia,Vukovar-Syrmia,county,Tovarnik,municipality
Croatia,Vukovar-Syrmia,county,Trpinja,municipality
Croatia,Vukovar-Syrmia,county,Vinkovci,city
Croatia,Vukovar-Syrmia,county,Vođinci,municipality
Croatia,Vukovar-Syrmia,county,Vrbanja,municipality
Croatia,Vukovar-Syrmia,county,Vukovar,city
Croatia,Vukovar-Syrmia,county,Štitar,municipality
Croatia,Vukovar-Syrmia,county,Županja,city
Croatia,Zadar,county,Benkovac,city
Croatia,Zadar,county,Bibinje,municipality
Croatia,Zadar,county,Biogradna Moru,city
Croatia,Zadar,county,Galovac,municipality
Croatia,Zadar,county,Gračac,municipality
Croatia,Zadar,county,Jasenice,municipality
Croatia,Zadar,county,Kali,municipality
Croatia,Zadar,county,Kukljica,municipality
Croatia,Zadar,county,Lišane Ostrovičke,municipality
Croatia,Zadar,county,Nin,city
Croatia,Zadar,county,Novigrad,city
Croatia,Zadar,county,Obrovac,city
Croatia,Zadar,county,Pag,city
Croatia,Zadar,county,Pakoštane,municipality
Croatia,Zadar,county,Pašman,municipality
Croatia,Zadar,county,Polača,municipality
Croatia,Zadar,county,Poličnik,municipality
Croatia,Zadar,county,Posedarje,municipality
Croatia,Zadar,county,Povljana,municipality
Croatia,Zadar,county,Preko,municipality
Croatia,Zadar,county,Privlaka,municipality
Croatia,Zadar,county,Ražanac,municipality
Croatia,Zadar,county,Sali,municipality
Croatia,Zadar,county,Stankovci,municipality
Croatia,Zadar,county,Starigrad,municipality
Croatia,Zadar,county,Sukošan,municipality
Croatia,Zadar,county,Sveti Filip i Jakov,municipality
Croatia,Zadar,county,Tkon,municipality
Croatia,Zadar,county,Vir,municipality
Croatia,Zadar,county,Zadar,city
Croatia,Zadar,county,Zemunik Donji,municipality
Croatia,Zadar,county,Škabrnja,municipality
Croatia,Zagreb,county,Bedenica,municipality
Croatia,Zagreb,county,Bistra,municipality
Croatia,Zagreb,county,Brckovljani,municipality
Croatia,Zagreb,county,Brdovec,municipality
Croatia,Zagreb,county,Dubrava,municipality
Croatia,Zagreb,county,Dubravica,municipality
Croatia,Zagreb,county,Dugo Selo,city
Croatia,Zagreb,county,Farkaševac,municipality
Croatia,Zagreb,county,Gradec,municipality
Croatia,Zagreb,county,Ivanić-Grad,city
Croatia,Zagreb,county,Jakovlje,municipality
Croatia,Zagreb,county,Jastrebarsko,city
Croatia,Zagreb,county,Klinča Sela,municipality
Croatia,Zagreb,county,Kloštar Ivanić,municipality
Croatia,Zagreb,county,Kravarsko,municipality
Croatia,Zagreb,county,Krašić,municipality
Croatia,Zagreb,county,Križ,municipality
Croatia,Zagreb,county,Luka,municipality
Croatia,Zagreb,county,Marija Gorica,municipality
Croatia,Zagreb,county,Orle,municipality
Croatia,Zagreb,county,Pisarovina,municipality
Croatia,Zagreb,county,Pokupsko,municipality
Croatia,Zagreb,county,Preseka,municipality
Croatia,Zagreb,county,Pušća,municipality
Croatia,Zagreb,county,Rakovec,municipality
Croatia,Zagreb,county,Rugvica,municipality
Croatia,Zagreb,county,Samobor,city
Croatia,Zagreb,county,Stupnik,municipality
Croatia,Zagreb,county,Sveta Nedelja,city
Croatia,Zagreb,county,Sveti Ivan Zelina,city
Croatia,Zagreb,county,Velika Gorica,city
Croatia,Zagreb,county,Vrbovec,city
Croatia,Zagreb,county,Zaprešić,city
Croatia,Zagreb,county,Žumberak,municipality
Croatia,Šibenik-Knin,county,Bilice,municipality
Croatia,Šibenik-Knin,county,Biskupija,municipality
Croatia,Šibenik-Knin,county,Civljane,municipality
Croatia,Šibenik-Knin,county,Drniš,city
Croatia,Šibenik-Knin,county,Ervenik,municipality
Croatia,Šibenik-Knin,county,Kijevo,municipality
Croatia,Šibenik-Knin,county,Kistanje,municipality
Croatia,Šibenik-Knin,county,Knin,city
Croatia,Šibenik-Knin,county,Murter-Kornati,municipality
Croatia,Šibenik-Knin,county,Pirovac,municipality
Croatia,Šibenik-Knin,county,Primošten,municipality
Croatia,Šibenik-Knin,county,Promina,municipality
Croatia,Šibenik-Knin,county,Rogoznica,municipality
Croatia,Šibenik-Knin,county,Ružić,municipality
Croatia,Šibenik-Knin,county,Skradin,city
Croatia,Šibenik-Knin,county,Tisno,municipality
Croatia,Šibenik-Knin,county,Unešić,municipality
Croatia,Šibenik-Knin,county,Vodice,city
Croatia,Šibenik-Knin,county,Šibenik,city
Croatia,Zagreb,city,,
Bulgaria,Blagoevgrad,province,Bansko,municipality
Bulgaria,Blagoevgrad,province,Belitsa,municipality
Bulgaria,Blagoevgrad,province,Blagoevgrad,municipality
Bulgaria,Blagoevgrad,province,Garmen,municipality
Bulgaria,Blagoevgrad,province,Gotse Delchev,municipality
Bulgaria,Blagoevgrad,province,Hadzhidimovo,municipality
Bulgaria,Blagoevgrad,province,Kresna,municipality
Bulgaria,Blagoevgrad,province,Petrich,municipality
Bulgaria,Blagoevgrad,province,Razlog,municipality
Bulgaria,Blagoevgrad,province,Sandanski,municipality
Bulgaria,Blagoevgrad,province,Satovcha,municipality
Bulgaria,Blagoevgrad,province,Simitli,municipality
Bulgaria,Blagoevgrad,province,Strumyani,municipality
Bulgaria,Blagoevgrad,province,Yakoruda,municipality
Bulgaria,Burgas,province,Aytos,municipality
Bulgaria,Burgas,province,Burgas,municipality
Bulgaria,Burgas,province,Kameno,municipality
Bulgaria,Burgas,province,Karnobat,municipality
Bulgaria,Burgas,province,Malko Tarnovo,municipality
Bulgaria,Burgas,province,Nesebar,municipality
Bulgaria,Burgas,province,Pomorie,municipality
Bulgaria,Burgas,province,Primorsko,municipality
Bulgaria,Burgas,province,Ruen,municipality
Bulgaria,Burgas,province,Sozopol,municipality
Bulgaria,Burgas,province,Sredets,municipality
Bulgaria,Burgas,province,Sungurlare,municipality
Bulgaria,Burgas,province,Tsarevo,municipality
Bulgaria,Dobrich,province,Balchik,municipality
Bulgaria,Dobrich,province,Dobrich,municipality
Bulgaria,Dobrich,province,Dobrich-selska,municipality
Bulgaria,Dobrich,province,General Toshevo,municipality
Bulgaria,Dobrich,province,Kavarna,municipality
Bulgaria,Dobrich,province,Krushari,municipality
Bulgaria,Dobrich,province,Shabla,municipality
Bulgaria,Dobrich,province,Tervel,municipality
Bulgaria,Gabrovo,province,Dryanovo,municipality
Bulgaria,Gabrovo,province,Gabrovo,municipality
Bulgaria,Gabrovo,province,Sevlievo,municipality
Bulgaria,Gabrovo,province,Tryavna,municipality
Bulgaria,Sofia City,province,Stolichna,municipality
Bulgaria,Haskovo,province,Dimitrovgrad,municipality
Bulgaria,Haskovo,province,Harmanli,municipality
Bulgaria,Haskovo,province,Haskovo,municipality
Bulgaria,Haskovo,province,Ivaylovgrad,municipality
Bulgaria,Haskovo,province,Lyubimets,municipality
Bulgaria,Haskovo,province,Madzharovo,municipality
Bulgaria,Haskovo,province,Mineralni Bani,municipality
Bulgaria,Haskovo,province,Simeonovgrad,municipality
Bulgaria,Haskovo,province,Stambolovo,municipality
Bulgaria,Haskovo,province,Svilengrad,municipality
Bulgaria,Haskovo,province,Topolovgrad,municipality
Bulgaria,Kardzhali,province,Ardino,municipality
Bulgaria,Kardzhali,province,Chernoochene,municipality
Bulgaria,Kardzhali,province,Dzhebel,municipality
Bulgaria,Kardzhali,province,Kardzhali,municipality
Bulgaria,Kardzhali,province,Kirkovo,municipality
Bulgaria,Kardzhali,province,Krumovgrad,municipality
Bulgaria,Kardzhali,province,Momchilgrad,municipality
Bulgaria,Kyustendil,province,Boboshevo,municipality
Bulgaria,Kyustendil,province,Bobov Dol,municipality
Bulgaria,Kyustendil,province,Dupnitsa,municipality
Bulgaria,Kyustendil,province,Kocherinovo,municipality
Bulgaria,Kyustendil,province,Kyustendil,municipality
Bulgaria,Kyustendil,province,Nevestino,municipality
Bulgaria,Kyustendil,province,Rila,municipality
Bulgaria,Kyustendil,province,Sapareva Banya,municipality
Bulgaria,Kyustendil,province,Treklyano,municipality
Bulgaria,Lovech,province,Apriltsi,municipality
Bulgaria,Lovech,province,Letnitsa,municipality
Bulgaria,Lovech,province,Lovech,municipality
Bulgaria,Lovech,province,Lukovit,municipality
Bulgaria,Lovech,province,Teteven,municipality
Bulgaria,Lovech,province,Troyan,municipality
Bulgaria,Lovech,province,Ugarchin,municipality
Bulgaria,Lovech,province,Yablanitsa,municipality
Bulgaria,Montana,province,Berkovitsa,municipality
Bulgaria,Montana,province,Boychinovtsi,municipality
Bulgaria,Montana,province,Brusartsi,municipality
Bulgaria,Montana,province,Chiprovtsi,municipality
Bulgaria,Montana,province,Georgi Damyanovo,municipality
Bulgaria,Montana,province,Lom,municipality
Bulgaria,Montana,province,Medkovets,municipality
Bulgaria,Montana,province,Montana,municipality
Bulgaria,Montana,province,Valchedram,municipality
Bulgaria,Montana,province,Varshets,municipality
Bulgaria,Montana,province,Yakimovo,municipality
Bulgaria,Pazardzhik,province,Batak,municipality
Bulgaria,Pazardzhik,province,Belovo,municipality
Bulgaria,Pazardzhik,province,Bratsigovo,municipality
Bulgaria,Pazardzhik,province,Lesichovo,municipality
Bulgaria,Pazardzhik,province,Panagyurishte,municipality
Bulgaria,Pazardzhik,province,Pazardzhik,municipality
Bulgaria,Pazardzhik,province,Peshtera,municipality
Bulgaria,Pazardzhik,province,Rakitovo,municipality
Bulgaria,Pazardzhik,province,Septemvri,municipality
Bulgaria,Pazardzhik,province,Strelcha,municipality
Bulgaria,Pazardzhik,province,Velingrad,municipality
Bulgaria,Pernik,province,Breznik,municipality
Bulgaria,Pernik,province,Kovachevtsi,municipality
Bulgaria,Pernik,province,Pernik,municipality
Bulgaria,Pernik,province,Radomir,municipality
Bulgaria,Pernik,province,Tran,municipality
Bulgaria,Pernik,province,Zemen,municipality
Bulgaria,Pleven,province,Belene,municipality
Bulgaria,Pleven,province,Cherven Bryag,municipality
Bulgaria,Pleven,province,Dolna Mitropoliya,municipality
Bulgaria,Pleven,province,Dolni Dabnik,municipality
Bulgaria,Pleven,province,Gulyantsi,municipality
Bulgaria,Pleven,province,Iskar,municipality
Bulgaria,Pleven,province,Knezha,municipality
Bulgaria,Pleven,province,Levski,municipality
Bulgaria,Pleven,province,Nikopol,municipality
Bulgaria,Pleven,province,Pleven,municipality
Bulgaria,Pleven,province,Pordim,municipality
Bulgaria,Plovdiv,province,Asenovgrad,municipality
Bulgaria,Plovdiv,province,Brezovo,municipality
Bulgaria,Plovdiv,province,Hisarya,municipality
Bulgaria,Plovdiv,province,Kaloyanovo,municipality
Bulgaria,Plovdiv,province,Karlovo,municipality
Bulgaria,Plovdiv,province,Krichim,municipality
Bulgaria,Plovdiv,province,Kuklen,municipality
Bulgaria,Plovdiv,province,Laki,municipality
Bulgaria,Plovdiv,province,Maritsa,municipality
Bulgaria,Plovdiv,province,Parvomay,municipality
Bulgaria,Plovdiv,province,Perushtitsa,municipality
Bulgaria,Plovdiv,province,Plovdiv,municipality
Bulgaria,Plovdiv,province,Rakovski,municipality
Bulgaria,Plovdiv,province,Rodopi,municipality
Bulgaria,Plovdiv,province,Sadovo,municipality
Bulgaria,Plovdiv,province,Saedinenie,municipality
Bulgaria,Plovdiv,province,Sopot,municipality
Bulgaria,Plovdiv,province,Stamboliyski,municipality
Bulgaria,Razgrad,province,Isperih,municipality
Bulgaria,Razgrad,province,Kubrat,municipality
Bulgaria,Razgrad,province,Loznitsa,municipality
Bulgaria,Razgrad,province,Razgrad,municipality
Bulgaria,Razgrad,province,Samuil,municipality
Bulgaria,Razgrad,province,Tsar Kaloyan,municipality
Bulgaria,Razgrad,province,Zavet,municipality
Bulgaria,Ruse,province,Borovo,municipality
Bulgaria,Ruse,province,Byala,municipality
Bulgaria,Ruse,province,Dve Mogili,municipality
Bulgaria,Ruse,province,Ivanovo,municipality
Bulgaria,Ruse,province,Ruse,municipality
Bulgaria,Ruse,province,Slivo Pole,municipality
Bulgaria,Ruse,province,Tsenovo,municipality
Bulgaria,Ruse,province,Vetovo,municipality
Bulgaria,Shumen,province,Hitrino,municipality
Bulgaria,Shumen,province,Kaolinovo,municipality
Bulgaria,Shumen,province,Kaspichan,municipality
Bulgaria,Shumen,province,Nikola Kozlevo,municipality
Bulgaria,Shumen,province,Novi Pazar,municipality
Bulgaria,Shumen,province,Shumen,municipality
Bulgaria,Shumen,province,Smyadovo,municipality
Bulgaria,Shumen,province,Varbitsa,municipality
Bulgaria,Shumen,province,Veliki Preslav,municipality
Bulgaria,Shumen,province,Venets,municipality
Bulgaria,Silistra,province,Alfatar,municipality
Bulgaria,Silistra,province,Dulovo,municipality
Bulgaria,Silistra,province,Glavinitsa,municipality
Bulgaria,Silistra,province,Kaynardzha,municipality
Bulgaria,Silistra,province,Silistra,municipality
Bulgaria,Silistra,province,Sitovo,municipality
Bulgaria,Silistra,province,Tutrakan,municipality
Bulgaria,Sliven,province,Kotel,municipality
Bulgaria,Sliven,province,Nova Zagora,municipality
Bulgaria,Sliven,province,Sliven,municipality
Bulgaria,Sliven,province,Tvarditsa,municipality
Bulgaria,Smolyan,province,Banite,municipality
Bulgaria,Smolyan,province,Borino,municipality
Bulgaria,Smolyan,province,Chepelare,municipality
Bulgaria,Smolyan,province,Devin,municipality
Bulgaria,Smolyan,province,Dospat,municipality
Bulgaria,Smolyan,province,Madan,municipality
Bulgaria,Smolyan,province,Nedelino,municipality
Bulgaria,Smolyan,province,Rudozem,municipality
Bulgaria,Smolyan,province,Smolyan,municipality
Bulgaria,Smolyan,province,Zlatograd,municipality
Bulgaria,Sofia,province,Anton,municipality
Bulgaria,Sofia,province,Botevgrad,municipality
Bulgaria,Sofia,province,Bozhurishte,municipality
Bulgaria,Sofia,province,Chavdar,municipality
Bulgaria,Sofia,province,Chelopech,municipality
Bulgaria,Sofia,province,Dolna Banya,municipality
Bulgaria,Sofia,province,Dragoman,municipality
Bulgaria,Sofia,province,Elin Pelin,municipality
Bulgaria,Sofia,province,Godech,municipality
Bulgaria,Sofia,province,Gorna Malina,municipality
Bulgaria,Sofia,province,Ihtiman,municipality
Bulgaria,Sofia,province,Koprivshtitsa,municipality
Bulgaria,Sofia,province,Kostenets,municipality
Bulgaria,Sofia,province,Kostinbrod,municipality
Bulgaria,Sofia,province,Mirkovo,municipality
Bulgaria,Sofia,province,Pirdop,municipality
Bulgaria,Sofia,province,Pravets,municipality
Bulgaria,Sofia,province,Samokov,municipality
Bulgaria,Sofia,province,Slivnitsa,municipality
Bulgaria,Sofia,province,Svoge,municipality
Bulgaria,Sofia,province,Zlatitsa,municipality
Bulgaria,Stara Zagora,province,Bratya Daskalovi,municipality
Bulgaria,Stara Zagora,province,Chirpan,municipality
Bulgaria,Stara Zagora,province,Galabovo,municipality
Bulgaria,Stara Zagora,province,Gurkovo,municipality
Bulgaria,Stara Zagora,province,Kazanlak,municipality
Bulgaria,Stara Zagora,province,Maglizh,municipality
Bulgaria,Stara Zagora,province,Nikolaevo,municipality
Bulgaria,Stara Zagora,province,Opan,municipality
Bulgaria,Stara Zagora,province,Pavel Banya,municipality
Bulgaria,Stara Zagora,province,Radnevo,municipality
Bulgaria,Stara Zagora,province,Stara Zagora,municipality
Bulgaria,Targovishte,province,Antonovo,municipality
Bulgaria,Targovishte,province,Omurtag,municipality
Bulgaria,Targovishte,province,Opaka,municipality
Bulgaria,Targovishte,province,Popovo,municipality
Bulgaria,Targovishte,province,Targovishte,municipality
Bulgaria,Varna,province,Aksakovo,municipality
Bulgaria,Varna,province,Avren,municipality
Bulgaria,Varna,province,Beloslav,municipality
Bulgaria,Varna,province,Byala,municipality
Bulgaria,Varna,province,Dalgopol,municipality
Bulgaria,Varna,province,Devnya,municipality
Bulgaria,Varna,province,Dolni Chiflik,municipality
Bulgaria,Varna,province,Provadiya,municipality
Bulgaria,Varna,province,Suvorovo,municipality
Bulgaria,Varna,province,Valchi Dol,municipality
Bulgaria,Varna,province,Varna,municipality
Bulgaria,Varna,province,Vetrino,municipality
Bulgaria,Veliko Tarnovo,province,Elena,municipality
Bulgaria,Veliko Tarnovo,province,Gorna Oryahovitsa,municipality
Bulgaria,Veliko Tarnovo,province,Lyaskovets,municipality
Bulgaria,Veliko Tarnovo,province,Pavlikeni,municipality
Bulgaria,Veliko Tarnovo,province,Polski Trambesh,municipality
Bulgaria,Veliko Tarnovo,province,Strazhitsa,municipality
Bulgaria,Veliko Tarnovo,province,Suhindol,municipality
Bulgaria,Veliko Tarnovo,province,Svishtov,municipality
Bulgaria,Veliko Tarnovo,province,Veliko Tarnovo,municipality
Bulgaria,Veliko Tarnovo,province,Zlataritsa,municipality
Bulgaria,Vidin,province,Belogradchik,municipality
Bulgaria,Vidin,province,Boynitsa,municipality
Bulgaria,Vidin,province,Bregovo,municipality
Bulgaria,Vidin,province,Chuprene,municipality
Bulgaria,Vidin,province,Dimovo,municipality
Bulgaria,Vidin,province,Gramada,municipality
Bulgaria,Vidin,province,Kula,municipality
Bulgaria,Vidin,province,Makresh,municipality
Bulgaria,Vidin,province,Novo Selo,municipality
Bulgaria,Vidin,province,Ruzhintsi,municipality
Bulgaria,Vidin,province,Vidin,municipality
Bulgaria,Vratsa,province,Borovan,municipality
Bulgaria,Vratsa,province,Byala Slatina,municipality
Bulgaria,Vratsa,province,Hayredin,municipality
Bulgaria,Vratsa,province,Kozloduy,municipality
Bulgaria,Vratsa,province,Krivodol,municipality
Bulgaria,Vratsa,province,Mezdra,municipality
Bulgaria,Vratsa,province,Miziya,municipality
Bulgaria,Vratsa,province,Oryahovo,municipality
Bulgaria,Vratsa,province,Roman,municipality
Bulgaria,Vratsa,province,Vratsa,municipality
Bulgaria,Yambol,province,Bolyarovo,municipality
Bulgaria,Yambol,province,Elhovo,municipality
Bulgaria,Yambol,province,Straldzha,municipality
Bulgaria,Yambol,province,Tundzha,municipality
Bulgaria,Yambol,province,Yambol,municipality
Bosnia and Herzegovina,Brčko,district,,
Bosnia and Herzegovina,Federation of Bosnia and Herzegovina,entity,Bosnian Podrinje,canton
Bosnia and Herzegovina,Federation of Bosnia and Herzegovina,entity,Canton 10,canton
Bosnia and Herzegovina,Federation of Bosnia and Herzegovina,entity,Central Bosnia,canton
Bosnia and Herzegovina,Federation of Bosnia and Herzegovina,entity,Herzegovina-Neretva,canton
Bosnia and Herzegovina,Federation of Bosnia and Herzegovina,entity,Posavina,canton
Bosnia and Herzegovina,Federation of Bosnia and Herzegovina,entity,Sarajevo,canton
Bosnia and Herzegovina,Federation of Bosnia and Herzegovina,entity,Tuzla,canton
Bosnia and Herzegovina,Federation of Bosnia and Herzegovina,entity,Una-Sana,canton
Bosnia and Herzegovina,Federation of Bosnia and Herzegovina,entity,West Herzegovina,canton
Bosnia and Herzegovina,Federation of Bosnia and Herzegovina,entity,Zenica-Doboj,canton
Bosnia and Herzegovina,Republika Srpska,entity,Banja Luka,region
Bosnia and Herzegovina,Republika Srpska,entity,Bijeljina,region
Bosnia and Herzegovina,Republika Srpska,entity,Doboj,region
Bosnia and Herzegovina,Republika Srpska,entity,Foča,region
Bosnia and Herzegovina,Republika Srpska,entity,Istočno Sarajevo,region
Bosnia and Herzegovina,Republika Srpska,entity,Trebinje,region
Bosnia and Herzegovina,Republika Srpska,entity,Vlasenica,region
Belarus,Brest,region,Baranavichy,district
Belarus,Brest,region,Brest,district
Belarus,Brest,region,Byaroza,district
Belarus,Brest,region,Drahichyn,district
Belarus,Brest,region,Hantsavichy,district
Belarus,Brest,region,Ivanava,district
Belarus,Brest,region,Ivatsevichy,district
Belarus,Brest,region,Kamyanets,district
Belarus,Brest,region,Kobryn,district
Belarus,Brest,region,Luninets,district
Belarus,Brest,region,Lyakhavichy,district
Belarus,Brest,region,Malaryta,district
Belarus,Brest,region,Pinsk,district
Belarus,Brest,region,Pruzhany,district
Belarus,Brest,region,Stolin,district
Belarus,Brest,region,Zhabinka,district
Belarus,Gomel,region,Akciabrski,district
Belarus,Gomel,region,Brahin,district
Belarus,Gomel,region,Buda-Kashalyova,district
Belarus,Gomel,region,Dobruš,district
Belarus,Gomel,region,Gomel,district
Belarus,Gomel,region,Kalinkavichy,district
Belarus,Gomel,region,Karma,district
Belarus,Gomel,region,Khoyniki,district
Belarus,Gomel,region,Loyew,district
Belarus,Gomel,region,Lyelchytsy,district
Belarus,Gomel,region,Mazyr,district
Belarus,Gomel,region,Naroulya,district
Belarus,Gomel,region,Pietrykaŭ,district
Belarus,Gomel,region,Rahachow,district
Belarus,Gomel,region,Rechytsa,district
Belarus,Gomel,region,Svyetlahorsk,district
Belarus,Gomel,region,Vyetka,district
Belarus,Gomel,region,Yelsk,district
Belarus,Gomel,region,Žlobin,district
Belarus,Gomel,region,Žytkavičy,district
Belarus,Grodno,region,Ashmyany,district
Belarus,Grodno,region,Astravyets,district
Belarus,Grodno,region,Byerastavitsa,district
Belarus,Grodno,region,Dzyatlava,district
Belarus,Grodno,region,Grodno,district
Belarus,Grodno,region,Ivye,district
Belarus,Grodno,region,Karelichy,district
Belarus,Grodno,region,Lida,district
Belarus,Grodno,region,Masty,district
Belarus,Grodno,region,Navahrudak,district
Belarus,Grodno,region,Shchuchyn,district
Belarus,Grodno,region,Slonim,district
Belarus,Grodno,region,Smarhon,district
Belarus,Grodno,region,Svislach,district
Belarus,Grodno,region,Vawkavysk,district
Belarus,Grodno,region,Voranava,district
Belarus,Grodno,region,Zelva,district
Belarus,Minsk,region,Barysaw,district
Belarus,Minsk,region,Berezino,district
Belarus,Minsk,region,Chervyen,district
Belarus,Minsk,region,Dzyarzhynsk,district
Belarus,Minsk,region,Kapyl,district
Belarus,Minsk,region,Kletsk,district
Belarus,Minsk,region,Krupki,district
Belarus,Minsk,region,Lahoysk,district
Belarus,Minsk,region,Lyuban,district
Belarus,Minsk,region,Maladzyechna,district
Belarus,Minsk,region,Minsk,district
Belarus,Minsk,region,Myadzel,district
Belarus,Minsk,region,Nyasvizh,district
Belarus,Minsk,region,Pukhavichy,district
Belarus,Minsk,region,Salihorsk,district
Belarus,Minsk,region,Slutsk,district
Belarus,Minsk,region,Smalyavichy,district
Belarus,Minsk,region,Staryya Darohi,district
Belarus,Minsk,region,Stowbtsy,district
Belarus,Minsk,region,Uzda,district
Belarus,Minsk,region,Valozhyn,district
Belarus,Minsk,region,Vileyka,district
Belarus,Minsk,city,,
Belarus,Mogilev,region,Asipovichy,district
Belarus,Mogilev,region,Babruysk,district
Belarus,Mogilev,region,Bialynichy,district
Belarus,Mogilev,region,Bykhaw,district
Belarus,Mogilev,region,Chavusy,district
Belarus,Mogilev,region,Cherykaw,district
Belarus,Mogilev,region,Drybin,district
Belarus,Mogilev,region,Hlusk,district
Belarus,Mogilev,region,Horki,district
Belarus,Mogilev,region,Kastsyukovichy,district
Belarus,Mogilev,region,Khotsimsk,district
Belarus,Mogilev,region,Kirovsk,district
Belarus,Mogilev,region,Klichev,district
Belarus,Mogilev,region,Klimavichy,district
Belarus,Mogilev,region,Krasnapolle,district
Belarus,Mogilev,region,Kruhlaye,district
Belarus,Mogilev,region,Krychaw,district
Belarus,Mogilev,region,Mogilev,district
Belarus,Mogilev,region,Mstsislaw,district
Belarus,Mogilev,region,Shklow,district
Belarus,Mogilev,region,Slawharad,district
Belarus,Vitebsk,region,Beshankovichy,district
Belarus,Vitebsk,region,Braslaw,district
Belarus,Vitebsk,region,Chashniki,district
Belarus,Vitebsk,region,Dokshytsy,district
Belarus,Vitebsk,region,Dubrowna,district
Belarus,Vitebsk,region,Haradok,district
Belarus,Vitebsk,region,Hlybokaye,district
Belarus,Vitebsk,region,Lepel,district
Belarus,Vitebsk,region,Lyozna,district
Belarus,Vitebsk,region,Myory,district
Belarus,Vitebsk,region,Orsha,district
Belarus,Vitebsk,region,Pastavy,district
Belarus,Vitebsk,region,Polotsk,district
Belarus,Vitebsk,region,Rasony,district
Belarus,Vitebsk,region,Sharkawshchyna,district
Belarus,Vitebsk,region,Shumilina,district
Belarus,Vitebsk,region,Syanno,district
Belarus,Vitebsk,region,Talachyn,district
Belarus,Vitebsk,region,Ushachy,district
Belarus,Vitebsk,region,Verkhnedvinsk,district
Belarus,Vitebsk,region,Vitebsk,district
Austria,Burgenland,state,Eisenstadt,statutory city
Austria,Burgenland,state,Eisenstadt-Umgebung,district
Austria,Burgenland,state,Güssing,district
Austria,Burgenland,state,Jennersdorf,district
Austria,Burgenland,state,Mattersburg,district
Austria,Burgenland,state,Neusiedl am See,district
Austria,Burgenland,state,Oberpullendorf,district
Austria,Burgenland,state,Oberwart,district
Austria,Burgenland,state,Rust,statutory city
Austria,Carinthia,state,Feldkirchen,district
Austria,Carinthia,state,Hermagor,district
Austria,Carinthia,state,Klagenfurt,statutory city
Austria,Carinthia,state,Klagenfurt-Land,district
Austria,Carinthia,state,Sankt Veit an der Glan,district
Austria,Carinthia,state,Spittal an der Drau,district
Austria,Carinthia,state,Villach,statutory city
Austria,Carinthia,state,Villach-Land,district
Austria,Carinthia,state,Völkermarkt,district
Austria,Carinthia,state,Wolfsberg,district
Austria,Lower Austria,state,Amstetten,district
Austria,Lower Austria,state,Baden,district
Austria,Lower Austria,state,Bruck an der Leitha,district
Austria,Lower Austria,state,Gmünd,district
Austria,Lower Austria,state,Gänserndorf,district
Austria,Lower Austria,state,Hollabrunn,district
Austria,Lower Austria,state,Horn,district
Austria,Lower Austria,state,Korneuburg,district
Austria,Lower Austria,state,Krems,district
Austria,Lower Austria,state,Krems an der Donau,statutory city
Austria,Lower Austria,state,Lilienfeld,district
Austria,Lower Austria,state,Melk,district
Austria,Lower Austria,state,Mistelbach,district
Austria,Lower Austria,state,Mödling,district
Austria,Lower Austria,state,Neunkirchen,district
Austria,Lower Austria,state,Sankt Pölten,statutory city
Austria,Lower Austria,state,Sankt Pölten-Land,district
Austria,Lower Austria,state,Scheibbs,district
Austria,Lower Austria,state,Tulln,district
Austria,Lower Austria,state,Waidhofen an der Thaya,district
Austria,Lower Austria,state,Waidhofen an der Ybbs,statutory city
Austria,Lower Austria,state,Wiener Neustadt,statutory city
Austria,Lower Austria,state,Wiener Neustadt-Land,district
Austria,Lower Austria,state,Zwettl,district
Austria,Upper Austria,state,Braunau am Inn,district
Austria,Upper Austria,state,Eferding,district
Austria,Upper Austria,state,Freistadt,district
Austria,Upper Austria,state,Gmunden,district
Austria,Upper Austria,state,Grieskirchen,district
Austria,Upper Austria,state,Kirchdorf an der Krems,district
Austria,Upper Austria,state,Linz,statutory city
Austria,Upper Austria,state,Linz-Land,district
Austria,Upper Austria,state,Perg,district
Austria,Upper Austria,state,Ried im Innkreis,district
Austria,Upper Austria,state,Rohrbach,district
Austria,Upper Austria,state,Schärding,district
Austria,Upper Austria,state,Steyr,statutory city
Austria,Upper Austria,state,Steyr-Land,district
Austria,Upper Austria,state,Urfahr-Umgebung,district
Austria,Upper Austria,state,Vöcklabruck,district
Austria,Upper Austria,state,Wels,statutory city
Austria,Upper Austria,state,Wels-Land,district
Austria,Salzburg,state,Hallein,district
Austria,Salzburg,state,Salzburg,statutory city
Austria,Salzburg,state,Salzburg-Umgebung,district
Austria,Salzburg,state,Sankt Johann im Pongau,district
Austria,Salzburg,state,Tamsweg,district
Austria,Salzburg,state,Zell am See,district
Austria,Styria,state,Bruck-Mürzzuschlag,district
Austria,Styria,state,Deutschlandsberg,district
Austria,Styria,state,Graz,statutory city
Austria,Styria,state,Graz-Umgebung,district
Austria,Styria,state,Hartberg-Fürstenfeld,district
Austria,Styria,state,Leibnitz,district
Austria,Styria,state,Leoben,district
Austria,Styria,state,Liezen,district
Austria,Styria,state,Murau,district
Austria,Styria,state,Murtal,district
Austria,Styria,state,Südoststeiermark,district
Austria,Styria,state,Voitsberg,district
Austria,Styria,state,Weiz,district
Austria,Tyrol,state,Imst,district
Austria,Tyrol,state,Innsbruck,statutory city
Austria,Tyrol,state,Innsbruck-Land,district
Austria,Tyrol,state,Kitzbühel,district
Austria,Tyrol,state,Kufstein,district
Austria,Tyrol,state,Landeck,district
Austria,Tyrol,state,Lienz,district
Austria,Tyrol,state,Reutte,district
Austria,Tyrol,state,Schwaz,district
Austria,Vorarlberg,state,Bludenz,district
Austria,Vorarlberg,state,Bregenz,district
Austria,Vorarlberg,state,Dornbirn,district
Austria,Vorarlberg,state,Feldkirch,district
Austria,Vienna,state,Vienna,statutory city
Albania,Berat,county,Berat,municipality
Albania,Berat,county,Dimal,municipality
Albania,Berat,county,Kuçovë,municipality
Albania,Berat,county,Poliçan,municipality
Albania,Berat,county,Skrapar,municipality
Albania,Dibër,county,Bulqizë,municipality
Albania,Dibër,county,Dibër,municipality
Albania,Dibër,county,Klos,municipality
Albania,Dibër,county,Mat,municipality
Albania,Durrës,county,Durrës,municipality
Albania,Durrës,county,Krujë,municipality
Albania,Durrës,county,Shijak,municipality
Albania,Elbasan,county,Belsh,municipality
Albania,Elbasan,county,Cërrik,municipality
Albania,Elbasan,county,Elbasan,municipality
Albania,Elbasan,county,Gramsh,municipality
Albania,Elbasan,county,Librazhd,municipality
Albania,Elbasan,county,Peqin,municipality
Albania,Elbasan,county,Prrenjas,municipality
Albania,Fier,county,Divjakë,municipality
Albania,Fier,county,Fier,municipality
Albania,Fier,county,Lushnjë,municipality
Albania,Fier,county,Mallakastër,municipality
Albania,Fier,county,Patos,municipality
Albania,Fier,county,Roskovec,municipality
Albania,Gjirokastër,county,Dropull,municipality
Albania,Gjirokastër,county,Gjirokastër,municipality
Albania,Gjirokastër,county,Këlcyrë,municipality
Albania,Gjirokastër,county,Libohovë,municipality
Albania,Gjirokastër,county,Memaliaj,municipality
Albania,Gjirokastër,county,Përmet,municipality
Albania,Gjirokastër,county,Tepelenë,municipality
Albania,Korçë,county,Devoll,municipality
Albania,Korçë,county,Kolonjë,municipality
Albania,Korçë,county,Korçë,municipality
Albania,Korçë,county,Maliq,municipality
Albania,Korçë,county,Pogradec,municipality
Albania,Korçë,county,Pustec,municipality
Albania,Kukës,county,Has,municipality
Albania,Kukës,county,Kukës,municipality
Albania,Kukës,county,Tropojë,municipality
Albania,Lezhë,county,Kurbin,municipality
Albania,Lezhë,county,Lezhë,municipality
Albania,Lezhë,county,Mirditë,municipality
Albania,Shkodër,county,Fushë-Arrëz,municipality
Albania,Shkodër,county,Malësi e Madhe,municipality
Albania,Shkodër,county,Pukë,municipality
Albania,Shkodër,county,Shkodër,municipality
Albania,Shkodër,county,Vau i Dejës,municipality
Albania,Tirana,county,Kamëz,municipality
Albania,Tirana,county,Kavajë,municipality
Albania,Tirana,county,Rrogozhinë,municipality
Albania,Tirana,county,Tirana,municipality
Albania,Tirana,county,Vorë,municipality
Albania,Vlorë,county,Delvinë,municipality
Albania,Vlorë,county,Finiq,municipality
Albania,Vlorë,county,Himarë,municipality
Albania,Vlorë,county,Konispol,municipality
Albania,Vlorë,county,Sarandë,municipality
Albania,Vlorë,county,Selenicë,municipality
Albania,Vlorë,county,Vlorë,municipality
Andorra,Andorra la Vella,parish,,
Andorra,Canillo,parish,,
Andorra,Encamp,parish,,
Andorra,Escaldes-Engordany,parish,,
Andorra,La Massana,parish,,
Andorra,Ordino,parish,,
Andorra,Sant Julià de Lòria,parish,,
Finland,Central Finland,region,Hankasalmi,municipality
Finland,Central Finland,region,Joutsa,municipality
Finland,Central Finland,region,Jyväskylä,municipality
Finland,Central Finland,region,Jämsä,municipality
Finland,Central Finland,region,Kannonkoski,municipality
Finland,Central Finland,region,Karstula,municipality
Finland,Central Finland,region,Keuruu,municipality
Finland,Central Finland,region,Kinnula,municipality
Finland,Central Finland,region,Kivijärvi,municipality
Finland,Central Finland,region,Konnevesi,municipality
Finland,Central Finland,region,Kyyjärvi,municipality
Finland,Central Finland,region,Laukaa,municipality
Finland,Central Finland,region,Luhanka,municipality
Finland,Central Finland,region,Multia,municipality
Finland,Central Finland,region,Muurame,municipality
Finland,Central Finland,region,Petäjävesi,municipality
Finland,Central Finland,region,Pihtipudas,municipality
Finland,Central Finland,region,Saarijärvi,municipality
Finland,Central Finland,region,Toivakka,municipality
Finland,Central Finland,region,Uurainen,municipality
Finland,Central Finland,region,Viitasaari,municipality
Finland,Central Finland,region,Äänekoski,municipality
Finland,Central Ostrobothnia,region,Halsua,municipality
Finland,Central Ostrobothnia,region,Kannus,municipality
Finland,Central Ostrobothnia,region,Kaustinen,municipality
Finland,Central Ostrobothnia,region,Kokkola,municipality
Finland,Central Ostrobothnia,region,Lestijärvi,municipality
Finland,Central Ostrobothnia,region,Perho,municipality
Finland,Central Ostrobothnia,region,Toholampi,municipality
Finland,Central Ostrobothnia,region,Veteli,municipality
Finland,Finland Proper,region,Aura,municipality
Finland,Finland Proper,region,Kaarina,municipality
Finland,Finland Proper,region,Kimitoön,municipality
Finland,Finland Proper,region,Koski Tl,municipality
Finland,Finland Proper,region,Kustavi,municipality
Finland,Finland Proper,region,Laitila,municipality
Finland,Finland Proper,region,Lieto,municipality
Finland,Finland Proper,region,Loimaa,municipality
Finland,Finland Proper,region,Marttila,municipality
Finland,Finland Proper,region,Masku,municipality
Finland,Finland Proper,region,Mynämäki,municipality
Finland,Finland Proper,region,Naantali,municipality
Finland,Finland Proper,region,Nousiainen,municipality
Finland,Finland Proper,region,Oripää,municipality
Finland,Finland Proper,region,Paimio,municipality
Finland,Finland Proper,region,Pargas,municipality
Finland,Finland Proper,region,Pyhäranta,municipality
Finland,Finland Proper,region,Pöytyä,municipality
Finland,Finland Proper,region,Raisio,municipality
Finland,Finland Proper,region,Rusko,municipality
Finland,Finland Proper,region,Salo,municipality
Finland,Finland Proper,region,Sauvo,municipality
Finland,Finland Proper,region,Somero,municipality
Finland,Finland Proper,region,Taivassalo,municipality
Finland,Finland Proper,region,Turku,municipality
Finland,Finland Proper,region,Uusikaupunki,municipality
Finland,Finland Proper,region,Vehmaa,municipality
Finland,Kainuu,region,Hyrynsalmi,municipality
Finland,Kainuu,region,Kajaani,municipality
Finland,Kainuu,region,Kuhmo,municipality
Finland,Kainuu,region,Paltamo,municipality
Finland,Kainuu,region,Puolanka,municipality
Finland,Kainuu,region,Ristijärvi,municipality
Finland,Kainuu,region,Sotkamo,municipality
Finland,Kainuu,region,Suomussalmi,municipality
Finland,Kymenlaakso,region,Hamina,municipality
Finland,Kymenlaakso,region,Kotka,municipality
Finland,Kymenlaakso,region,Kouvola,municipality
Finland,Kymenlaakso,region,Miehikkälä,municipality
Finland,Kymenlaakso,region,Pyhtää,municipality
Finland,Kymenlaakso,region,Virolahti,municipality
Finland,Lapland,region,Enontekiö,municipality
Finland,Lapland,region,Inari,municipality
Finland,Lapland,region,Kemi,municipality
Finland,Lapland,region,Kemijärvi,municipality
Finland,Lapland,region,Keminmaa,municipality
Finland,Lapland,region,Kittilä,municipality
Finland,Lapland,region,Kolari,municipality
Finland,Lapland,region,Muonio,municipality
Finland,Lapland,region,Pelkosenniemi,municipality
Finland,Lapland,region,Pello,municipality
Finland,Lapland,region,Posio,municipality
Finland,Lapland,region,Ranua,municipality
Finland,Lapland,region,Rovaniemi,municipality
Finland,Lapland,region,Salla,municipality
Finland,Lapland,region,Savukoski,municipality
Finland,Lapland,region,Simo,municipality
Finland,Lapland,region,Sodankylä,municipality
Finland,Lapland,region,Tervola,municipality
Finland,Lapland,region,Tornio,municipality
Finland,Lapland,region,Utsjoki,municipality
Finland,Lapland,region,Ylitornio,municipality
Finland,North Karelia,region,Heinävesi,municipality
Finland,North Karelia,region,Ilomantsi,municipality
Finland,North Karelia,region,Joensuu,municipality
Finland,North Karelia,region,Juuka,municipality
Finland,North Karelia,region,Kitee,municipality
Finland,North Karelia,region,Kontiolahti,municipality
Finland,North Karelia,region,Lieksa,municipality
Finland,North Karelia,region,Liperi,municipality
Finland,North Karelia,region,Nurmes,municipality
Finland,North Karelia,region,Outokumpu,municipality
Finland,North Karelia,region,Polvijärvi,municipality
Finland,North Karelia,region,Rääkkylä,municipality
Finland,North Karelia,region,Tohmajärvi,municipality
Finland,Northern Ostrobothnia,region,Alavieska,municipality
Finland,Northern Ostrobothnia,region,Haapajärvi,municipality
Finland,Northern Ostrobothnia,region,Haapavesi,municipality
Finland,Northern Ostrobothnia,region,Hailuoto,municipality
Finland,Northern Ostrobothnia,region,Ii,municipality
Finland,Northern Ostrobothnia,region,Kalajoki,municipality
Finland,Northern Ostrobothnia,region,Kempele,municipality
Finland,Northern Ostrobothnia,region,Kuusamo,municipality
Finland,Northern Ostrobothnia,region,Kärsämäki,municipality
Finland,Northern Ostrobothnia,region,Liminka,municipality
Finland,Northern Ostrobothnia,region,Lumijoki,municipality
Finland,Northern Ostrobothnia,region,Merijärvi,municipality
Finland,Northern Ostrobothnia,region,Muhos,municipality
Finland,Northern Ostrobothnia,region,Nivala,municipality
Finland,Northern Ostrobothnia,region,Oulainen,municipality
Finland,Northern Ostrobothnia,region,Oulu,municipality
Finland,Northern Ostrobothnia,region,Pudasjärvi,municipality
Finland,Northern Ostrobothnia,region,Pyhäjoki,municipality
Finland,Northern Ostrobothnia,region,Pyhäjärvi,municipality
Finland,Northern Ostrobothnia,region,Pyhäntä,municipality
Finland,Northern Ostrobothnia,region,Raahe,municipality
Finland,Northern Ostrobothnia,region,Reisjärvi,municipality
Finland,Northern Ostrobothnia,region,Sievi,municipality
Finland,Northern Ostrobothnia,region,Siikajoki,municipality
Finland,Northern Ostrobothnia,region,Siikalatva,municipality
Finland,Northern Ostrobothnia,region,Taivalkoski,municipality
Finland,Northern Ostrobothnia,region,Tyrnävä,municipality
Finland,Northern Ostrobothnia,region,Utajärvi,municipality
Finland,Northern Ostrobothnia,region,Vaala,municipality
Finland,Northern Ostrobothnia,region,Ylivieska,municipality
Finland,Ostrobothnia,region,Jakobstad,municipality
Finland,Ostrobothnia,region,Kaskinen,municipality
Finland,Ostrobothnia,region,Korsholm,municipality
Finland,Ostrobothnia,region,Korsnäs,municipality
Finland,Ostrobothnia,region,Kristiinan-kaupunki,municipality
Finland,Ostrobothnia,region,Kronoby,municipality
Finland,Ostrobothnia,region,Laihia,municipality
Finland,Ostrobothnia,region,Larsmo,municipality
Finland,Ostrobothnia,region,Malax,municipality
Finland,Ostrobothnia,region,Nykarleby,municipality
Finland,Ostrobothnia,region,Närpes,municipality
Finland,Ostrobothnia,region,Pedersöre,municipality
Finland,Ostrobothnia,region,Vaasa,municipality
Finland,Ostrobothnia,region,Vörå,municipality
Finland,Pirkanmaa,region,Akaa,municipality
Finland,Pirkanmaa,region,Hämeenkyrö,municipality
Finland,Pirkanmaa,region,Ikaalinen,municipality
Finland,Pirkanmaa,region,Juupajoki,municipality
Finland,Pirkanmaa,region,Kangasala,municipality
Finland,Pirkanmaa,region,Kihniö,municipality
Finland,Pirkanmaa,region,Kuhmoinen,municipality
Finland,Pirkanmaa,region,Lempäälä,municipality
Finland,Pirkanmaa,region,Mänttä-Vilppula,municipality
Finland,Pirkanmaa,region,Nokia,municipality
Finland,Pirkanmaa,region,Orivesi,municipality
Finland,Pirkanmaa,region,Parkano,municipality
Finland,Pirkanmaa,region,Pirkkala,municipality
Finland,Pirkanmaa,region,Punkalaidun,municipality
Finland,Pirkanmaa,region,Pälkäne,municipality
Finland,Pirkanmaa,region,Ruovesi,municipality
Finland,Pirkanmaa,region,Sastamala,municipality
Finland,Pirkanmaa,region,Tampere,municipality
Finland,Pirkanmaa,region,Urjala,municipality
Finland,Pirkanmaa,region,Valkeakoski,municipality
Finland,Pirkanmaa,region,Vesilahti,municipality
Finland,Pirkanmaa,region,Virrat,municipality
Finland,Pirkanmaa,region,Ylöjärvi,municipality
Finland,Päijät-Häme,region,Asikkala,municipality
Finland,Päijät-Häme,region,Hartola,municipality
Finland,Päijät-Häme,region,Heinola,municipality
Finland,Päijät-Häme,region,Hollola,municipality
Finland,Päijät-Häme,region,Iitti,municipality
Finland,Päijät-Häme,region,Kärkölä,municipality
Finland,Päijät-Häme,region,Lahti,municipality
Finland,Päijät-Häme,region,Orimattila,municipality
Finland,Päijät-Häme,region,Padasjoki,municipality
Finland,Päijät-Häme,region,Sysmä,municipality
Finland,Satakunta,region,Eura,municipality
Finland,Satakunta,region,Eurajoki,municipality
Finland,Satakunta,region,Harjavalta,municipality
Finland,Satakunta,region,Huittinen,municipality
Finland,Satakunta,region,Jämijärvi,municipality
Finland,Satakunta,region,Kankaanpää,municipality
Finland,Satakunta,region,Karvia,municipality
Finland,Satakunta,region,Kokemäki,municipality
Finland,Satakunta,region,Merikarvia,municipality
Finland,Satakunta,region,Nakkila,municipality
Finland,Satakunta,region,Pomarkku,municipality
Finland,Satakunta,region,Pori,municipality
Finland,Satakunta,region,Rauma,municipality
Finland,Satakunta,region,Siikainen,municipality
Finland,Satakunta,region,Säkylä,municipality
Finland,Satakunta,region,Ulvila,municipality
Finland,South Karelia,region,Imatra,municipality
Finland,South Karelia,region,Lappeenranta,municipality
Finland,South Karelia,region,Lemi,municipality
Finland,South Karelia,region,Luumäki,municipality
Finland,South Karelia,region,Parikkala,municipality
Finland,South Karelia,region,Rautjärvi,municipality
Finland,South Karelia,region,Ruokolahti,municipality
Finland,South Karelia,region,Savitaipale,municipality
Finland,South Karelia,region,Taipalsaari,municipality
Finland,Southern Ostrobothnia,region,Alajärvi,municipality
Finland,Southern Ostrobothnia,region,Alavus,municipality
Finland,Southern Ostrobothnia,region,Evijärvi,municipality
Finland,Southern Ostrobothnia,region,Ilmajoki,municipality
Finland,Southern Ostrobothnia,region,Isojoki,municipality
Finland,Southern Ostrobothnia,region,Isokyrö,municipality
Finland,Southern Ostrobothnia,region,Karijoki,municipality
Finland,Southern Ostrobothnia,region,Kauhajoki,municipality
Finland,Southern Ostrobothnia,region,Kauhava,municipality
Finland,Southern Ostrobothnia,region,Kuortane,municipality
Finland,Southern Ostrobothnia,region,Kurikka,municipality
Finland,Southern Ostrobothnia,region,Lappajärvi,municipality
Finland,Southern Ostrobothnia,region,Lapua,municipality
Finland,Southern Ostrobothnia,region,Seinäjoki,municipality
Finland,Southern Ostrobothnia,region,Soini,municipality
Finland,Southern Ostrobothnia,region,Teuva,municipality
Finland,Southern Ostrobothnia,region,Vimpeli,municipality
Finland,Southern Ostrobothnia,region,Ähtäri,municipality
Finland,Southern Savonia,region,Enonkoski,municipality
Finland,Southern Savonia,region,Hirvensalmi,municipality
Finland,Southern Savonia,region,Juva,municipality
Finland,Southern Savonia,region,Kangasniemi,municipality
Finland,Southern Savonia,region,Mikkeli,municipality
Finland,Southern Savonia,region,Mäntyharju,municipality
Finland,Southern Savonia,region,Pieksämäki,municipality
Finland,Southern Savonia,region,Puumala,municipality
Finland,Southern Savonia,region,Rantasalmi,municipality
Finland,Southern Savonia,region,Savonlinna,municipality
Finland,Southern Savonia,region,Sulkava,municipality
Finland,Tavastia Proper,region,Forssa,municipality
Finland,Tavastia Proper,region,Hattula,municipality
Finland,Tavastia Proper,region,Hausjärvi,municipality
Finland,Tavastia Proper,region,Humppila,municipality
Finland,Tavastia Proper,region,Hämeenlinna,municipality
Finland,Tavastia Proper,region,Janakkala,municipality
Finland,Tavastia Proper,region,Jokioinen,municipality
Finland,Tavastia Proper,region,Loppi,municipality
Finland,Tavastia Proper,region,Riihimäki,municipality
Finland,Tavastia Proper,region,Tammela,municipality
Finland,Tavastia Proper,region,Ypäjä,municipality
Finland,Uusimaa,region,Askola,municipality
Finland,Uusimaa,region,Espoo,municipality
Finland,Uusimaa,region,Hanko,municipality
Finland,Uusimaa,region,Helsinki,municipality
Finland,Uusimaa,region,Hyvinkää,municipality
Finland,Uusimaa,region,Ingå,municipality
Finland,Uusimaa,region,Järvenpää,municipality
Finland,Uusimaa,region,Karkkila,municipality
Finland,Uusimaa,region,Kauniainen,municipality
Finland,Uusimaa,region,Kerava,municipality
Finland,Uusimaa,region,Kirkkonummi,municipality
Finland,Uusimaa,region,Lapinjärvi,municipality
Finland,Uusimaa,region,Lohja,municipality
Finland,Uusimaa,region,Loviisa,municipality
Finland,Uusimaa,region,Myrskylä,municipality
Finland,Uusimaa,region,Mäntsälä,municipality
Finland,Uusimaa,region,Nurmijärvi,municipality
Finland,Uusimaa,region,Pornainen,municipality
Finland,Uusimaa,region,Porvoo,municipality
Finland,Uusimaa,region,Pukkila,municipality
Finland,Uusimaa,region,Raseborg,municipality
Finland,Uusimaa,region,Sipoo,municipality
Finland,Uusimaa,region,Siuntio,municipality
Finland,Uusimaa,region,Tuusula,municipality
Finland,Uusimaa,region,Vantaa,municipality
Finland,Uusimaa,region,Vihti,municipality
Finland,Åland,region,Brändö,municipality
Finland,Åland,region,Eckerö,municipality
Finland,Åland,region,Finström,municipality
Finland,Åland,region,Föglö,municipality
Finland,Åland,region,Geta,municipality
Finland,Åland,region,Hammarland,municipality
Finland,Åland,region,Jomala,municipality
Finland,Åland,region,Kumlinge,municipality
Finland,Åland,region,Kökar,municipality
Finland,Åland,region,Lemland,municipality
Finland,Åland,region,Lumparland,municipality
Finland,Åland,region,Mariehamn,municipality
Finland,Åland,region,Saltvik,municipality
Finland,Åland,region,Sottunga,municipality
Finland,Åland,region,Sund,municipality
Finland,Åland,region,Vårdö,municipality
Latvia,Daugavpils,state city,,
Latvia,Jelgava,state city,,
Latvia,Jūrmala,state city,,
Latvia,Liepāja,state city,,
Latvia,Riga,state city,,
Latvia,Rēzekne,state city,,
Latvia,Ventspils,state city,,
Latvia,Augšdaugava,municipality,,
Latvia,Aizkraukle,municipality,,
Latvia,Alūksne,municipality,,
Latvia,Balvi,municipality,,
Latvia,Bauska,municipality,,
Latvia,Cēsis,municipality,,
Latvia,Gulbene,municipality,,
Latvia,Jelgava,municipality,,
Latvia,Jēkabpils,municipality,,
Latvia,Krāslava,municipality,,
Latvia,Kuldīga,municipality,,
Latvia,Limbaži,municipality,,
Latvia,Ludza,municipality,,
Latvia,Līvāni,municipality,,
Latvia,Madona,municipality,,
Latvia,Mārupe,municipality,,
Latvia,Ogre,municipality,,
Latvia,Olaine,municipality,,
Latvia,Preiļi,municipality,,
Latvia,Ropaži,municipality,,
Latvia,Rēzekne,municipality,,
Latvia,Salaspils,municipality,,
Latvia,Saldus,municipality,,
Latvia,Saulkrasti,municipality,,
Latvia,Sigulda,municipality,,
Latvia,Smiltene,municipality,,
Latvia,South Kurzeme,municipality,,
Latvia,Talsi,municipality,,
Latvia,Tukums,municipality,,
Latvia,Valka,municipality,,
Latvia,Valmiera,municipality,,
Latvia,Ventspils,municipality,,
Latvia,Ādaži,municipality,,
Latvia,Ķekava,municipality,,
Liechtenstein,Balzers,municipality,,
Liechtenstein,Eschen,municipality,,
Liechtenstein,Gamprin,municipality,,
Liechtenstein,Mauren,municipality,,
Liechtenstein,Planken,municipality,,
Liechtenstein,Ruggell,municipality,,
Liechtenstein,Schaan,municipality,,
Liechtenstein,Schellenberg,municipality,,
Liechtenstein,Triesen,municipality,,
Liechtenstein,Triesenberg,municipality,,
Liechtenstein,Vaduz,municipality,,
Luxembourg,Capellen,canton,,
Luxembourg,Clervaux,canton,,
Luxembourg,Diekirch,canton,,
Luxembourg,Echternach,canton,,
Luxembourg,Esch-sur-Alzette,canton,,
Luxembourg,Grevenmacher,canton,,
Luxembourg,Luxembourg,canton,,
Luxembourg,Mersch,canton,,
Luxembourg,Redange,canton,,
Luxembourg,Remich,canton,,
Luxembourg,Vianden,canton,,
Luxembourg,Wiltz,canton,,
Moldova,Anenii Noi,district,,
Moldova,Basarabeasca,district,,
Moldova,Briceni,district,,
Moldova,Cahul,district,,
Moldova,Cantemir,district,,
Moldova,Criuleni,district,,
Moldova,Călărași,district,,
Moldova,Căușeni,district,,
Moldova,Cimișlia,district,,
Moldova,Dondușeni,district,,
Moldova,Drochia,district,,
Moldova,Dubăsari,district,,
Moldova,Edineț,district,,
Moldova,Florești,district,,
Moldova,Fălești,district,,
Moldova,Glodeni,district,,
Moldova,Hîncești,district,,
Moldova,Ialoveni,district,,
Moldova,Leova,district,,
Moldova,Nisporeni,district,,
Moldova,Ocnița,district,,
Moldova,Orhei,district,,
Moldova,Rezina,district,,
Moldova,Rîșcani,district,,
Moldova,Soroca,district,,
Moldova,Strășeni,district,,
Moldova,Sîngerei,district,,
Moldova,Taraclia,district,,
Moldova,Telenești,district,,
Moldova,Ungheni,district,,
Moldova,Șoldănești,district,,
Moldova,Ștefan Vodă,district,,
Moldova,Bender,municipality,,
Moldova,Bălți,municipality,,
Moldova,Chișinău,municipality,,
Moldova,Gagauzia,autonomous region,,
Moldova,Transnistria,autonomous region,,
Monaco,Monaco,commune,,
Montenegro,Andrijevica,municipality,,
Montenegro,Bar,municipality,,
Montenegro,Berane,municipality,,
Montenegro,Bijelo Polje,municipality,,
Montenegro,Budva,municipality,,
Montenegro,Cetinje,municipality,,
Montenegro,Danilovgrad,municipality,,
Montenegro,Gusinje,municipality,,
Montenegro,Herceg Novi,municipality,,
Montenegro,Kotor,municipality,,
Montenegro,Kolašin,municipality,,
Montenegro,Mojkovac,municipality,,
Montenegro,Nikšić,municipality,,
Montenegro,Petnjica,municipality,,
Montenegro,Plav,municipality,,
Montenegro,Pljevlja,municipality,,
Montenegro,Plužine,municipality,,
Montenegro,Podgorica,municipality,,
Montenegro,Rožaje,municipality,,
Montenegro,Tivat,municipality,,
Montenegro,Tuzi,municipality,,
Montenegro,Ulcinj,municipality,,
Montenegro,Zeta,municipality,,
Montenegro,Šavnik,municipality,,
Montenegro,Žabljak,municipality,,
North Macedonia,Aerodrom,municipality,,
North Macedonia,Aračinovo,municipality,,
North Macedonia,Berovo,municipality,,
North Macedonia,Bitola,municipality,,
North Macedonia,Bogdanci,municipality,,
North Macedonia,Bogovinje,municipality,,
North Macedonia,Bosilovo,municipality,,
North Macedonia,Brvenica,municipality,,
North Macedonia,Butel,municipality,,
North Macedonia,Centar,municipality,,
North Macedonia,Centar Župa,municipality,,
North Macedonia,Debar,municipality,,
North Macedonia,Debarca,municipality,,
North Macedonia,Delčevo,municipality,,
North Macedonia,Demir Hisar,municipality,,
North Macedonia,Demir Kapija,municipality,,
North Macedonia,Dojran,municipality,,
North Macedonia,Dolneni,municipality,,
North Macedonia,Gazi Baba,municipality,,
North Macedonia,Gevgelija,municipality,,
North Macedonia,Gjorče Petrov,municipality,,
North Macedonia,Gostivar,municipality,,
North Macedonia,Gradsko,municipality,,
North Macedonia,Ilinden,municipality,,
North Macedonia,Jegunovce,municipality,,
North Macedonia,Karbinci,municipality,,
North Macedonia,Karpoš,municipality,,
North Macedonia,Kavadarci,municipality,,
North Macedonia,Kisela Voda,municipality,,
North Macedonia,Kičevo,municipality,,
North Macedonia,Konče,municipality,,
North Macedonia,Kočani,municipality,,
North Macedonia,Kratovo,municipality,,
North Macedonia,Kriva Palanka,municipality,,
North Macedonia,Krivogaštani,municipality,,
North Macedonia,Kruševo,municipality,,
North Macedonia,Kumanovo,municipality,,
North Macedonia,Lipkovo,municipality,,
North Macedonia,Lozovo,municipality,,
North Macedonia,Makedonska Kamenica,municipality,,
North Macedonia,Makedonski Brod,municipality,,
North Macedonia,Mavrovo and Rostuša,municipality,,
North Macedonia,Mogila,municipality,,
North Macedonia,Negotino,municipality,,
North Macedonia,Novaci,municipality,,
North Macedonia,Novo Selo,municipality,,
North Macedonia,Ohrid,municipality,,
North Macedonia,Pehčevo,municipality,,
North Macedonia,Petrovec,municipality,,
North Macedonia,Plasnica,municipality,,
North Macedonia,Prilep,municipality,,
North Macedonia,Probištip,municipality,,
North Macedonia,Radoviš,municipality,,
North Macedonia,Rankovce,municipality,,
North Macedonia,Resen,municipality,,
North Macedonia,Rosoman,municipality,,
North Macedonia,Saraj,municipality,,
North Macedonia,Sopište,municipality,,
North Macedonia,Staro Nagoričane,municipality,,
North Macedonia,Struga,municipality,,
North Macedonia,Strumica,municipality,,
North Macedonia,Studeničani,municipality,,
North Macedonia,Sveti Nikole,municipality,,
North Macedonia,Tearce,municipality,,
North Macedonia,Tetovo,municipality,,
North Macedonia,Valandovo,municipality,,
North Macedonia,Vasilevo,municipality,,
North Macedonia,Veles,municipality,,
North Macedonia,Vevčani,municipality,,
North Macedonia,Vinica,municipality,,
North Macedonia,Vrapčište,municipality,,
North Macedonia,Zelenikovo,municipality,,
North Macedonia,Zrnovci,municipality,,
North Macedonia,Čair,municipality,,
North Macedonia,Čaška,municipality,,
North Macedonia,Češinovo-Obleševo,municipality,,
North Macedonia,Čučer Sandevo,municipality,,
North Macedonia,Štip,municipality,,
North Macedonia,Šuto Orizari,municipality,,
North Macedonia,Želino,municipality,,
Romania,Alba,county,Abrud,town
Romania,Alba,county,Aiud,municipality
Romania,Alba,county,Alba Iulia,municipality
Romania,Alba,county,Albac,commune
Romania,Alba,county,Almașu Mare,commune
Romania,Alba,county,Arieșeni,commune
Romania,Alba,county,Avram Iancu,commune
Romania,Alba,county,Baia de Arieș,town
Romania,Alba,county,Berghin,commune
Romania,Alba,county,Bistra,commune
Romania,Alba,county,Blaj,municipality
Romania,Alba,county,Blandiana,commune
Romania,Alba,county,Bucerdea Grânoasă,commune
Romania,Alba,county,Bucium,commune
Romania,Alba,county,Cenade,commune
Romania,Alba,county,Cergău,commune
Romania,Alba,county,Ceru-Băcăinți,commune
Romania,Alba,county,Cetatea de Baltă,commune
Romania,Alba,county,Ciugud,commune
Romania,Alba,county,Ciuruleasa,commune
Romania,Alba,county,Cricău,commune
Romania,Alba,county,Crăciunelu de Jos,commune
Romania,Alba,county,Cugir,town
Romania,Alba,county,Cut,commune
Romania,Alba,county,Câlnic,commune
Romania,Alba,county,Câmpeni,town
Romania,Alba,county,Daia Română,commune
Romania,Alba,county,Doștat,commune
Romania,Alba,county,Fărău,commune
Romania,Alba,county,Galda de Jos,commune
Romania,Alba,county,Gârbova,commune
Romania,Alba,county,Gârda de Sus,commune
Romania,Alba,county,Hopârta,commune
Romania,Alba,county,Horea,commune
Romania,Alba,county,Ighiu,commune
Romania,Alba,county,Jidvei,commune
Romania,Alba,county,Livezile,commune
Romania,Alba,county,Lopadea Nouă,commune
Romania,Alba,county,Lunca Mureșului,commune
Romania,Alba,county,Lupșa,commune
Romania,Alba,county,Meteș,commune
Romania,Alba,county,Mihalț,commune
Romania,Alba,county,Mirăslău,commune
Romania,Alba,county,Mogoș,commune
Romania,Alba,county,Noșlac,commune
Romania,Alba,county,Ocna Mureș,town
Romania,Alba,county,Ocoliș,commune
Romania,Alba,county,Ohaba,commune
Romania,Alba,county,Pianu,commune
Romania,Alba,county,Poiana Vadului,commune
Romania,Alba,county,Ponor,commune
Romania,Alba,county,Poșaga,commune
Romania,Alba,county,Rimetea,commune
Romania,Alba,county,Roșia Montană,commune
Romania,Alba,county,Roșia de Secaș,commune
Romania,Alba,county,Râmeț,commune
Romania,Alba,county,Rădești,commune
Romania,Alba,county,Scărișoara,commune
Romania,Alba,county,Sebeș,municipality
Romania,Alba,county,Sohodol,commune
Romania,Alba,county,Stremț,commune
Romania,Alba,county,Sâncel,commune
Romania,Alba,county,Sântimbru,commune
Romania,Alba,county,Sălciua,commune
Romania,Alba,county,Săliștea,commune
Romania,Alba,county,Săsciori,commune
Romania,Alba,county,Teiuș,town
Romania,Alba,county,Unirea,commune
Romania,Alba,county,Vadu Moților,commune
Romania,Alba,county,Valea Lungă,commune
Romania,Alba,county,Vidra,commune
Romania,Alba,county,Vințu de Jos,commune
Romania,Alba,county,Zlatna,town
Romania,Alba,county,Întregalde,commune
Romania,Alba,county,Șibot,commune
Romania,Alba,county,Șona,commune
Romania,Alba,county,Șpring,commune
Romania,Alba,county,Șugag,commune
Romania,Arad,county,Almaș,commune
Romania,Arad,county,Apateu,commune
Romania,Arad,county,Arad,municipality
Romania,Arad,county,Archiș,commune
Romania,Arad,county,Bata,commune
Romania,Arad,county,Beliu,commune
Romania,Arad,county,Birchiș,commune
Romania,Arad,county,Bocsig,commune
Romania,Arad,county,Brazii,commune
Romania,Arad,county,Buteni,commune
Romania,Arad,county,Bârsa,commune
Romania,Arad,county,Bârzava,commune
Romania,Arad,county,Cermei,commune
Romania,Arad,county,Chisindia,commune
Romania,Arad,county,Chișineu-Criș,town
Romania,Arad,county,Conop,commune
Romania,Arad,county,Covăsinț,commune
Romania,Arad,county,Craiva,commune
Romania,Arad,county,Curtici,town
Romania,Arad,county,Cărand,commune
Romania,Arad,county,Dezna,commune
Romania,Arad,county,Dieci,commune
Romania,Arad,county,Dorobanți,commune
Romania,Arad,county,Felnac,commune
Romania,Arad,county,Frumușeni,commune
Romania,Arad,county,Fântânele,commune
Romania,Arad,county,Ghioroc,commune
Romania,Arad,county,Grăniceri,commune
Romania,Arad,county,Gurahonț,commune
Romania,Arad,county,Hălmagiu,commune
Romania,Arad,county,Hășmaș,commune
Romania,Arad,county,Ignești,commune
Romania,Arad,county,Ineu,town
Romania,Arad,county,Iratoșu,commune
Romania,Arad,county,Lipova,town
Romania,Arad,county,Livada,commune
Romania,Arad,county,Macea,commune
Romania,Arad,county,Mișca,commune
Romania,Arad,county,Moneasa,commune
Romania,Arad,county,Nădlac,town
Romania,Arad,county,Olari,commune
Romania,Arad,county,Pecica,town
Romania,Arad,county,Peregu Mare,commune
Romania,Arad,county,Petriș,commune
Romania,Arad,county,Pilu,commune
Romania,Arad,county,Pleșcuța,commune
Romania,Arad,county,Pâncota,town
Romania,Arad,county,Păuliș,commune
Romania,Arad,county,Sebiș,town
Romania,Arad,county,Secusigiu,commune
Romania,Arad,county,Seleuș,commune
Romania,Arad,county,Semlac,commune
Romania,Arad,county,Sintea Mare,commune
Romania,Arad,county,Socodor,commune
Romania,Arad,county,Sântana,town
Romania,Arad,county,Săvârșin,commune
Romania,Arad,county,Tauț,commune
Romania,Arad,county,Târnova,commune
Romania,Arad,county,Ususău,commune
Romania,Arad,county,Vinga,commune
Romania,Arad,county,Vladimirescu,commune
Romania,Arad,county,Vârfurile,commune
Romania,Arad,county,Vărădia de Mureș,commune
Romania,Arad,county,Zerind,commune
Romania,Arad,county,Zimandu Nou,commune
Romania,Arad,county,Zăbrani,commune
Romania,Arad,county,Zădăreni,commune
Romania,Arad,county,Zărand,commune
Romania,Arad,county,Șagu,commune
Romania,Arad,county,Șeitin,commune
Romania,Arad,county,Șepreuș,commune
Romania,Arad,county,Șicula,commune
Romania,Arad,county,Șilindia,commune
Romania,Arad,county,Șimand,commune
Romania,Arad,county,Șiria,commune
Romania,Arad,county,Șiștarovăț,commune
Romania,Arad,county,Șofronea,commune
Romania,Argeș,county,Albeștii de Argeș,commune
Romania,Argeș,county,Albeștii de Muscel,commune
Romania,Argeș,county,Albota,commune
Romania,Argeș,county,Aninoasa,commune
Romania,Argeș,county,Arefu,commune
Romania,Argeș,county,Bascov,commune
Romania,Argeș,county,Beleți-Negrești,commune
Romania,Argeș,county,Berevoești,commune
Romania,Argeș,county,Bogați,commune
Romania,Argeș,county,Boteni,commune
Romania,Argeș,county,Boțești,commune
Romania,Argeș,county,Bradu,commune
Romania,Argeș,county,Brăduleț,commune
Romania,Argeș,county,Budeasa,commune
Romania,Argeș,county,Bughea de Jos,commune
Romania,Argeș,county,Bughea de Sus,commune
Romania,Argeș,county,Buzoești,commune
Romania,Argeș,county,Bârla,commune
Romania,Argeș,county,Băbana,commune
Romania,Argeș,county,Băiculești,commune
Romania,Argeș,county,Bălilești,commune
Romania,Argeș,county,Cepari,commune
Romania,Argeș,county,Cetățeni,commune
Romania,Argeș,county,Cicănești,commune
Romania,Argeș,county,Ciofrângeni,commune
Romania,Argeș,county,Ciomăgești,commune
Romania,Argeș,county,Cocu,commune
Romania,Argeș,county,Corbeni,commune
Romania,Argeș,county,Corbi,commune
Romania,Argeș,county,Costești,town
Romania,Argeș,county,Cotmeana,commune
Romania,Argeș,county,Coșești,commune
Romania,Argeș,county,Cuca,commune
Romania,Argeș,county,Curtea de Argeș,municipality
Romania,Argeș,county,Câmpulung,municipality
Romania,Argeș,county,Căldăraru,commune
Romania,Argeș,county,Călinești,commune
Romania,Argeș,county,Căteasca,commune
Romania,Argeș,county,Davidești,commune
Romania,Argeș,county,Dobrești,commune
Romania,Argeș,county,Domnești,commune
Romania,Argeș,county,Drăganu,commune
Romania,Argeș,county,Dâmbovicioara,commune
Romania,Argeș,county,Dârmănești,commune
Romania,Argeș,county,Godeni,commune
Romania,Argeș,county,Hârsești,commune
Romania,Argeș,county,Hârtiești,commune
Romania,Argeș,county,Izvoru,commune
Romania,Argeș,county,Leordeni,commune
Romania,Argeș,county,Lerești,commune
Romania,Argeș,county,Lunca Corbului,commune
Romania,Argeș,county,Merișani,commune
Romania,Argeș,county,Micești,commune
Romania,Argeș,county,Mihăești,commune
Romania,Argeș,county,Mioarele,commune
Romania,Argeș,county,Mioveni,town
Romania,Argeș,county,Miroși,commune
Romania,Argeș,county,Morărești,commune
Romania,Argeș,county,Mozăceni,commune
Romania,Argeș,county,Moșoaia,commune
Romania,Argeș,county,Mușătești,commune
Romania,Argeș,county,Mălureni,commune
Romania,Argeș,county,Mărăcineni,commune
Romania,Argeș,county,Negrași,commune
Romania,Argeș,county,Nucșoara,commune
Romania,Argeș,county,Oarja,commune
Romania,Argeș,county,Pietroșani,commune
Romania,Argeș,county,Pitești,municipality
Romania,Argeș,county,Poiana Lacului,commune
Romania,Argeș,county,Poienarii de Argeș,commune
Romania,Argeș,county,Poienarii de Muscel,commune
Romania,Argeș,county,Popești,commune
Romania,Argeș,county,Priboieni,commune
Romania,Argeș,county,Recea,commune
Romania,Argeș,county,Rociu,commune
Romania,Argeș,county,Rucăr,commune
Romania,Argeș,county,Râca,commune
Romania,Argeș,county,Rătești,commune
Romania,Argeș,county,Schitu Golești,commune
Romania,Argeș,county,Slobozia,commune
Romania,Argeș,county,Stoenești,commune
Romania,Argeș,county,Stolnici,commune
Romania,Argeș,county,Stâlpeni,commune
Romania,Argeș,county,Suseni,commune
Romania,Argeș,county,Sălătrucu,commune
Romania,Argeș,county,Săpata,commune
Romania,Argeș,county,Teiu,commune
Romania,Argeș,county,Tigveni,commune
Romania,Argeș,county,Topoloveni,town
Romania,Argeș,county,Uda,commune
Romania,Argeș,county,Ungheni,commune
Romania,Argeș,county,Valea Danului,commune
Romania,Argeș,county,Valea Iașului,commune
Romania,Argeș,county,Valea Mare Pravăț,commune
Romania,Argeș,county,Vedea,commune
Romania,Argeș,county,Vlădești,commune
Romania,Argeș,county,Vulturești,commune
Romania,Argeș,county,Ștefan cel Mare,commune
Romania,Argeș,county,Ștefănești,town
Romania,Argeș,county,Șuici,commune
Romania,Argeș,county,Țițești,commune
Romania,Bacău,county,Agăș,commune
Romania,Bacău,county,Ardeoani,commune
Romania,Bacău,county,Asău,commune
Romania,Bacău,county,Bacău,municipality
Romania,Bacău,county,Balcani,commune
Romania,Bacău,county,Berești-Bistrița,commune
Romania,Bacău,county,Berești-Tazlău,commune
Romania,Bacău,county,Berzunți,commune
Romania,Bacău,county,Blăgești,commune
Romania,Bacău,county,Bogdănești,commune
Romania,Bacău,county,Brusturoasa,commune
Romania,Bacău,county,Buciumi,commune
Romania,Bacău,county,Buhoci,commune
Romania,Bacău,county,Buhuși,town
Romania,Bacău,county,Bârsănești,commune
Romania,Bacău,county,Cașin,commune
Romania,Bacău,county,Cleja,commune
Romania,Bacău,county,Colonești,commune
Romania,Bacău,county,Comănești,town
Romania,Bacău,county,Corbasca,commune
Romania,Bacău,county,Coțofănești,commune
Romania,Bacău,county,Căiuți,commune
Romania,Bacău,county,Dealu Morii,commune
Romania,Bacău,county,Dofteana,commune
Romania,Bacău,county,Dămienești,commune
Romania,Bacău,county,Dărmănești,town
Romania,Bacău,county,Faraoani,commune
Romania,Bacău,county,Filipeni,commune
Romania,Bacău,county,Filipești,commune
Romania,Bacău,county,Ghimeș-Făget,commune
Romania,Bacău,county,Gioseni,commune
Romania,Bacău,county,Glăvănești,commune
Romania,Bacău,county,Gura Văii,commune
Romania,Bacău,county,Gârleni,commune
Romania,Bacău,county,Găiceana,commune
Romania,Bacău,county,Helegiu,commune
Romania,Bacău,county,Hemeiuș,commune
Romania,Bacău,county,Horgești,commune
Romania,Bacău,county,Huruiești,commune
Romania,Bacău,county,Itești,commune
Romania,Bacău,county,Izvoru Berheciului,commune
Romania,Bacău,county,Letea Veche,commune
Romania,Bacău,county,Lipova,commune
Romania,Bacău,county,Livezi,commune
Romania,Bacău,county,Luizi-Călugăra,commune
Romania,Bacău,county,Moinești,municipality
Romania,Bacău,county,Motoșeni,commune
Romania,Bacău,county,Măgirești,commune
Romania,Bacău,county,Măgura,commune
Romania,Bacău,county,Mănăstirea Cașin,commune
Romania,Bacău,county,Mărgineni,commune
Romania,Bacău,county,Negri,commune
Romania,Bacău,county,Nicolae Bălcescu,commune
Romania,Bacău,county,Odobești,commune
Romania,Bacău,county,Oituz,commune
Romania,Bacău,county,Oncești,commune
Romania,Bacău,county,Onești,municipality
Romania,Bacău,county,Orbeni,commune
Romania,Bacău,county,Palanca,commune
Romania,Bacău,county,Parava,commune
Romania,Bacău,county,Parincea,commune
Romania,Bacău,county,Plopana,commune
Romania,Bacău,county,Podu Turcului,commune
Romania,Bacău,county,Poduri,commune
Romania,Bacău,county,Prăjești,commune
Romania,Bacău,county,Pâncești,commune
Romania,Bacău,county,Pârgărești,commune
Romania,Bacău,county,Pârjol,commune
Romania,Bacău,county,Racova,commune
Romania,Bacău,county,Roșiori,commune
Romania,Bacău,county,Răchitoasa,commune
Romania,Bacău,county,Răcăciuni,commune
Romania,Bacău,county,Sascut,commune
Romania,Bacău,county,Scorțeni,commune
Romania,Bacău,county,Secuieni,commune
Romania,Bacău,county,Slănic-Moldova,town
Romania,Bacău,county,Solonț,commune
Romania,Bacău,county,Strugari,commune
Romania,Bacău,county,Stănișești,commune
Romania,Bacău,county,Sănduleni,commune
Romania,Bacău,county,Sărata,commune
Romania,Bacău,county,Săucești,commune
Romania,Bacău,county,Tamași,commune
Romania,Bacău,county,Traian,commune
Romania,Bacău,county,Târgu Ocna,town
Romania,Bacău,county,Târgu Trotuș,commune
Romania,Bacău,county,Tătărăști,commune
Romania,Bacău,county,Ungureni,commune
Romania,Bacău,county,Urechești,commune
Romania,Bacău,county,Valea Seacă,commune
Romania,Bacău,county,Vultureni,commune
Romania,Bacău,county,Zemeș,commune
Romania,Bacău,county,Ștefan cel Mare,commune
Romania,Bihor,county, Marghita,municipality
Romania,Bihor,county,Abram,commune
Romania,Bihor,county,Aleșd,town
Romania,Bihor,county,Aușeu,commune
Romania,Bihor,county,Avram Iancu,commune
Romania,Bihor,county,Aștileu,commune
Romania,Bihor,county,Balc,commune
Romania,Bihor,county,Batăr,commune
Romania,Bihor,county,Beiuș,municipality
Romania,Bihor,county,Biharia,commune
Romania,Bihor,county,Boianu Mare,commune
Romania,Bihor,county,Borod,commune
Romania,Bihor,county,Borș,commune
Romania,Bihor,county,Bratca,commune
Romania,Bihor,county,Brusturi,commune
Romania,Bihor,county,Budureasa,commune
Romania,Bihor,county,Buduslău,commune
Romania,Bihor,county,Bulz,commune
Romania,Bihor,county,Buntești,commune
Romania,Bihor,county,Cefa,commune
Romania,Bihor,county,Ceica,commune
Romania,Bihor,county,Cetariu,commune
Romania,Bihor,county,Cherechiu,commune
Romania,Bihor,county,Chișlaz,commune
Romania,Bihor,county,Ciumeghiu,commune
Romania,Bihor,county,Cociuba Mare,commune
Romania,Bihor,county,Copăcel,commune
Romania,Bihor,county,Criștioru de Jos,commune
Romania,Bihor,county,Curtuișeni,commune
Romania,Bihor,county,Curățele,commune
Romania,Bihor,county,Câmpani,commune
Romania,Bihor,county,Căbești,commune
Romania,Bihor,county,Căpâlna,commune
Romania,Bihor,county,Cărpinet,commune
Romania,Bihor,county,Derna,commune
Romania,Bihor,county,Diosig,commune
Romania,Bihor,county,Dobrești,commune
Romania,Bihor,county,Drăgești,commune
Romania,Bihor,county,Drăgănești,commune
Romania,Bihor,county,Finiș,commune
Romania,Bihor,county,Gepiu,commune
Romania,Bihor,county,Girișu de Criș,commune
Romania,Bihor,county,Hidișelu de Sus,commune
Romania,Bihor,county,Holod,commune
Romania,Bihor,county,Husasău de Tinca,commune
Romania,Bihor,county,Ineu,commune
Romania,Bihor,county,Lazuri de Beiuș,commune
Romania,Bihor,county,Lugașu de Jos,commune
Romania,Bihor,county,Lunca,commune
Romania,Bihor,county,Lăzăreni,commune
Romania,Bihor,county,Mădăras,commune
Romania,Bihor,county,Măgești,commune
Romania,Bihor,county,Nojorid,commune
Romania,Bihor,county,Nucet,town
Romania,Bihor,county,Olcea,commune
Romania,Bihor,county,Oradea,municipality
Romania,Bihor,county,Oșorhei,commune
Romania,Bihor,county,Paleu,commune
Romania,Bihor,county,Petreu,commune
Romania,Bihor,county,Pietroasa,commune
Romania,Bihor,county,Pocola,commune
Romania,Bihor,county,Pomezeu,commune
Romania,Bihor,county,Remetea,commune
Romania,Bihor,county,Rieni,commune
Romania,Bihor,county,Roșia,commune
Romania,Bihor,county,Roșiori,commune
Romania,Bihor,county,Răbăgani,commune
Romania,Bihor,county,Salonta,municipality
Romania,Bihor,county,Spinuș,commune
Romania,Bihor,county,Suplacu de Barcău,commune
Romania,Bihor,county,Sâmbăta,commune
Romania,Bihor,county,Sâniob,commune
Romania,Bihor,county,Sânmartin,commune
Romania,Bihor,county,Sânnicolau Român,commune
Romania,Bihor,county,Sântandrei,commune
Romania,Bihor,county,Sârbi,commune
Romania,Bihor,county,Săcueni,town
Romania,Bihor,county,Săcădat,commune
Romania,Bihor,county,Sălacea,commune
Romania,Bihor,county,Sălard,commune
Romania,Bihor,county,Tarcea,commune
Romania,Bihor,county,Tileagd,commune
Romania,Bihor,county,Tinca,commune
Romania,Bihor,county,Toboliu,commune
Romania,Bihor,county,Tulca,commune
Romania,Bihor,county,Tămășeu,commune
Romania,Bihor,county,Tărcaia,commune
Romania,Bihor,county,Tăuteu,commune
Romania,Bihor,county,Uileacu de Beiuș,commune
Romania,Bihor,county,Vadu Crișului,commune
Romania,Bihor,county,Valea lui Mihai,town
Romania,Bihor,county,Vașcău,town
Romania,Bihor,county,Viișoara,commune
Romania,Bihor,county,Vârciorog,commune
Romania,Bihor,county,Șimian,commune
Romania,Bihor,county,Șinteu,commune
Romania,Bihor,county,Șoimi,commune
Romania,Bihor,county,Ștei,town
Romania,Bihor,county,Șuncuiuș,commune
Romania,Bihor,county,Țețchea,commune
Romania,Bistrița-Năsăud,county,Beclean,town
Romania,Bistrița-Năsăud,county,Bistrița,municipality
Romania,Bistrița-Năsăud,county,Bistrița Bârgăului,commune
Romania,Bistrița-Năsăud,county,Braniștea,commune
Romania,Bistrița-Năsăud,county,Budacu de Jos,commune
Romania,Bistrița-Năsăud,county,Budești,commune
Romania,Bistrița-Năsăud,county,Cetate,commune
Romania,Bistrița-Năsăud,county,Chiochiș,commune
Romania,Bistrița-Năsăud,county,Chiuza,commune
Romania,Bistrița-Năsăud,county,Ciceu-Giurgești,commune
Romania,Bistrița-Năsăud,county,Ciceu-Mihăiești,commune
Romania,Bistrița-Năsăud,county,Coșbuc,commune
Romania,Bistrița-Năsăud,county,Căianu Mic,commune
Romania,Bistrița-Năsăud,county,Dumitra,commune
Romania,Bistrița-Năsăud,county,Dumitrița,commune
Romania,Bistrița-Năsăud,county,Feldru,commune
Romania,Bistrița-Năsăud,county,Galații Bistriței,commune
Romania,Bistrița-Năsăud,county,Ilva Mare,commune
Romania,Bistrița-Năsăud,county,Ilva Mica,commune
Romania,Bistrița-Năsăud,county,Josenii Bârgăului,commune
Romania,Bistrița-Năsăud,county,Lechința,commune
Romania,Bistrița-Năsăud,county,Leșu,commune
Romania,Bistrița-Năsăud,county,Livezile,commune
Romania,Bistrița-Năsăud,county,Lunca Ilvei,commune
Romania,Bistrița-Năsăud,county,Maieru,commune
Romania,Bistrița-Năsăud,county,Matei,commune
Romania,Bistrița-Năsăud,county,Miceștii de Câmpie,commune
Romania,Bistrița-Năsăud,county,Milaș,commune
Romania,Bistrița-Năsăud,county,Monor,commune
Romania,Bistrița-Năsăud,county,Măgura Ilvei,commune
Romania,Bistrița-Năsăud,county,Mărișelu,commune
Romania,Bistrița-Năsăud,county,Negrilești,commune
Romania,Bistrița-Năsăud,county,Nimigea,commune
Romania,Bistrița-Năsăud,county,Nușeni,commune
Romania,Bistrița-Năsăud,county,Năsăud,town
Romania,Bistrița-Năsăud,county,Parva,commune
Romania,Bistrița-Năsăud,county,Petru Rareș,commune
Romania,Bistrița-Năsăud,county,Poiana Ilvei,commune
Romania,Bistrița-Năsăud,county,Prundu Bârgăului,commune
Romania,Bistrița-Năsăud,county,Rebra,commune
Romania,Bistrița-Năsăud,county,Rebrișoara,commune
Romania,Bistrița-Năsăud,county,Rodna,commune
Romania,Bistrița-Năsăud,county,Romuli,commune
Romania,Bistrița-Năsăud,county,Runcu Salvei,commune
Romania,Bistrița-Năsăud,county,Salva,commune
Romania,Bistrița-Năsăud,county,Silivașu de Câmpie,commune
Romania,Bistrița-Năsăud,county,Spermezeu,commune
Romania,Bistrița-Năsăud,county,Sângeorz-Băi,town
Romania,Bistrița-Năsăud,county,Sânmihaiu de Câmpie,commune
Romania,Bistrița-Năsăud,county,Teaca,commune
Romania,Bistrița-Năsăud,county,Telciu,commune
Romania,Bistrița-Năsăud,county,Tiha Bârgăului,commune
Romania,Bistrița-Năsăud,county,Târlișua,commune
Romania,Bistrița-Năsăud,county,Uriu,commune
Romania,Bistrița-Năsăud,county,Urmeniș,commune
Romania,Bistrița-Năsăud,county,Zagra,commune
Romania,Bistrița-Năsăud,county,Șanț,commune
Romania,Bistrița-Năsăud,county,Șieu,commune
Romania,Bistrița-Năsăud,county,Șieu-Măgheruș,commune
Romania,Bistrița-Năsăud,county,Șieu-Odorhei,commune
Romania,Bistrița-Năsăud,county,Șieuț,commune
Romania,Bistrița-Năsăud,county,Șintereag,commune
Romania,Botoșani,county,Adășeni,commune
Romania,Botoșani,county,Albești,commune
Romania,Botoșani,county,Avrămeni,commune
Romania,Botoșani,county,Blândești,commune
Romania,Botoșani,county,Botoșani,municipality
Romania,Botoșani,county,Broscăuți,commune
Romania,Botoșani,county,Brăești,commune
Romania,Botoșani,county,Bucecea,town
Romania,Botoșani,county,Bălușeni,commune
Romania,Botoșani,county,Concești,commune
Romania,Botoșani,county,Copălău,commune
Romania,Botoșani,county,Cordăreni,commune
Romania,Botoșani,county,Corlăteni,commune
Romania,Botoșani,county,Corni,commune
Romania,Botoșani,county,Coșula,commune
Romania,Botoșani,county,Coțușca,commune
Romania,Botoșani,county,Cristești,commune
Romania,Botoșani,county,Cristinești,commune
Romania,Botoșani,county,Curtești,commune
Romania,Botoșani,county,Cândești,commune
Romania,Botoșani,county,Călărași,commune
Romania,Botoșani,county,Darabani,town
Romania,Botoșani,county,Dersca,commune
Romania,Botoșani,county,Dimăcheni,commune
Romania,Botoșani,county,Dobârceni,commune
Romania,Botoșani,county,Dorohoi,municipality
Romania,Botoșani,county,Drăgușeni,commune
Romania,Botoșani,county,Durnești,commune
Romania,Botoșani,county,Dângeni,commune
Romania,Botoșani,county,Flămânzi,town
Romania,Botoșani,county,Frumușica,commune
Romania,Botoșani,county,George Enescu,commune
Romania,Botoșani,county,Gorbănești,commune
Romania,Botoșani,county,Havârna,commune
Romania,Botoșani,county,Hilișeu-Horia,commune
Romania,Botoșani,county,Hlipiceni,commune
Romania,Botoșani,county,Hudești,commune
Romania,Botoșani,county,Hănești,commune
Romania,Botoșani,county,Ibănești,commune
Romania,Botoșani,county,Leorda,commune
Romania,Botoșani,county,Lozna,commune
Romania,Botoșani,county,Lunca,commune
Romania,Botoșani,county,Manoleasa,commune
Romania,Botoșani,county,Mihai Eminescu,commune
Romania,Botoșani,county,Mihăileni,commune
Romania,Botoșani,county,Mihălășeni,commune
Romania,Botoșani,county,Mileanca,commune
Romania,Botoșani,county,Mitoc,commune
Romania,Botoșani,county,Nicșeni,commune
Romania,Botoșani,county,Pomârla,commune
Romania,Botoșani,county,Prăjeni,commune
Romania,Botoșani,county,Păltiniș,commune
Romania,Botoșani,county,Ripiceni,commune
Romania,Botoșani,county,Roma,commune
Romania,Botoșani,county,Românești,commune
Romania,Botoșani,county,Răchiți,commune
Romania,Botoșani,county,Rădăuți-Prut,commune
Romania,Botoșani,county,Răuseni,commune
Romania,Botoșani,county,Santa Mare,commune
Romania,Botoșani,county,Stăuceni,commune
Romania,Botoșani,county,Suharău,commune
Romania,Botoșani,county,Sulița,commune
Romania,Botoșani,county,Săveni,town
Romania,Botoșani,county,Todireni,commune
Romania,Botoșani,county,Trușești,commune
Romania,Botoșani,county,Tudora,commune
Romania,Botoșani,county,Ungureni,commune
Romania,Botoșani,county,Unțeni,commune
Romania,Botoșani,county,Viișoara,commune
Romania,Botoșani,county,Vlădeni,commune
Romania,Botoșani,county,Vlăsinești,commune
Romania,Botoșani,county,Vorniceni,commune
Romania,Botoșani,county,Vorona,commune
Romania,Botoșani,county,Vârfu Câmpului,commune
Romania,Botoșani,county,Văculești,commune
Romania,Botoșani,county,Șendriceni,commune
Romania,Botoșani,county,Ștefănești,town
Romania,Botoșani,county,Știubieni,commune
Romania,Brașov,county, Codlea,municipality
Romania,Brașov,county,Apața,commune
Romania,Brașov,county,Augustin,commune
Romania,Brașov,county,Beclean,commune
Romania,Brașov,county,Bod,commune
Romania,Brașov,county,Bran,commune
Romania,Brașov,county,Brașov,municipality
Romania,Brașov,county,Budila,commune
Romania,Brașov,county,Bunești,commune
Romania,Brașov,county,Cața,commune
Romania,Brașov,county,Cincu,commune
Romania,Brașov,county,Comana,commune
Romania,Brașov,county,Cristian,commune
Romania,Brașov,county,Crizbav,commune
Romania,Brașov,county,Drăguș,commune
Romania,Brașov,county,Dumbrăvița,commune
Romania,Brașov,county,Feldioara,commune
Romania,Brașov,county,Fundata,commune
Romania,Brașov,county,Făgăraș,municipality
Romania,Brașov,county,Ghimbav,town
Romania,Brașov,county,Hoghiz,commune
Romania,Brașov,county,Holbav,commune
Romania,Brașov,county,Homorod,commune
Romania,Brașov,county,Hârseni,commune
Romania,Brașov,county,Hălchiu,commune
Romania,Brașov,county,Hărman,commune
Romania,Brașov,county,Jibert,commune
Romania,Brașov,county,Lisa,commune
Romania,Brașov,county,Moieciu,commune
Romania,Brașov,county,Mândra,commune
Romania,Brașov,county,Măieruș,commune
Romania,Brașov,county,Ormeniș,commune
Romania,Brașov,county,Poiana Mărului,commune
Romania,Brașov,county,Predeal,town
Romania,Brașov,county,Prejmer,commune
Romania,Brașov,county,Părău,commune
Romania,Brașov,county,Racoș,commune
Romania,Brașov,county,Recea,commune
Romania,Brașov,county,Rupea,town
Romania,Brașov,county,Râșnov,town
Romania,Brașov,county,Sâmbăta de Sus,commune
Romania,Brașov,county,Sânpetru,commune
Romania,Brașov,county,Săcele,municipality
Romania,Brașov,county,Teliu,commune
Romania,Brașov,county,Ticușu,commune
Romania,Brașov,county,Tărlungeni,commune
Romania,Brașov,county,Ucea,commune
Romania,Brașov,county,Ungra,commune
Romania,Brașov,county,Vama Buzăului,commune
Romania,Brașov,county,Victoria,town
Romania,Brașov,county,Viștea,commune
Romania,Brașov,county,Voila,commune
Romania,Brașov,county,Vulcan,commune
Romania,Brașov,county,Zărnești,town
Romania,Brașov,county,Șercaia,commune
Romania,Brașov,county,Șinca,commune
Romania,Brașov,county,Șinca Nouă,commune
Romania,Brașov,county,Șoarș,commune
Romania,Bucharest,municipality,Sector 1,sector
Romania,Bucharest,municipality,Sector 2,sector
Romania,Bucharest,municipality,Sector 3,sector
Romania,Bucharest,municipality,Sector 4,sector
Romania,Bucharest,municipality,Sector 5,sector
Romania,Bucharest,municipality,Sector 6,sector
Romania,Brăila,county,Berteștii de Jos,commune
Romania,Brăila,county,Bordei Verde,commune
Romania,Brăila,county,Brăila,municipality
Romania,Brăila,county,Bărăganul,commune
Romania,Brăila,county,Cazasu,commune
Romania,Brăila,county,Chiscani,commune
Romania,Brăila,county,Ciocile,commune
Romania,Brăila,county,Cireșu,commune
Romania,Brăila,county,Dudești,commune
Romania,Brăila,county,Frecăței,commune
Romania,Brăila,county,Făurei,town
Romania,Brăila,county,Galbenu,commune
Romania,Brăila,county,Gemenele,commune
Romania,Brăila,county,Gropeni,commune
Romania,Brăila,county,Grădiștea,commune
Romania,Brăila,county,Ianca,town
Romania,Brăila,county,Jirlău,commune
Romania,Brăila,county,Mircea Vodă,commune
Romania,Brăila,county,Movila Miresii,commune
Romania,Brăila,county,Mărașu,commune
Romania,Brăila,county,Măxineni,commune
Romania,Brăila,county,Racoviță,commune
Romania,Brăila,county,Romanu,commune
Romania,Brăila,county,Roșiori,commune
Romania,Brăila,county,Râmnicelu,commune
Romania,Brăila,county,Salcia Tudor,commune
Romania,Brăila,county,Scorțaru Nou,commune
Romania,Brăila,county,Siliștea,commune
Romania,Brăila,county,Stăncuța,commune
Romania,Brăila,county,Surdila-Greci,commune
Romania,Brăila,county,Surdila-Găiseanca,commune
Romania,Brăila,county,Tichilești,commune
Romania,Brăila,county,Traian,commune
Romania,Brăila,county,Tudor Vladimirescu,commune
Romania,Brăila,county,Tufești,commune
Romania,Brăila,county,Ulmu,commune
Romania,Brăila,county,Unirea,commune
Romania,Brăila,county,Victoria,commune
Romania,Brăila,county,Viziru,commune
Romania,Brăila,county,Vișani,commune
Romania,Brăila,county,Vădeni,commune
Romania,Brăila,county,Zăvoaia,commune
Romania,Brăila,county,Însurăței,town
Romania,Brăila,county,Șuțești,commune
Romania,Buzău,county,Amaru,commune
Romania,Buzău,county,Balta Albă,commune
Romania,Buzău,county,Beceni,commune
Romania,Buzău,county,Berca,commune
Romania,Buzău,county,Bisoca,commune
Romania,Buzău,county,Blăjani,commune
Romania,Buzău,county,Boldu,commune
Romania,Buzău,county,Bozioru,commune
Romania,Buzău,county,Breaza,commune
Romania,Buzău,county,Brădeanu,commune
Romania,Buzău,county,Brăești,commune
Romania,Buzău,county,Buda,commune
Romania,Buzău,county,Buzău,municipality
Romania,Buzău,county,Bălăceanu,commune
Romania,Buzău,county,C.A. Rosetti,commune
Romania,Buzău,county,Calvini,commune
Romania,Buzău,county,Cernătești,commune
Romania,Buzău,county,Chiliile,commune
Romania,Buzău,county,Chiojdu,commune
Romania,Buzău,county,Cilibia,commune
Romania,Buzău,county,Cislău,commune
Romania,Buzău,county,Cochirleanca,commune
Romania,Buzău,county,Colți,commune
Romania,Buzău,county,Costești,commune
Romania,Buzău,county,Cozieni,commune
Romania,Buzău,county,Cănești,commune
Romania,Buzău,county,Cătina,commune
Romania,Buzău,county,Florica,commune
Romania,Buzău,county,Ghergheasa,commune
Romania,Buzău,county,Gherăseni,commune
Romania,Buzău,county,Glodeanu Sărat,commune
Romania,Buzău,county,Glodeanu-Siliștea,commune
Romania,Buzău,county,Grebănu,commune
Romania,Buzău,county,Gura Teghii,commune
Romania,Buzău,county,Gălbinași,commune
Romania,Buzău,county,Largu,commune
Romania,Buzău,county,Lopătari,commune
Romania,Buzău,county,Luciu,commune
Romania,Buzău,county,Merei,commune
Romania,Buzău,county,Mihăilești,commune
Romania,Buzău,county,Movila Banului,commune
Romania,Buzău,county,Murgești,commune
Romania,Buzău,county,Mânzălești,commune
Romania,Buzău,county,Măgura,commune
Romania,Buzău,county,Mărgăritești,commune
Romania,Buzău,county,Mărăcineni,commune
Romania,Buzău,county,Nehoiu,town
Romania,Buzău,county,Năeni,commune
Romania,Buzău,county,Odăile,commune
Romania,Buzău,county,Padina,commune
Romania,Buzău,county,Pardoși,commune
Romania,Buzău,county,Pietroasele,commune
Romania,Buzău,county,Podgoria,commune
Romania,Buzău,county,Pogoanele,town
Romania,Buzău,county,Poșta Câlnău,commune
Romania,Buzău,county,Puiești,commune
Romania,Buzău,county,Pârscov,commune
Romania,Buzău,county,Pănătău,commune
Romania,Buzău,county,Pătârlagele,town
Romania,Buzău,county,Racovițeni,commune
Romania,Buzău,county,Robeasca,commune
Romania,Buzău,county,Rușețu,commune
Romania,Buzău,county,Râmnicelu,commune
Romania,Buzău,county,Râmnicu Sărat,municipality
Romania,Buzău,county,Scorțoasa,commune
Romania,Buzău,county,Scutelnici,commune
Romania,Buzău,county,Siriu,commune
Romania,Buzău,county,Smeeni,commune
Romania,Buzău,county,Stâlpu,commune
Romania,Buzău,county,Săgeata,commune
Romania,Buzău,county,Săhăteni,commune
Romania,Buzău,county,Săpoca,commune
Romania,Buzău,county,Sărulești,commune
Romania,Buzău,county,Tisău,commune
Romania,Buzău,county,Topliceni,commune
Romania,Buzău,county,Ulmeni,commune
Romania,Buzău,county,Unguriu,commune
Romania,Buzău,county,Vadu Pașii,commune
Romania,Buzău,county,Valea Râmnicului,commune
Romania,Buzău,county,Valea Salciei,commune
Romania,Buzău,county,Vernești,commune
Romania,Buzău,county,Vintilă Vodă,commune
Romania,Buzău,county,Viperești,commune
Romania,Buzău,county,Vâlcelele,commune
Romania,Buzău,county,Ziduri,commune
Romania,Buzău,county,Zărnești,commune
Romania,Buzău,county,Țintești,commune
Romania,Caraș-Severin,county,Anina,town
Romania,Caraș-Severin,county,Armeniș,commune
Romania,Caraș-Severin,county,Berliște,commune
Romania,Caraș-Severin,county,Berzasca,commune
Romania,Caraș-Severin,county,Berzovia,commune
Romania,Caraș-Severin,county,Bocșa,town
Romania,Caraș-Severin,county,Bolvașnița,commune
Romania,Caraș-Severin,county,Bozovici,commune
Romania,Caraș-Severin,county,Brebu,commune
Romania,Caraș-Severin,county,Brebu Nou,commune
Romania,Caraș-Severin,county,Buchin,commune
Romania,Caraș-Severin,county,Bucoșnița,commune
Romania,Caraș-Severin,county,Băile Herculane,town
Romania,Caraș-Severin,county,Bănia,commune
Romania,Caraș-Severin,county,Băuțar,commune
Romania,Caraș-Severin,county,Caransebeș,municipality
Romania,Caraș-Severin,county,Carașova,commune
Romania,Caraș-Severin,county,Ciclova Română,commune
Romania,Caraș-Severin,county,Ciuchici,commune
Romania,Caraș-Severin,county,Ciudanovița,commune
Romania,Caraș-Severin,county,Constantin Daicoviciu,commune
Romania,Caraș-Severin,county,Copăcele,commune
Romania,Caraș-Severin,county,Cornea,commune
Romania,Caraș-Severin,county,Cornereva,commune
Romania,Caraș-Severin,county,Coronini,commune
Romania,Caraș-Severin,county,Cărbunari,commune
Romania,Caraș-Severin,county,Dalboșeț,commune
Romania,Caraș-Severin,county,Doclin,commune
Romania,Caraș-Severin,county,Dognecea,commune
Romania,Caraș-Severin,county,Domașnea,commune
Romania,Caraș-Severin,county,Eftimie Murgu,commune
Romania,Caraș-Severin,county,Ezeriș,commune
Romania,Caraș-Severin,county,Forotic,commune
Romania,Caraș-Severin,county,Fârliug,commune
Romania,Caraș-Severin,county,Glimboca,commune
Romania,Caraș-Severin,county,Goruia,commune
Romania,Caraș-Severin,county,Grădinari,commune
Romania,Caraș-Severin,county,Gârnic,commune
Romania,Caraș-Severin,county,Iablanița,commune
Romania,Caraș-Severin,county,Luncavița,commune
Romania,Caraș-Severin,county,Lupac,commune
Romania,Caraș-Severin,county,Lăpușnicel,commune
Romania,Caraș-Severin,county,Lăpușnicu Mare,commune
Romania,Caraș-Severin,county,Marga,commune
Romania,Caraș-Severin,county,Mehadia,commune
Romania,Caraș-Severin,county,Mehadica,commune
Romania,Caraș-Severin,county,Moldova Nouă,town
Romania,Caraș-Severin,county,Măureni,commune
Romania,Caraș-Severin,county,Naidăș,commune
Romania,Caraș-Severin,county,Obreja,commune
Romania,Caraș-Severin,county,Ocna de Fier,commune
Romania,Caraș-Severin,county,Oravița,town
Romania,Caraș-Severin,county,Oțelu Roșu,town
Romania,Caraș-Severin,county,Pojejena,commune
Romania,Caraș-Severin,county,Prigor,commune
Romania,Caraș-Severin,county,Păltiniș,commune
Romania,Caraș-Severin,county,Ramna,commune
Romania,Caraș-Severin,county,Reșița,municipality
Romania,Caraș-Severin,county,Rusca Montană,commune
Romania,Caraș-Severin,county,Răcășdia,commune
Romania,Caraș-Severin,county,Sacu,commune
Romania,Caraș-Severin,county,Sasca Montană,commune
Romania,Caraș-Severin,county,Sichevița,commune
Romania,Caraș-Severin,county,Slatina-Timiș,commune
Romania,Caraș-Severin,county,Socol,commune
Romania,Caraș-Severin,county,Teregova,commune
Romania,Caraș-Severin,county,Ticvaniu Mare,commune
Romania,Caraș-Severin,county,Topleț,commune
Romania,Caraș-Severin,county,Turnu Ruieni,commune
Romania,Caraș-Severin,county,Târnova,commune
Romania,Caraș-Severin,county,Vermeș,commune
Romania,Caraș-Severin,county,Vrani,commune
Romania,Caraș-Severin,county,Văliug,commune
Romania,Caraș-Severin,county,Vărădia,commune
Romania,Caraș-Severin,county,Zorlențu Mare,commune
Romania,Caraș-Severin,county,Zăvoi,commune
Romania,Caraș-Severin,county,Șopotu Nou,commune
Romania,Cluj,county,Aghireșu,commune
Romania,Cluj,county,Aiton,commune
Romania,Cluj,county,Aluniș,commune
Romania,Cluj,county,Apahida,commune
Romania,Cluj,county,Așchileu,commune
Romania,Cluj,county,Baciu,commune
Romania,Cluj,county,Beliș,commune
Romania,Cluj,county,Bobâlna,commune
Romania,Cluj,county,Bonțida,commune
Romania,Cluj,county,Borșa,commune
Romania,Cluj,county,Buza,commune
Romania,Cluj,county,Băișoara,commune
Romania,Cluj,county,Ceanu Mare,commune
Romania,Cluj,county,Chinteni,commune
Romania,Cluj,county,Chiuiești,commune
Romania,Cluj,county,Ciucea,commune
Romania,Cluj,county,Ciurila,commune
Romania,Cluj,county,Cluj-Napoca,municipality
Romania,Cluj,county,Cojocna,commune
Romania,Cluj,county,Cornești,commune
Romania,Cluj,county,Cuzdrioara,commune
Romania,Cluj,county,Câmpia Turzii,municipality
Romania,Cluj,county,Câțcău,commune
Romania,Cluj,county,Căianu,commune
Romania,Cluj,county,Călărași,commune
Romania,Cluj,county,Călățele,commune
Romania,Cluj,county,Cămărașu,commune
Romania,Cluj,county,Căpușu Mare,commune
Romania,Cluj,county,Cătina,commune
Romania,Cluj,county,Cășeiu,commune
Romania,Cluj,county,Dej,municipality
Romania,Cluj,county,Dăbâca,commune
Romania,Cluj,county,Feleacu,commune
Romania,Cluj,county,Fizeșu Gherlii,commune
Romania,Cluj,county,Florești,commune
Romania,Cluj,county,Frata,commune
Romania,Cluj,county,Geaca,commune
Romania,Cluj,county,Gherla,municipality
Romania,Cluj,county,Gilău,commune
Romania,Cluj,county,Gârbău,commune
Romania,Cluj,county,Huedin,town
Romania,Cluj,county,Iara,commune
Romania,Cluj,county,Iclod,commune
Romania,Cluj,county,Izvoru Crișului,commune
Romania,Cluj,county,Jichișu de Jos,commune
Romania,Cluj,county,Jucu,commune
Romania,Cluj,county,Luna,commune
Romania,Cluj,county,Mica,commune
Romania,Cluj,county,Mihai Viteazu,commune
Romania,Cluj,county,Mintiu Gherlii,commune
Romania,Cluj,county,Mociu,commune
Romania,Cluj,county,Moldovenești,commune
Romania,Cluj,county,Măguri-Răcătău,commune
Romania,Cluj,county,Mănăstireni,commune
Romania,Cluj,county,Mărgău,commune
Romania,Cluj,county,Mărișel,commune
Romania,Cluj,county,Negreni,commune
Romania,Cluj,county,Panticeu,commune
Romania,Cluj,county,Petreștii de Jos,commune
Romania,Cluj,county,Ploscoș,commune
Romania,Cluj,county,Poieni,commune
Romania,Cluj,county,Pălatca,commune
Romania,Cluj,county,Recea-Cristur,commune
Romania,Cluj,county,Rișca,commune
Romania,Cluj,county,Sic,commune
Romania,Cluj,county,Suatu,commune
Romania,Cluj,county,Sâncraiu,commune
Romania,Cluj,county,Sânmărtin,commune
Romania,Cluj,county,Sânpaul,commune
Romania,Cluj,county,Săcuieu,commune
Romania,Cluj,county,Săndulești,commune
Romania,Cluj,county,Săvădisla,commune
Romania,Cluj,county,Tritenii de Jos,commune
Romania,Cluj,county,Turda,municipality
Romania,Cluj,county,Tureni,commune
Romania,Cluj,county,Unguraș,commune
Romania,Cluj,county,Vad,commune
Romania,Cluj,county,Valea Ierii,commune
Romania,Cluj,county,Viișoara,commune
Romania,Cluj,county,Vultureni,commune
Romania,Cluj,county,Țaga,commune
Romania,Constanța,county,23 August,commune
Romania,Constanța,county,Adamclisi,commune
Romania,Constanța,county,Agigea,commune
Romania,Constanța,county,Albești,commune
Romania,Constanța,county,Aliman,commune
Romania,Constanța,county,Amzacea,commune
Romania,Constanța,county,Băneasa,commune
Romania,Constanța,county,Bărăganu,commune
Romania,Constanța,county,Castelu,commune
Romania,Constanța,county,Cerchezu,commune
Romania,Constanța,county,Cernavodă,town
Romania,Constanța,county,Chirnogeni,commune
Romania,Constanța,county,Ciobanu,commune
Romania,Constanța,county,Ciocârlia,commune
Romania,Constanța,county,Cobadin,commune
Romania,Constanța,county,Cogealac,commune
Romania,Constanța,county,Comana,commune
Romania,Constanța,county,Constanța,municipality
Romania,Constanța,county,Corbu,commune
Romania,Constanța,county,Costinești,commune
Romania,Constanța,county,Crucea,commune
Romania,Constanța,county,Cumpăna,commune
Romania,Constanța,county,Cuza Vodă,commune
Romania,Constanța,county,Deleni,commune
Romania,Constanța,county,Dobromir,commune
Romania,Constanța,county,Dumbrăveni,commune
Romania,Constanța,county,Eforie,town
Romania,Constanța,county,Fântânele,commune
Romania,Constanța,county,Ghindărești,commune
Romania,Constanța,county,Grădina,commune
Romania,Constanța,county,Gârliciu,commune
Romania,Constanța,county,Horia,commune
Romania,Constanța,county,Hârșova,town
Romania,Constanța,county,Independența,commune
Romania,Constanța,county,Ion Corvin,commune
Romania,Constanța,county,Istria,commune
Romania,Constanța,county,Limanu,commune
Romania,Constanța,county,Lipnița,commune
Romania,Constanța,county,Lumina,commune
Romania,Constanța,county,Mangalia,municipality
Romania,Constanța,county,Medgidia,municipality
Romania,Constanța,county,Mereni,commune
Romania,Constanța,county,Mihai Viteazu,commune
Romania,Constanța,county,Mihail Kogălniceanu,commune
Romania,Constanța,county,Mircea Vodă,commune
Romania,Constanța,county,Murfatlar,town
Romania,Constanța,county,Negru Vodă,town
Romania,Constanța,county,Nicolae Bălcescu,commune
Romania,Constanța,county,Năvodari,town
Romania,Constanța,county,Oltina,commune
Romania,Constanța,county,Ostrov,commune
Romania,Constanța,county,Ovidiu,town
Romania,Constanța,county,Pantelimon,commune
Romania,Constanța,county,Pecineaga,commune
Romania,Constanța,county,Peștera,commune
Romania,Constanța,county,Poarta Albă,commune
Romania,Constanța,county,Rasova,commune
Romania,Constanța,county,Saligny,commune
Romania,Constanța,county,Saraiu,commune
Romania,Constanța,county,Seimeni,commune
Romania,Constanța,county,Siliștea,commune
Romania,Constanța,county,Săcele,commune
Romania,Constanța,county,Techirghiol,town
Romania,Constanța,county,Topalu,commune
Romania,Constanța,county,Topraisar,commune
Romania,Constanța,county,Tortoman,commune
Romania,Constanța,county,Tuzla,commune
Romania,Constanța,county,Târgușor,commune
Romania,Constanța,county,Valu lui Traian,commune
Romania,Constanța,county,Vulturu,commune
Romania,Covasna,county,Aita Mare,commune
Romania,Covasna,county,Arcuș,commune
Romania,Covasna,county,Baraolt,town
Romania,Covasna,county,Barcani,commune
Romania,Covasna,county,Belin,commune
Romania,Covasna,county,Bixad,commune
Romania,Covasna,county,Bodoc,commune
Romania,Covasna,county,Boroșneu Mare,commune
Romania,Covasna,county,Brateș,commune
Romania,Covasna,county,Brețcu,commune
Romania,Covasna,county,Brăduț,commune
Romania,Covasna,county,Bățani,commune
Romania,Covasna,county,Catalina,commune
Romania,Covasna,county,Cernat,commune
Romania,Covasna,county,Chichiș,commune
Romania,Covasna,county,Comandău,commune
Romania,Covasna,county,Covasna,town
Romania,Covasna,county,Dalnic,commune
Romania,Covasna,county,Dobârlău,commune
Romania,Covasna,county,Estelnic,commune
Romania,Covasna,county,Ghelința,commune
Romania,Covasna,county,Ghidfalău,commune
Romania,Covasna,county,Hăghig,commune
Romania,Covasna,county,Ilieni,commune
Romania,Covasna,county,Lemnia,commune
Romania,Covasna,county,Malnaș,commune
Romania,Covasna,county,Mereni,commune
Romania,Covasna,county,Micfalău,commune
Romania,Covasna,county,Moacșa,commune
Romania,Covasna,county,Ojdula,commune
Romania,Covasna,county,Ozun,commune
Romania,Covasna,county,Poian,commune
Romania,Covasna,county,Reci,commune
Romania,Covasna,county,Sfântu Gheorghe,municipality
Romania,Covasna,county,Sita Buzăului,commune
Romania,Covasna,county,Sânzieni,commune
Romania,Covasna,county,Turia,commune
Romania,Covasna,county,Târgu Secuiesc,municipality
Romania,Covasna,county,Valea Crișului,commune
Romania,Covasna,county,Valea Mare,commune
Romania,Covasna,county,Vâlcele,commune
Romania,Covasna,county,Vârghiș,commune
Romania,Covasna,county,Zagon,commune
Romania,Covasna,county,Zăbala,commune
Romania,Covasna,county,Întorsura Buzăului,town
Romania,Călărași,county,Alexandru Odobescu,commune
Romania,Călărași,county,Belciugatele,commune
Romania,Călărași,county,Borcea,commune
Romania,Călărași,county,Budești,town
Romania,Călărași,county,Chirnogi,commune
Romania,Călărași,county,Chiselet,commune
Romania,Călărași,county,Ciocănești,commune
Romania,Călărași,county,Crivăț,commune
Romania,Călărași,county,Curcani,commune
Romania,Călărași,county,Cuza Voda,commune
Romania,Călărași,county,Călărași,municipality
Romania,Călărași,county,Căscioarele,commune
Romania,Călărași,county,Dichiseni,commune
Romania,Călărași,county,Dor Mărunt,commune
Romania,Călărași,county,Dorobanțu,commune
Romania,Călărași,county,Dragalina,commune
Romania,Călărași,county,Dragoș Vodă,commune
Romania,Călărași,county,Frumușani,commune
Romania,Călărași,county,Frăsinet,commune
Romania,Călărași,county,Fundeni,commune
Romania,Călărași,county,Fundulea,town
Romania,Călărași,county,Grădiștea,commune
Romania,Călărași,county,Gurbănești,commune
Romania,Călărași,county,Gălbinași,commune
Romania,Călărași,county,Ileana,commune
Romania,Călărași,county,Independența,commune
Romania,Călărași,county,Jegălia,commune
Romania,Călărași,county,Lehliu,commune
Romania,Călărași,county,Lehliu-Gară,town
Romania,Călărași,county,Luica,commune
Romania,Călărași,county,Lupșanu,commune
Romania,Călărași,county,Mitreni,commune
Romania,Călărași,county,Modelu,commune
Romania,Călărași,county,Mânăstirea,commune
Romania,Călărași,county,Nana,commune
Romania,Călărași,county,Nicolae Bălcescu,commune
Romania,Călărași,county,Oltenița,municipality
Romania,Călărași,county,Perișoru,commune
Romania,Călărași,county,Plătărești,commune
Romania,Călărași,county,Radovanu,commune
Romania,Călărași,county,Roseți,commune
Romania,Călărași,county,Sohatu,commune
Romania,Călărași,county,Spanțov,commune
Romania,Călărași,county,Sărulești,commune
Romania,Călărași,county,Tămădău Mare,commune
Romania,Călărași,county,Ulmeni,commune
Romania,Călărași,county,Ulmu,commune
Romania,Călărași,county,Unirea,commune
Romania,Călărași,county,Valea Argovei,commune
Romania,Călărași,county,Vasilați,commune
Romania,Călărași,county,Vlad Țepeș,commune
Romania,Călărași,county,Vâlcelele,commune
Romania,Călărași,county,Șoldanu,commune
Romania,Călărași,county,Ștefan Vodă,commune
Romania,Călărași,county,Ștefan cel Mare,commune
Romania,Dolj,county,Afumați,commune
Romania,Dolj,county,Almăj,commune
Romania,Dolj,county,Amărăștii de Jos,commune
Romania,Dolj,county,Amărăștii de Sus,commune
Romania,Dolj,county,Apele Vii,commune
Romania,Dolj,county,Argetoaia,commune
Romania,Dolj,county,Bechet,town
Romania,Dolj,county,Bistreț,commune
Romania,Dolj,county,Botoșești-Paia,commune
Romania,Dolj,county,Brabova,commune
Romania,Dolj,county,Braloștița,commune
Romania,Dolj,county,Bratovoești,commune
Romania,Dolj,county,Breasta,commune
Romania,Dolj,county,Brădești,commune
Romania,Dolj,county,Bucovăț,commune
Romania,Dolj,county,Bulzești,commune
Romania,Dolj,county,Bârca,commune
Romania,Dolj,county,Băilești,municipality
Romania,Dolj,county,Calafat,municipality
Romania,Dolj,county,Calopăr,commune
Romania,Dolj,county,Caraula,commune
Romania,Dolj,county,Carpen,commune
Romania,Dolj,county,Castranova,commune
Romania,Dolj,county,Catane,commune
Romania,Dolj,county,Celaru,commune
Romania,Dolj,county,Cernătești,commune
Romania,Dolj,county,Cerăt,commune
Romania,Dolj,county,Cetate,commune
Romania,Dolj,county,Cioroiași,commune
Romania,Dolj,county,Ciupercenii Noi,commune
Romania,Dolj,county,Coșoveni,commune
Romania,Dolj,county,Coțofenii din Dos,commune
Romania,Dolj,county,Coțofenii din Față,commune
Romania,Dolj,county,Craiova,municipality
Romania,Dolj,county,Cârcea,commune
Romania,Dolj,county,Cârna,commune
Romania,Dolj,county,Călărași,commune
Romania,Dolj,county,Daneți,commune
Romania,Dolj,county,Desa,commune
Romania,Dolj,county,Dioști,commune
Romania,Dolj,county,Dobrești,commune
Romania,Dolj,county,Dobrotești,commune
Romania,Dolj,county,Drăgotești,commune
Romania,Dolj,county,Drănic,commune
Romania,Dolj,county,Dăbuleni,town
Romania,Dolj,county,Filiași,town
Romania,Dolj,county,Fărcaș,commune
Romania,Dolj,county,Galicea Mare,commune
Romania,Dolj,county,Galiciuica,commune
Romania,Dolj,county,Ghercești,commune
Romania,Dolj,county,Ghidici,commune
Romania,Dolj,county,Ghindeni,commune
Romania,Dolj,county,Gighera,commune
Romania,Dolj,county,Giubega,commune
Romania,Dolj,county,Giurgița,commune
Romania,Dolj,county,Gogoșu,commune
Romania,Dolj,county,Goicea,commune
Romania,Dolj,county,Goiești,commune
Romania,Dolj,county,Grecești,commune
Romania,Dolj,county,Gângiova,commune
Romania,Dolj,county,Izvoare,commune
Romania,Dolj,county,Ișalnița,commune
Romania,Dolj,county,Leu,commune
Romania,Dolj,county,Lipovu,commune
Romania,Dolj,county,Maglavit,commune
Romania,Dolj,county,Malu Mare,commune
Romania,Dolj,county,Melinești,commune
Romania,Dolj,county,Mischii,commune
Romania,Dolj,county,Moțăței,commune
Romania,Dolj,county,Murgași,commune
Romania,Dolj,county,Mârșani,commune
Romania,Dolj,county,Măceșu de Jos,commune
Romania,Dolj,county,Măceșu de Sus,commune
Romania,Dolj,county,Negoi,commune
Romania,Dolj,county,Orodel,commune
Romania,Dolj,county,Ostroveni,commune
Romania,Dolj,county,Perișor,commune
Romania,Dolj,county,Pielești,commune
Romania,Dolj,county,Piscu Vechi,commune
Romania,Dolj,county,Plenița,commune
Romania,Dolj,county,Pleșoi,commune
Romania,Dolj,county,Podari,commune
Romania,Dolj,county,Poiana Mare,commune
Romania,Dolj,county,Predești,commune
Romania,Dolj,county,Radovan,commune
Romania,Dolj,county,Rast,commune
Romania,Dolj,county,Robănești,commune
Romania,Dolj,county,Rojiște,commune
Romania,Dolj,county,Sadova,commune
Romania,Dolj,county,Scăești,commune
Romania,Dolj,county,Seaca de Câmp,commune
Romania,Dolj,county,Seaca de Pădure,commune
Romania,Dolj,county,Secu,commune
Romania,Dolj,county,Segarcea,town
Romania,Dolj,county,Siliștea Crucii,commune
Romania,Dolj,county,Sopot,commune
Romania,Dolj,county,Sălcuța,commune
Romania,Dolj,county,Teasc,commune
Romania,Dolj,county,Terpezița,commune
Romania,Dolj,county,Teslui,commune
Romania,Dolj,county,Tălpaș,commune
Romania,Dolj,county,Unirea,commune
Romania,Dolj,county,Urzicuța,commune
Romania,Dolj,county,Valea Stanciului,commune
Romania,Dolj,county,Vela,commune
Romania,Dolj,county,Verbița,commune
Romania,Dolj,county,Vârtop,commune
Romania,Dolj,county,Vârvoru de Jos,commune
Romania,Dolj,county,Întorsura,commune
Romania,Dolj,county,Șimnicu de Sus,commune
Romania,Dolj,county,Țuglui,commune
Romania,Dâmbovița,county, Moreni,municipality
Romania,Dâmbovița,county,Aninoasa,commune
Romania,Dâmbovița,county,Bezdead,commune
Romania,Dâmbovița,county,Bilciurești,commune
Romania,Dâmbovița,county,Braniștea,commune
Romania,Dâmbovița,county,Brezoaele,commune
Romania,Dâmbovița,county,Brănești,commune
Romania,Dâmbovița,county,Buciumeni,commune
Romania,Dâmbovița,county,Bucșani,commune
Romania,Dâmbovița,county,Butimanu,commune
Romania,Dâmbovița,county,Băleni,commune
Romania,Dâmbovița,county,Bărbulețu,commune
Romania,Dâmbovița,county,Ciocănești,commune
Romania,Dâmbovița,county,Cobia,commune
Romania,Dâmbovița,county,Cojasca,commune
Romania,Dâmbovița,county,Comișani,commune
Romania,Dâmbovița,county,Conțești,commune
Romania,Dâmbovița,county,Corbii Mari,commune
Romania,Dâmbovița,county,Cornești,commune
Romania,Dâmbovița,county,Cornățelu,commune
Romania,Dâmbovița,county,Costeștii din Vale,commune
Romania,Dâmbovița,county,Crevedia,commune
Romania,Dâmbovița,county,Crângurile,commune
Romania,Dâmbovița,county,Cândești,commune
Romania,Dâmbovița,county,Dobra,commune
Romania,Dâmbovița,county,Doicești,commune
Romania,Dâmbovița,county,Dragodana,commune
Romania,Dâmbovița,county,Dragomirești,commune
Romania,Dâmbovița,county,Dărmănești,commune
Romania,Dâmbovița,county,Fieni,town
Romania,Dâmbovița,county,Finta,commune
Romania,Dâmbovița,county,Glodeni,commune
Romania,Dâmbovița,county,Gura Foii,commune
Romania,Dâmbovița,county,Gura Ocniței,commune
Romania,Dâmbovița,county,Gura Șuții,commune
Romania,Dâmbovița,county,Găești,town
Romania,Dâmbovița,county,Hulubești,commune
Romania,Dâmbovița,county,I. L. Caragiale,commune
Romania,Dâmbovița,county,Iedera,commune
Romania,Dâmbovița,county,Lucieni,commune
Romania,Dâmbovița,county,Ludești,commune
Romania,Dâmbovița,county,Lungulețu,commune
Romania,Dâmbovița,county,Malu cu Flori,commune
Romania,Dâmbovița,county,Mogoșani,commune
Romania,Dâmbovița,county,Moroeni,commune
Romania,Dâmbovița,county,Morteni,commune
Romania,Dâmbovița,county,Moțăieni,commune
Romania,Dâmbovița,county,Mănești,commune
Romania,Dâmbovița,county,Mătăsaru,commune
Romania,Dâmbovița,county,Niculești,commune
Romania,Dâmbovița,county,Nucet,commune
Romania,Dâmbovița,county,Ocnița,commune
Romania,Dâmbovița,county,Odobești,commune
Romania,Dâmbovița,county,Perșinari,commune
Romania,Dâmbovița,county,Petrești,commune
Romania,Dâmbovița,county,Pietrari,commune
Romania,Dâmbovița,county,Pietroșița,commune
Romania,Dâmbovița,county,Poiana,commune
Romania,Dâmbovița,county,Potlogi,commune
Romania,Dâmbovița,county,Produlești,commune
Romania,Dâmbovița,county,Pucheni,commune
Romania,Dâmbovița,county,Pucioasa,town
Romania,Dâmbovița,county,Raciu,commune
Romania,Dâmbovița,county,Runcu,commune
Romania,Dâmbovița,county,Râu Alb,commune
Romania,Dâmbovița,county,Răcari,town
Romania,Dâmbovița,county,Răscăeți,commune
Romania,Dâmbovița,county,Răzvad,commune
Romania,Dâmbovița,county,Slobozia Moară,commune
Romania,Dâmbovița,county,Sălcioara,commune
Romania,Dâmbovița,county,Titu,town
Romania,Dâmbovița,county,Târgoviște,municipality
Romania,Dâmbovița,county,Tărtășești,commune
Romania,Dâmbovița,county,Tătărani,commune
Romania,Dâmbovița,county,Uliești,commune
Romania,Dâmbovița,county,Ulmi,commune
Romania,Dâmbovița,county,Valea Lungă,commune
Romania,Dâmbovița,county,Valea Mare,commune
Romania,Dâmbovița,county,Vișina,commune
Romania,Dâmbovița,county,Vișinești,commune
Romania,Dâmbovița,county,Vlădeni,commune
Romania,Dâmbovița,county,Voinești,commune
Romania,Dâmbovița,county,Vulcana-Băi,commune
Romania,Dâmbovița,county,Vulcana-Pandele,commune
Romania,Dâmbovița,county,Vârfuri,commune
Romania,Dâmbovița,county,Văcărești,commune
Romania,Dâmbovița,county,Văleni-Dâmbovița,commune
Romania,Dâmbovița,county,Șelaru,commune
Romania,Dâmbovița,county,Șotânga,commune
Romania,Galați,county,Barcea,commune
Romania,Galați,county,Berești,town
Romania,Galați,county,Berești-Meria,commune
Romania,Galați,county,Braniștea,commune
Romania,Galați,county,Brăhășești,commune
Romania,Galați,county,Buciumeni,commune
Romania,Galați,county,Băleni,commune
Romania,Galați,county,Bălăbănești,commune
Romania,Galați,county,Bălășești,commune
Romania,Galați,county,Băneasa,commune
Romania,Galați,county,Cavadinești,commune
Romania,Galați,county,Cerțești,commune
Romania,Galați,county,Corni,commune
Romania,Galați,county,Corod,commune
Romania,Galați,county,Cosmești,commune
Romania,Galați,county,Costache Negri,commune
Romania,Galați,county,Cuca,commune
Romania,Galați,county,Cudalbi,commune
Romania,Galați,county,Cuza Vodă,commune
Romania,Galați,county,Drăgușeni,commune
Romania,Galați,county,Drăgănești,commune
Romania,Galați,county,Foltești,commune
Romania,Galați,county,Frumușița,commune
Romania,Galați,county,Fundeni,commune
Romania,Galați,county,Fârțănești,commune
Romania,Galați,county,Galați,municipality
Romania,Galați,county,Ghidigeni,commune
Romania,Galați,county,Gohor,commune
Romania,Galați,county,Grivița,commune
Romania,Galați,county,Independența,commune
Romania,Galați,county,Ivești,commune
Romania,Galați,county,Jorăști,commune
Romania,Galați,county,Liești,commune
Romania,Galați,county,Matca,commune
Romania,Galați,county,Movileni,commune
Romania,Galați,county,Munteni,commune
Romania,Galați,county,Măstăcani,commune
Romania,Galați,county,Negrilești,commune
Romania,Galați,county,Nicorești,commune
Romania,Galați,county,Nămoloasa,commune
Romania,Galați,county,Oancea,commune
Romania,Galați,county,Pechea,commune
Romania,Galați,county,Piscu,commune
Romania,Galați,county,Poiana,commune
Romania,Galați,county,Priponești,commune
Romania,Galați,county,Rediu,commune
Romania,Galați,county,Rădești,commune
Romania,Galați,county,Schela,commune
Romania,Galați,county,Scânteiești,commune
Romania,Galați,county,Slobozia Conachi,commune
Romania,Galați,county,Smulți,commune
Romania,Galați,county,Smârdan,commune
Romania,Galați,county,Suceveni,commune
Romania,Galați,county,Suhurlui,commune
Romania,Galați,county,Tecuci,municipality
Romania,Galați,county,Tudor Vladimirescu,commune
Romania,Galați,county,Tulucești,commune
Romania,Galați,county,Târgu Bujor,town
Romania,Galați,county,Umbrărești,commune
Romania,Galați,county,Valea Mărului,commune
Romania,Galați,county,Vlădești,commune
Romania,Galați,county,Vânători,commune
Romania,Galați,county,Vârlezi,commune
Romania,Galați,county,Șendreni,commune
Romania,Galați,county,Țepu,commune
Romania,Giurgiu,county,Adunații-Copăceni,commune
Romania,Giurgiu,county,Bolintin-Deal,commune
Romania,Giurgiu,county,Bolintin-Vale,town
Romania,Giurgiu,county,Bucșani,commune
Romania,Giurgiu,county,Bulbucata,commune
Romania,Giurgiu,county,Buturugeni,commune
Romania,Giurgiu,county,Băneasa,commune
Romania,Giurgiu,county,Clejani,commune
Romania,Giurgiu,county,Colibași,commune
Romania,Giurgiu,county,Comana,commune
Romania,Giurgiu,county,Cosoba,commune
Romania,Giurgiu,county,Crevedia Mare,commune
Romania,Giurgiu,county,Călugăreni,commune
Romania,Giurgiu,county,Daia,commune
Romania,Giurgiu,county,Florești-Stoenești,commune
Romania,Giurgiu,county,Frătești,commune
Romania,Giurgiu,county,Ghimpați,commune
Romania,Giurgiu,county,Giurgiu,municipality
Romania,Giurgiu,county,Gogoșari,commune
Romania,Giurgiu,county,Gostinari,commune
Romania,Giurgiu,county,Gostinu,commune
Romania,Giurgiu,county,Greaca,commune
Romania,Giurgiu,county,Grădinari,commune
Romania,Giurgiu,county,Găiseni,commune
Romania,Giurgiu,county,Găujani,commune
Romania,Giurgiu,county,Herăști,commune
Romania,Giurgiu,county,Hotarele,commune
Romania,Giurgiu,county,Iepurești,commune
Romania,Giurgiu,county,Isvoarele,commune
Romania,Giurgiu,county,Izvoarele,commune
Romania,Giurgiu,county,Joița,commune
Romania,Giurgiu,county,Letca Nouă,commune
Romania,Giurgiu,county,Malu,commune
Romania,Giurgiu,county,Mihai Bravu,commune
Romania,Giurgiu,county,Mihăilești,town
Romania,Giurgiu,county,Mârșa,commune
Romania,Giurgiu,county,Ogrezeni,commune
Romania,Giurgiu,county,Oinacu,commune
Romania,Giurgiu,county,Prundu,commune
Romania,Giurgiu,county,Putineiu,commune
Romania,Giurgiu,county,Roata de Jos,commune
Romania,Giurgiu,county,Răsuceni,commune
Romania,Giurgiu,county,Schitu,commune
Romania,Giurgiu,county,Singureni,commune
Romania,Giurgiu,county,Slobozia,commune
Romania,Giurgiu,county,Stoenești,commune
Romania,Giurgiu,county,Stănești,commune
Romania,Giurgiu,county,Săbăreni,commune
Romania,Giurgiu,county,Toporu,commune
Romania,Giurgiu,county,Ulmi,commune
Romania,Giurgiu,county,Valea Dragului,commune
Romania,Giurgiu,county,Vedea,commune
Romania,Giurgiu,county,Vânătorii Mici,commune
Romania,Giurgiu,county,Vărăști,commune
Romania,Gorj,county,Albeni,commune
Romania,Gorj,county,Alimpești,commune
Romania,Gorj,county,Aninoasa,commune
Romania,Gorj,county,Arcani,commune
Romania,Gorj,county,Baia de Fier,commune
Romania,Gorj,county,Bengești-Ciocadia,commune
Romania,Gorj,county,Berlești,commune
Romania,Gorj,county,Bolboși,commune
Romania,Gorj,county,Borăscu,commune
Romania,Gorj,county,Brănești,commune
Romania,Gorj,county,Bumbești-Jiu,town
Romania,Gorj,county,Bumbești-Pițic,commune
Romania,Gorj,county,Bustuchin,commune
Romania,Gorj,county,Bâlteni,commune
Romania,Gorj,county,Bălești,commune
Romania,Gorj,county,Bălănești,commune
Romania,Gorj,county,Bărbătești,commune
Romania,Gorj,county,Ciuperceni,commune
Romania,Gorj,county,Crasna,commune
Romania,Gorj,county,Crușeț,commune
Romania,Gorj,county,Câlnic,commune
Romania,Gorj,county,Căpreni,commune
Romania,Gorj,county,Cătunele,commune
Romania,Gorj,county,Drăgotești,commune
Romania,Gorj,county,Drăguțești,commune
Romania,Gorj,county,Dănciulești,commune
Romania,Gorj,county,Dănești,commune
Romania,Gorj,county,Fărcășești,commune
Romania,Gorj,county,Glogova,commune
Romania,Gorj,county,Godinești,commune
Romania,Gorj,county,Hurezani,commune
Romania,Gorj,county,Ionești,commune
Romania,Gorj,county,Jupânești,commune
Romania,Gorj,county,Lelești,commune
Romania,Gorj,county,Licurici,commune
Romania,Gorj,county,Logrești,commune
Romania,Gorj,county,Motru,municipality
Romania,Gorj,county,Mușetești,commune
Romania,Gorj,county,Mătăsari,commune
Romania,Gorj,county,Negomir,commune
Romania,Gorj,county,Novaci,town
Romania,Gorj,county,Padeș,commune
Romania,Gorj,county,Peștișani,commune
Romania,Gorj,county,Plopșoru,commune
Romania,Gorj,county,Polovragi,commune
Romania,Gorj,county,Prigoria,commune
Romania,Gorj,county,Rovinari,town
Romania,Gorj,county,Roșia de Amaradia,commune
Romania,Gorj,county,Runcu,commune
Romania,Gorj,county,Samarinești,commune
Romania,Gorj,county,Schela,commune
Romania,Gorj,county,Scoarța,commune
Romania,Gorj,county,Slivilești,commune
Romania,Gorj,county,Stejari,commune
Romania,Gorj,county,Stoina,commune
Romania,Gorj,county,Stănești,commune
Romania,Gorj,county,Săcelu,commune
Romania,Gorj,county,Săulești,commune
Romania,Gorj,county,Telești,commune
Romania,Gorj,county,Tismana,town
Romania,Gorj,county,Turburea,commune
Romania,Gorj,county,Turceni,town
Romania,Gorj,county,Turcinești,commune
Romania,Gorj,county,Târgu Cărbunești,town
Romania,Gorj,county,Târgu Jiu,municipality
Romania,Gorj,county,Urdari,commune
Romania,Gorj,county,Vladimir,commune
Romania,Gorj,county,Văgiulești,commune
Romania,Gorj,county,Țicleni,town
Romania,Gorj,county,Țânțăreni,commune
Romania,Harghita,county, Gheorgheni,municipality
Romania,Harghita,county, Toplița,municipality
Romania,Harghita,county,Atid,commune
Romania,Harghita,county,Avrămești,commune
Romania,Harghita,county,Bilbor,commune
Romania,Harghita,county,Borsec,town
Romania,Harghita,county,Brădești,commune
Romania,Harghita,county,Băile Tușnad,town
Romania,Harghita,county,Bălan,town
Romania,Harghita,county,Ciceu,commune
Romania,Harghita,county,Ciucsângeorgiu,commune
Romania,Harghita,county,Ciumani,commune
Romania,Harghita,county,Corbu,commune
Romania,Harghita,county,Corund,commune
Romania,Harghita,county,Cozmeni,commune
Romania,Harghita,county,Cristuru Secuiesc,town
Romania,Harghita,county,Cârța,commune
Romania,Harghita,county,Căpâlnița,commune
Romania,Harghita,county,Dealu,commune
Romania,Harghita,county,Ditrău,commune
Romania,Harghita,county,Dârjiu,commune
Romania,Harghita,county,Dănești,commune
Romania,Harghita,county,Feliceni,commune
Romania,Harghita,county,Frumoasa,commune
Romania,Harghita,county,Gălăuțaș,commune
Romania,Harghita,county,Joseni,commune
Romania,Harghita,county,Leliceni,commune
Romania,Harghita,county,Lueta,commune
Romania,Harghita,county,Lunca de Jos,commune
Romania,Harghita,county,Lunca de Sus,commune
Romania,Harghita,county,Lupeni,commune
Romania,Harghita,county,Lăzarea,commune
Romania,Harghita,county,Merești,commune
Romania,Harghita,county,Miercurea Ciuc,municipality
Romania,Harghita,county,Mihăileni,commune
Romania,Harghita,county,Mugeni,commune
Romania,Harghita,county,Mădăraș,commune
Romania,Harghita,county,Mărtiniș,commune
Romania,Harghita,county,Ocland,commune
Romania,Harghita,county,Odorheiu Secuiesc,municipality
Romania,Harghita,county,Plăieșii de Jos,commune
Romania,Harghita,county,Porumbeni,commune
Romania,Harghita,county,Praid,commune
Romania,Harghita,county,Păuleni-Ciuc,commune
Romania,Harghita,county,Racu,commune
Romania,Harghita,county,Remetea,commune
Romania,Harghita,county,Satu Mare,commune
Romania,Harghita,county,Secuieni,commune
Romania,Harghita,county,Siculeni,commune
Romania,Harghita,county,Subcetate,commune
Romania,Harghita,county,Suseni,commune
Romania,Harghita,county,Sâncrăieni,commune
Romania,Harghita,county,Sândominic,commune
Romania,Harghita,county,Sânmartin,commune
Romania,Harghita,county,Sânsimion,commune
Romania,Harghita,county,Sântimbru,commune
Romania,Harghita,county,Săcel,commune
Romania,Harghita,county,Sărmaș,commune
Romania,Harghita,county,Tomești,commune
Romania,Harghita,county,Tulgheș,commune
Romania,Harghita,county,Tușnad,commune
Romania,Harghita,county,Ulieș,commune
Romania,Harghita,county,Vlăhița,town
Romania,Harghita,county,Voșlăbeni,commune
Romania,Harghita,county,Vărșag,commune
Romania,Harghita,county,Zetea,commune
Romania,Harghita,county,Șimonești,commune
Romania,Hunedoara,county, Lupeni,municipality
Romania,Hunedoara,county, Vulcan,municipality
Romania,Hunedoara,county,Aninoasa,town
Romania,Hunedoara,county,Baia de Criș,commune
Romania,Hunedoara,county,Balșa,commune
Romania,Hunedoara,county,Baru,commune
Romania,Hunedoara,county,Beriu,commune
Romania,Hunedoara,county,Blăjeni,commune
Romania,Hunedoara,county,Boșorod,commune
Romania,Hunedoara,county,Brad,municipality
Romania,Hunedoara,county,Bretea Română,commune
Romania,Hunedoara,county,Brănișca,commune
Romania,Hunedoara,county,Buceș,commune
Romania,Hunedoara,county,Bucureșci,commune
Romania,Hunedoara,county,Bulzeștii de Sus,commune
Romania,Hunedoara,county,Bunila,commune
Romania,Hunedoara,county,Burjuc,commune
Romania,Hunedoara,county,Băcia,commune
Romania,Hunedoara,county,Băița,commune
Romania,Hunedoara,county,Bănița,commune
Romania,Hunedoara,county,Bătrâna,commune
Romania,Hunedoara,county,Cerbăl,commune
Romania,Hunedoara,county,Certeju de Sus,commune
Romania,Hunedoara,county,Crișcior,commune
Romania,Hunedoara,county,Cârjiți,commune
Romania,Hunedoara,county,Călan,town
Romania,Hunedoara,county,Densuș,commune
Romania,Hunedoara,county,Deva,municipality
Romania,Hunedoara,county,Dobra,commune
Romania,Hunedoara,county,General Berthelot,commune
Romania,Hunedoara,county,Geoagiu,town
Romania,Hunedoara,county,Ghelari,commune
Romania,Hunedoara,county,Gurasada,commune
Romania,Hunedoara,county,Hațeg,town
Romania,Hunedoara,county,Hunedoara,municipality
Romania,Hunedoara,county,Hărău,commune
Romania,Hunedoara,county,Ilia,commune
Romania,Hunedoara,county,Lelese,commune
Romania,Hunedoara,county,Lunca Cernii de Jos,commune
Romania,Hunedoara,county,Luncoiu de Jos,commune
Romania,Hunedoara,county,Lăpugiu de Jos,commune
Romania,Hunedoara,county,Mărtinești,commune
Romania,Hunedoara,county,Orăștie,municipality
Romania,Hunedoara,county,Orăștioara de Sus,commune
Romania,Hunedoara,county,Pestișu Mic,commune
Romania,Hunedoara,county,Petrila,town
Romania,Hunedoara,county,Petroșani,municipality
Romania,Hunedoara,county,Pui,commune
Romania,Hunedoara,county,Rapoltu Mare,commune
Romania,Hunedoara,county,Ribița,commune
Romania,Hunedoara,county,Romos,commune
Romania,Hunedoara,county,Râu de Mori,commune
Romania,Hunedoara,county,Răchitova,commune
Romania,Hunedoara,county,Sarmizegetusa,commune
Romania,Hunedoara,county,Simeria,town
Romania,Hunedoara,county,Sântămăria-Orlea,commune
Romania,Hunedoara,county,Sălașu de Sus,commune
Romania,Hunedoara,county,Teliucu Inferior,commune
Romania,Hunedoara,county,Tomești,commune
Romania,Hunedoara,county,Toplița,commune
Romania,Hunedoara,county,Totești,commune
Romania,Hunedoara,county,Turdaș,commune
Romania,Hunedoara,county,Uricani,town
Romania,Hunedoara,county,Vața de Jos,commune
Romania,Hunedoara,county,Vețel,commune
Romania,Hunedoara,county,Vorța,commune
Romania,Hunedoara,county,Vălișoara,commune
Romania,Hunedoara,county,Zam,commune
Romania,Hunedoara,county,Șoimuș,commune
Romania,Ilfov,county,1 Decembrie,commune
Romania,Ilfov,county,Afumați,commune
Romania,Ilfov,county,Balotești,commune
Romania,Ilfov,county,Berceni,commune
Romania,Ilfov,county,Bragadiru,town
Romania,Ilfov,county,Brănești,commune
Romania,Ilfov,county,Buftea,town
Romania,Ilfov,county,Cernica,commune
Romania,Ilfov,county,Chiajna,commune
Romania,Ilfov,county,Chitila,town
Romania,Ilfov,county,Ciolpani,commune
Romania,Ilfov,county,Ciorogârla,commune
Romania,Ilfov,county,Clinceni,commune
Romania,Ilfov,county,Copăceni,commune
Romania,Ilfov,county,Corbeanca,commune
Romania,Ilfov,county,Cornetu,commune
Romania,Ilfov,county,Dascălu,commune
Romania,Ilfov,county,Dobroești,commune
Romania,Ilfov,county,Domnești,commune
Romania,Ilfov,county,Dragomirești-Vale,commune
Romania,Ilfov,county,Dărăști-Ilfov,commune
Romania,Ilfov,county,Glina,commune
Romania,Ilfov,county,Gruiu,commune
Romania,Ilfov,county,Grădiștea,commune
Romania,Ilfov,county,Găneasa,commune
Romania,Ilfov,county,Jilava,commune
Romania,Ilfov,county,Moara Vlăsiei,commune
Romania,Ilfov,county,Mogoșoaia,commune
Romania,Ilfov,county,Măgurele,town
Romania,Ilfov,county,Nuci,commune
Romania,Ilfov,county,Otopeni,town
Romania,Ilfov,county,Pantelimon,town
Romania,Ilfov,county,Periș,commune
Romania,Ilfov,county,Petrăchioaia,commune
Romania,Ilfov,county,Popești-Leordeni,town
Romania,Ilfov,county,Snagov,commune
Romania,Ilfov,county,Tunari,commune
Romania,Ilfov,county,Vidra,commune
Romania,Ilfov,county,Voluntari,town
Romania,Ilfov,county,Ștefăneștii de Jos,commune
Romania,Maramureș,county,Ardusat,commune
Romania,Maramureș,county,Ariniș,commune
Romania,Maramureș,county,Asuaju de Sus,commune
Romania,Maramureș,county,Baia Mare,municipality
Romania,Maramureș,county,Baia Sprie,town
Romania,Maramureș,county,Bicaz,commune
Romania,Maramureș,county,Bistra,commune
Romania,Maramureș,county,Bocicoiu Mare,commune
Romania,Maramureș,county,Bogdan Vodă,commune
Romania,Maramureș,county,Boiu Mare,commune
Romania,Maramureș,county,Borșa,town
Romania,Maramureș,county,Botiza,commune
Romania,Maramureș,county,Budești,commune
Romania,Maramureș,county,Bârsana,commune
Romania,Maramureș,county,Băiuț,commune
Romania,Maramureș,county,Băița de sub Codru,commune
Romania,Maramureș,county,Băsești,commune
Romania,Maramureș,county,Cavnic,town
Romania,Maramureș,county,Cernești,commune
Romania,Maramureș,county,Cicârlău,commune
Romania,Maramureș,county,Coaș,commune
Romania,Maramureș,county,Coltău,commune
Romania,Maramureș,county,Copalnic-Mănăștur,commune
Romania,Maramureș,county,Coroieni,commune
Romania,Maramureș,county,Cupșeni,commune
Romania,Maramureș,county,Câmpulung la Tisa,commune
Romania,Maramureș,county,Călinești,commune
Romania,Maramureș,county,Desești,commune
Romania,Maramureș,county,Dragomirești,town
Romania,Maramureș,county,Dumbrăvița,commune
Romania,Maramureș,county,Fărcașa,commune
Romania,Maramureș,county,Giulești,commune
Romania,Maramureș,county,Groși,commune
Romania,Maramureș,county,Groșii Țibleșului,commune
Romania,Maramureș,county,Gârdani,commune
Romania,Maramureș,county,Ieud,commune
Romania,Maramureș,county,Leordina,commune
Romania,Maramureș,county,Lăpuș,commune
Romania,Maramureș,county,Mireșu Mare,commune
Romania,Maramureș,county,Moisei,commune
Romania,Maramureș,county,Oarța de Jos,commune
Romania,Maramureș,county,Ocna Șugatag,commune
Romania,Maramureș,county,Oncești,commune
Romania,Maramureș,county,Petrova,commune
Romania,Maramureș,county,Poienile Izei,commune
Romania,Maramureș,county,Poienile de sub Munte,commune
Romania,Maramureș,county,Recea,commune
Romania,Maramureș,county,Remetea Chioarului,commune
Romania,Maramureș,county,Remeți,commune
Romania,Maramureș,county,Repedea,commune
Romania,Maramureș,county,Rona de Jos,commune
Romania,Maramureș,county,Rona de Sus,commune
Romania,Maramureș,county,Rozavlea,commune
Romania,Maramureș,county,Ruscova,commune
Romania,Maramureș,county,Sarasău,commune
Romania,Maramureș,county,Satulung,commune
Romania,Maramureș,county,Seini,town
Romania,Maramureș,county,Sighetu Marmației,municipality
Romania,Maramureș,county,Strâmtura,commune
Romania,Maramureș,county,Suciu de Sus,commune
Romania,Maramureș,county,Săcel,commune
Romania,Maramureș,county,Săcălășeni,commune
Romania,Maramureș,county,Săliștea de Sus,town
Romania,Maramureș,county,Sălsig,commune
Romania,Maramureș,county,Săpânța,commune
Romania,Maramureș,county,Târgu Lăpuș,town
Romania,Maramureș,county,Tăuții-Măgherăuș,town
Romania,Maramureș,county,Ulmeni,town
Romania,Maramureș,county,Vadu Izei,commune
Romania,Maramureș,county,Valea Chioarului,commune
Romania,Maramureș,county,Vima Mică,commune
Romania,Maramureș,county,Vișeu de Jos,commune
Romania,Maramureș,county,Vișeu de Sus,town
Romania,Maramureș,county,Șieu,commune
Romania,Maramureș,county,Șișești,commune
Romania,Maramureș,county,Șomcuta Mare,town
Romania,Mehedinți,county,Baia de Aramă,town
Romania,Mehedinți,county,Bala,commune
Romania,Mehedinți,county,Balta,commune
Romania,Mehedinți,county,Braniștea,commune
Romania,Mehedinți,county,Breznița-Motru,commune
Romania,Mehedinți,county,Breznița-Ocol,commune
Romania,Mehedinți,county,Broșteni,commune
Romania,Mehedinți,county,Burila Mare,commune
Romania,Mehedinți,county,Butoiești,commune
Romania,Mehedinți,county,Bâcleș,commune
Romania,Mehedinți,county,Bâlvănești,commune
Romania,Mehedinți,county,Bălăcița,commune
Romania,Mehedinți,county,Cireșu,commune
Romania,Mehedinți,county,Corcova,commune
Romania,Mehedinți,county,Corlățel,commune
Romania,Mehedinți,county,Cujmir,commune
Romania,Mehedinți,county,Căzănești,commune
Romania,Mehedinți,county,Devesel,commune
Romania,Mehedinți,county,Drobeta-Turnu Severin,municipality
Romania,Mehedinți,county,Dubova,commune
Romania,Mehedinți,county,Dumbrava,commune
Romania,Mehedinți,county,Dârvari,commune
Romania,Mehedinți,county,Eșelnița,commune
Romania,Mehedinți,county,Florești,commune
Romania,Mehedinți,county,Godeanu,commune
Romania,Mehedinți,county,Gogoșu,commune
Romania,Mehedinți,county,Greci,commune
Romania,Mehedinți,county,Grozești,commune
Romania,Mehedinți,county,Gruia,commune
Romania,Mehedinți,county,Gârla Mare,commune
Romania,Mehedinți,county,Hinova,commune
Romania,Mehedinți,county,Husnicioara,commune
Romania,Mehedinți,county,Ilovița,commune
Romania,Mehedinți,county,Ilovăț,commune
Romania,Mehedinți,county,Isverna,commune
Romania,Mehedinți,county,Izvoru Bârzii,commune
Romania,Mehedinți,county,Jiana,commune
Romania,Mehedinți,county,Livezile,commune
Romania,Mehedinți,county,Malovăț,commune
Romania,Mehedinți,county,Obârșia de Câmp,commune
Romania,Mehedinți,county,Oprișor,commune
Romania,Mehedinți,county,Orșova,municipality
Romania,Mehedinți,county,Podeni,commune
Romania,Mehedinți,county,Ponoarele,commune
Romania,Mehedinți,county,Poroina Mare,commune
Romania,Mehedinți,county,Pristol,commune
Romania,Mehedinți,county,Prunișor,commune
Romania,Mehedinți,county,Punghina,commune
Romania,Mehedinți,county,Pădina,commune
Romania,Mehedinți,county,Pătulele,commune
Romania,Mehedinți,county,Rogova,commune
Romania,Mehedinți,county,Salcia,commune
Romania,Mehedinți,county,Strehaia,town
Romania,Mehedinți,county,Stângăceaua,commune
Romania,Mehedinți,county,Svinița,commune
Romania,Mehedinți,county,Tâmna,commune
Romania,Mehedinți,county,Vlădaia,commune
Romania,Mehedinți,county,Voloiac,commune
Romania,Mehedinți,county,Vrata,commune
Romania,Mehedinți,county,Vânju Mare,town
Romania,Mehedinți,county,Vânjuleț,commune
Romania,Mehedinți,county,Vânători,commune
Romania,Mehedinți,county,Șimian,commune
Romania,Mehedinți,county,Șișești,commune
Romania,Mehedinți,county,Șovarna,commune
Romania,Mureș,county,Acățari,commune
Romania,Mureș,county,Adămuș,commune
Romania,Mureș,county,Albești,commune
Romania,Mureș,county,Aluniș,commune
Romania,Mureș,county,Apold,commune
Romania,Mureș,county,Ațintiș,commune
Romania,Mureș,county,Bahnea,commune
Romania,Mureș,county,Band,commune
Romania,Mureș,county,Batoș,commune
Romania,Mureș,county,Beica de Jos,commune
Romania,Mureș,county,Bereni,commune
Romania,Mureș,county,Bichiș,commune
Romania,Mureș,county,Bogata,commune
Romania,Mureș,county,Breaza,commune
Romania,Mureș,county,Brâncovenești,commune
Romania,Mureș,county,Băgaciu,commune
Romania,Mureș,county,Băla,commune
Romania,Mureș,county,Bălăușeri,commune
Romania,Mureș,county,Ceuașu de Câmpie,commune
Romania,Mureș,county,Chețani,commune
Romania,Mureș,county,Chibed,commune
Romania,Mureș,county,Chiheru de Jos,commune
Romania,Mureș,county,Coroisânmărtin,commune
Romania,Mureș,county,Corunca,commune
Romania,Mureș,county,Cozma,commune
Romania,Mureș,county,Cristești,commune
Romania,Mureș,county,Crăciunești,commune
Romania,Mureș,county,Crăiești,commune
Romania,Mureș,county,Cucerdea,commune
Romania,Mureș,county,Cuci,commune
Romania,Mureș,county,Daneș,commune
Romania,Mureș,county,Deda,commune
Romania,Mureș,county,Eremitu,commune
Romania,Mureș,county,Ernei,commune
Romania,Mureș,county,Fântânele,commune
Romania,Mureș,county,Fărăgău,commune
Romania,Mureș,county,Gheorghe Doja,commune
Romania,Mureș,county,Ghindari,commune
Romania,Mureș,county,Glodeni,commune
Romania,Mureș,county,Gornești,commune
Romania,Mureș,county,Grebenișu de Câmpie,commune
Romania,Mureș,county,Gurghiu,commune
Romania,Mureș,county,Gălești,commune
Romania,Mureș,county,Gănești,commune
Romania,Mureș,county,Hodac,commune
Romania,Mureș,county,Hodoșa,commune
Romania,Mureș,county,Ibănești,commune
Romania,Mureș,county,Iclănzel,commune
Romania,Mureș,county,Ideciu de Jos,commune
Romania,Mureș,county,Iernut,town
Romania,Mureș,county,Livezeni,commune
Romania,Mureș,county,Luduș,town
Romania,Mureș,county,Lunca,commune
Romania,Mureș,county,Lunca Bradului,commune
Romania,Mureș,county,Mica,commune
Romania,Mureș,county,Miercurea Nirajului,town
Romania,Mureș,county,Miheșu de Câmpie,commune
Romania,Mureș,county,Mădăraș,commune
Romania,Mureș,county,Măgherani,commune
Romania,Mureș,county,Nadeș,commune
Romania,Mureș,county,Neaua,commune
Romania,Mureș,county,Ogra,commune
Romania,Mureș,county,Papiu Ilarian,commune
Romania,Mureș,county,Petelea,commune
Romania,Mureș,county,Pogăceaua,commune
Romania,Mureș,county,Pănet,commune
Romania,Mureș,county,Păsăreni,commune
Romania,Mureș,county,Reghin,municipality
Romania,Mureș,county,Rușii-Munți,commune
Romania,Mureș,county,Râciu,commune
Romania,Mureș,county,Răstolița,commune
Romania,Mureș,county,Saschiz,commune
Romania,Mureș,county,Sighișoara,municipality
Romania,Mureș,county,Solovăstru,commune
Romania,Mureș,county,Sovata,town
Romania,Mureș,county,Stânceni,commune
Romania,Mureș,county,Suplac,commune
Romania,Mureș,county,Suseni,commune
Romania,Mureș,county,Sâncraiu de Mureș,commune
Romania,Mureș,county,Sângeorgiu de Mureș,commune
Romania,Mureș,county,Sângeorgiu de Pădure,town
Romania,Mureș,county,Sânger,commune
Romania,Mureș,county,Sânpaul,commune
Romania,Mureș,county,Sânpetru de Câmpie,commune
Romania,Mureș,county,Sântana de Mureș,commune
Romania,Mureș,county,Sărmașu,town
Romania,Mureș,county,Sărățeni,commune
Romania,Mureș,county,Târgu Mureș,municipality
Romania,Mureș,county,Târnăveni,municipality
Romania,Mureș,county,Tăureni,commune
Romania,Mureș,county,Ungheni,town
Romania,Mureș,county,Valea Largă,commune
Romania,Mureș,county,Vețca,commune
Romania,Mureș,county,Viișoara,commune
Romania,Mureș,county,Voivodeni,commune
Romania,Mureș,county,Vânători,commune
Romania,Mureș,county,Vărgata,commune
Romania,Mureș,county,Vătava,commune
Romania,Mureș,county,Zagăr,commune
Romania,Mureș,county,Zau de Câmpie,commune
Romania,Mureș,county,Șincai,commune
Romania,Mureș,county,Șăulia,commune
Romania,Neamț,county,Agapia,commune
Romania,Neamț,county,Alexandru cel Bun,commune
Romania,Neamț,county,Bahna,commune
Romania,Neamț,county,Bicaz,town
Romania,Neamț,county,Bicaz-Chei,commune
Romania,Neamț,county,Bicazu Ardelean,commune
Romania,Neamț,county,Bira,commune
Romania,Neamț,county,Bodești,commune
Romania,Neamț,county,Boghicea,commune
Romania,Neamț,county,Borca,commune
Romania,Neamț,county,Borlești,commune
Romania,Neamț,county,Botești,commune
Romania,Neamț,county,Bozieni,commune
Romania,Neamț,county,Brusturi,commune
Romania,Neamț,county,Bârgăuani,commune
Romania,Neamț,county,Bălțătești,commune
Romania,Neamț,county,Ceahlău,commune
Romania,Neamț,county,Cordun,commune
Romania,Neamț,county,Costișa,commune
Romania,Neamț,county,Crăcăoani,commune
Romania,Neamț,county,Cândești,commune
Romania,Neamț,county,Dobreni,commune
Romania,Neamț,county,Dochia,commune
Romania,Neamț,county,Doljești,commune
Romania,Neamț,county,Dragomirești,commune
Romania,Neamț,county,Drăgănești,commune
Romania,Neamț,county,Dulcești,commune
Romania,Neamț,county,Dumbrava Roșie,commune
Romania,Neamț,county,Dămuc,commune
Romania,Neamț,county,Farcașa,commune
Romania,Neamț,county,Făurei,commune
Romania,Neamț,county,Gherăești,commune
Romania,Neamț,county,Ghindăoani,commune
Romania,Neamț,county,Girov,commune
Romania,Neamț,county,Grințieș,commune
Romania,Neamț,county,Grumăzești,commune
Romania,Neamț,county,Gâdinți,commune
Romania,Neamț,county,Gârcina,commune
Romania,Neamț,county,Hangu,commune
Romania,Neamț,county,Horia,commune
Romania,Neamț,county,Icușești,commune
Romania,Neamț,county,Ion Creangă,commune
Romania,Neamț,county,Moldoveni,commune
Romania,Neamț,county,Mărgineni,commune
Romania,Neamț,county,Negrești,commune
Romania,Neamț,county,Oniceni,commune
Romania,Neamț,county,Petricani,commune
Romania,Neamț,county,Piatra Șoimului,commune
Romania,Neamț,county,Piatra-Neamț,municipality
Romania,Neamț,county,Pipirig,commune
Romania,Neamț,county,Podoleni,commune
Romania,Neamț,county,Poiana Teiului,commune
Romania,Neamț,county,Poienari,commune
Romania,Neamț,county,Pâncești,commune
Romania,Neamț,county,Pângărați,commune
Romania,Neamț,county,Păstrăveni,commune
Romania,Neamț,county,Rediu,commune
Romania,Neamț,county,Roman,municipality
Romania,Neamț,county,Români,commune
Romania,Neamț,county,Roznov,town
Romania,Neamț,county,Ruginoasa,commune
Romania,Neamț,county,Răucești,commune
Romania,Neamț,county,Războieni,commune
Romania,Neamț,county,Sagna,commune
Romania,Neamț,county,Secuieni,commune
Romania,Neamț,county,Stănița,commune
Romania,Neamț,county,Săbăoani,commune
Romania,Neamț,county,Săvinești,commune
Romania,Neamț,county,Tarcău,commune
Romania,Neamț,county,Tazlău,commune
Romania,Neamț,county,Tașca,commune
Romania,Neamț,county,Timișești,commune
Romania,Neamț,county,Trifești,commune
Romania,Neamț,county,Tupilați,commune
Romania,Neamț,county,Târgu Neamț,town
Romania,Neamț,county,Tămășeni,commune
Romania,Neamț,county,Urecheni,commune
Romania,Neamț,county,Valea Ursului,commune
Romania,Neamț,county,Vânători-Neamț,commune
Romania,Neamț,county,Văleni,commune
Romania,Neamț,county,Zănești,commune
Romania,Neamț,county,Ștefan cel Mare,commune
Romania,Neamț,county,Țibucani,commune
Romania,Olt,county,Baldovinești,commune
Romania,Olt,county,Balș,town
Romania,Olt,county,Bobicești,commune
Romania,Olt,county,Brastavățu,commune
Romania,Olt,county,Brebeni,commune
Romania,Olt,county,Brâncoveni,commune
Romania,Olt,county,Bucinișu,commune
Romania,Olt,county,Bârza,commune
Romania,Olt,county,Băbiciu,commune
Romania,Olt,county,Bălteni,commune
Romania,Olt,county,Bărăști,commune
Romania,Olt,county,Caracal,municipality
Romania,Olt,county,Cezieni,commune
Romania,Olt,county,Cilieni,commune
Romania,Olt,county,Colonești,commune
Romania,Olt,county,Corabia,town
Romania,Olt,county,Corbu,commune
Romania,Olt,county,Coteana,commune
Romania,Olt,county,Crâmpoia,commune
Romania,Olt,county,Cungrea,commune
Romania,Olt,county,Curtișoara,commune
Romania,Olt,county,Cârlogani,commune
Romania,Olt,county,Călui,commune
Romania,Olt,county,Deveselu,commune
Romania,Olt,county,Dobrețu,commune
Romania,Olt,county,Dobrosloveni,commune
Romania,Olt,county,Dobroteasa,commune
Romania,Olt,county,Dobrun,commune
Romania,Olt,county,Drăghiceni,commune
Romania,Olt,county,Drăgănești-Olt,town
Romania,Olt,county,Dăneasa,commune
Romania,Olt,county,Făgețelu,commune
Romania,Olt,county,Fălcoiu,commune
Romania,Olt,county,Fărcașele,commune
Romania,Olt,county,Ghimpețeni,commune
Romania,Olt,county,Giuvărăști,commune
Romania,Olt,county,Gostavățu,commune
Romania,Olt,county,Grojdibodu,commune
Romania,Olt,county,Grădinari,commune
Romania,Olt,county,Grădinile,commune
Romania,Olt,county,Gura Padinii,commune
Romania,Olt,county,Gârcov,commune
Romania,Olt,county,Găneasa,commune
Romania,Olt,county,Găvănești,commune
Romania,Olt,county,Ianca,commune
Romania,Olt,county,Iancu Jianu,commune
Romania,Olt,county,Icoana,commune
Romania,Olt,county,Ipotești,commune
Romania,Olt,county,Izbiceni,commune
Romania,Olt,county,Izvoarele,commune
Romania,Olt,county,Leleasca,commune
Romania,Olt,county,Mihăești,commune
Romania,Olt,county,Milcov,commune
Romania,Olt,county,Morunglav,commune
Romania,Olt,county,Movileni,commune
Romania,Olt,county,Mărunței,commune
Romania,Olt,county,Nicolae Titulescu,commune
Romania,Olt,county,Oboga,commune
Romania,Olt,county,Obârșia,commune
Romania,Olt,county,Oporelu,commune
Romania,Olt,county,Optași-Măgura,commune
Romania,Olt,county,Orlea,commune
Romania,Olt,county,Osica de Jos,commune
Romania,Olt,county,Osica de Sus,commune
Romania,Olt,county,Perieți,commune
Romania,Olt,county,Piatra-Olt,town
Romania,Olt,county,Pleșoiu,commune
Romania,Olt,county,Poboru,commune
Romania,Olt,county,Potcoava,town
Romania,Olt,county,Priseaca,commune
Romania,Olt,county,Pârșcoveni,commune
Romania,Olt,county,Radomirești,commune
Romania,Olt,county,Redea,commune
Romania,Olt,county,Rotunda,commune
Romania,Olt,county,Rusănești,commune
Romania,Olt,county,Schitu,commune
Romania,Olt,county,Scornicești,town
Romania,Olt,county,Scărișoara,commune
Romania,Olt,county,Seaca,commune
Romania,Olt,county,Slatina,municipality
Romania,Olt,county,Slătioara,commune
Romania,Olt,county,Spineni,commune
Romania,Olt,county,Sprâncenata,commune
Romania,Olt,county,Stoenești,commune
Romania,Olt,county,Stoicănești,commune
Romania,Olt,county,Strejești,commune
Romania,Olt,county,Studina,commune
Romania,Olt,county,Sâmburești,commune
Romania,Olt,county,Sârbii - Măgura,commune
Romania,Olt,county,Teslui,commune
Romania,Olt,county,Tia Mare,commune
Romania,Olt,county,Topana,commune
Romania,Olt,county,Traian,commune
Romania,Olt,county,Tufeni,commune
Romania,Olt,county,Tătulești,commune
Romania,Olt,county,Urzica,commune
Romania,Olt,county,Valea Mare,commune
Romania,Olt,county,Verguleasa,commune
Romania,Olt,county,Vitomirești,commune
Romania,Olt,county,Vișina,commune
Romania,Olt,county,Vișina Nouă,commune
Romania,Olt,county,Vlădila,commune
Romania,Olt,county,Voineasa,commune
Romania,Olt,county,Vulpeni,commune
Romania,Olt,county,Vulturești,commune
Romania,Olt,county,Vâlcele,commune
Romania,Olt,county,Vădastra,commune
Romania,Olt,county,Vădăstrița,commune
Romania,Olt,county,Văleni,commune
Romania,Olt,county,Șerbănești,commune
Romania,Olt,county,Șopârlița,commune
Romania,Olt,county,Ștefan cel Mare,commune
Romania,Prahova,county,Adunați,commune
Romania,Prahova,county,Albești-Paleologu,commune
Romania,Prahova,county,Aluniș,commune
Romania,Prahova,county,Apostolache,commune
Romania,Prahova,county,Ariceștii Rahtivani,commune
Romania,Prahova,county,Ariceștii Zeletin,commune
Romania,Prahova,county,Azuga,town
Romania,Prahova,county,Baba Ana,commune
Romania,Prahova,county,Balta Doamnei,commune
Romania,Prahova,county,Berceni,commune
Romania,Prahova,county,Bertea,commune
Romania,Prahova,county,Blejoi,commune
Romania,Prahova,county,Boldești-Gradiștea,commune
Romania,Prahova,county,Boldești-Scăeni,town
Romania,Prahova,county,Brazi,commune
Romania,Prahova,county,Breaza,town
Romania,Prahova,county,Brebu,commune
Romania,Prahova,county,Bucov,commune
Romania,Prahova,county,Bușteni,town
Romania,Prahova,county,Băicoi,town
Romania,Prahova,county,Bălțești,commune
Romania,Prahova,county,Bănești,commune
Romania,Prahova,county,Bărcănești,commune
Romania,Prahova,county,Bătrâni,commune
Romania,Prahova,county,Ceptura,commune
Romania,Prahova,county,Cerașu,commune
Romania,Prahova,county,Chiojdeanca,commune
Romania,Prahova,county,Ciorani,commune
Romania,Prahova,county,Cocorăștii Colț,commune
Romania,Prahova,county,Cocorăștii Mislii,commune
Romania,Prahova,county,Colceag,commune
Romania,Prahova,county,Comarnic,town
Romania,Prahova,county,Cornu,commune
Romania,Prahova,county,Cosminele,commune
Romania,Prahova,county,Câmpina,municipality
Romania,Prahova,county,Călugăreni,commune
Romania,Prahova,county,Cărbunești,commune
Romania,Prahova,county,Drajna,commune
Romania,Prahova,county,Drăgănești,commune
Romania,Prahova,county,Dumbrava,commune
Romania,Prahova,county,Dumbrăvești,commune
Romania,Prahova,county,Filipeștii de Pădure,commune
Romania,Prahova,county,Filipeștii de Târg,commune
Romania,Prahova,county,Florești,commune
Romania,Prahova,county,Fulga,commune
Romania,Prahova,county,Fântânele,commune
Romania,Prahova,county,Gherghița,commune
Romania,Prahova,county,Gorgota,commune
Romania,Prahova,county,Gornet,commune
Romania,Prahova,county,Gornet-Cricov,commune
Romania,Prahova,county,Gura Vadului,commune
Romania,Prahova,county,Gura Vitioarei,commune
Romania,Prahova,county,Iordăcheanu,commune
Romania,Prahova,county,Izvoarele,commune
Romania,Prahova,county,Jugureni,commune
Romania,Prahova,county,Lapoș,commune
Romania,Prahova,county,Lipănești,commune
Romania,Prahova,county,Mizil,town
Romania,Prahova,county,Măgurele,commune
Romania,Prahova,county,Măgureni,commune
Romania,Prahova,county,Măneciu,commune
Romania,Prahova,county,Mănești,commune
Romania,Prahova,county,Olari,commune
Romania,Prahova,county,Ploiești,municipality
Romania,Prahova,county,Plopeni,town
Romania,Prahova,county,Plopu,commune
Romania,Prahova,county,Podenii Noi,commune
Romania,Prahova,county,Poiana Câmpina,commune
Romania,Prahova,county,Poienarii Burchii,commune
Romania,Prahova,county,Posești,commune
Romania,Prahova,county,Predeal-Sărari,commune
Romania,Prahova,county,Provița de Jos,commune
Romania,Prahova,county,Provița de Sus,commune
Romania,Prahova,county,Puchenii Mari,commune
Romania,Prahova,county,Păcureți,commune
Romania,Prahova,county,Păulești,commune
Romania,Prahova,county,Râfov,commune
Romania,Prahova,county,Salcia,commune
Romania,Prahova,county,Scorțeni,commune
Romania,Prahova,county,Secăria,commune
Romania,Prahova,county,Sinaia,town
Romania,Prahova,county,Slănic,town
Romania,Prahova,county,Starchiojd,commune
Romania,Prahova,county,Surani,commune
Romania,Prahova,county,Sângeru,commune
Romania,Prahova,county,Sălciile,commune
Romania,Prahova,county,Talea,commune
Romania,Prahova,county,Teișani,commune
Romania,Prahova,county,Telega,commune
Romania,Prahova,county,Tinosu,commune
Romania,Prahova,county,Tomșani,commune
Romania,Prahova,county,Târgșoru Vechi,commune
Romania,Prahova,county,Tătaru,commune
Romania,Prahova,county,Urlați,town
Romania,Prahova,county,Vadu Săpat,commune
Romania,Prahova,county,Valea Călugărească,commune
Romania,Prahova,county,Valea Doftanei,commune
Romania,Prahova,county,Vâlcănești,commune
Romania,Prahova,county,Vălenii de Munte,town
Romania,Prahova,county,Vărbilău,commune
Romania,Prahova,county,Șirna,commune
Romania,Prahova,county,Șoimari,commune
Romania,Prahova,county,Șotrile,commune
Romania,Prahova,county,Ștefești,commune
Romania,Satu Mare,county,Acâș,commune
Romania,Satu Mare,county,Agriș,commune
Romania,Satu Mare,county,Andrid,commune
Romania,Satu Mare,county,Apa,commune
Romania,Satu Mare,county,Ardud,town
Romania,Satu Mare,county,Beltiug,commune
Romania,Satu Mare,county,Berveni,commune
Romania,Satu Mare,county,Bixad,commune
Romania,Satu Mare,county,Bogdand,commune
Romania,Satu Mare,county,Botiz,commune
Romania,Satu Mare,county,Bârsău,commune
Romania,Satu Mare,county,Bătarci,commune
Romania,Satu Mare,county,Carei,municipality
Romania,Satu Mare,county,Cehal,commune
Romania,Satu Mare,county,Certeze,commune
Romania,Satu Mare,county,Ciumești,commune
Romania,Satu Mare,county,Craidorolț,commune
Romania,Satu Mare,county,Crucișor,commune
Romania,Satu Mare,county,Culciu,commune
Romania,Satu Mare,county,Călinești-Oaș,commune
Romania,Satu Mare,county,Cămin,commune
Romania,Satu Mare,county,Cămărzana,commune
Romania,Satu Mare,county,Căpleni,commune
Romania,Satu Mare,county,Căuaș,commune
Romania,Satu Mare,county,Doba,commune
Romania,Satu Mare,county,Dorolț,commune
Romania,Satu Mare,county,Foieni,commune
Romania,Satu Mare,county,Gherța Mică,commune
Romania,Satu Mare,county,Halmeu,commune
Romania,Satu Mare,county,Hodod,commune
Romania,Satu Mare,county,Homoroade,commune
Romania,Satu Mare,county,Lazuri,commune
Romania,Satu Mare,county,Livada,town
Romania,Satu Mare,county,Medieșu Aurit,commune
Romania,Satu Mare,county,Micula,commune
Romania,Satu Mare,county,Moftin,commune
Romania,Satu Mare,county,Negrești-Oaș,town
Romania,Satu Mare,county,Odoreu,commune
Romania,Satu Mare,county,Orașu Nou,commune
Romania,Satu Mare,county,Petrești,commune
Romania,Satu Mare,county,Pir,commune
Romania,Satu Mare,county,Pișcolt,commune
Romania,Satu Mare,county,Pomi,commune
Romania,Satu Mare,county,Porumbești,commune
Romania,Satu Mare,county,Păulești,commune
Romania,Satu Mare,county,Racșa,commune
Romania,Satu Mare,county,Sanislău,commune
Romania,Satu Mare,county,Santău,commune
Romania,Satu Mare,county,Satu Mare,municipality
Romania,Satu Mare,county,Socond,commune
Romania,Satu Mare,county,Supur,commune
Romania,Satu Mare,county,Săcășeni,commune
Romania,Satu Mare,county,Săuca,commune
Romania,Satu Mare,county,Tarna Mare,commune
Romania,Satu Mare,county,Terebești,commune
Romania,Satu Mare,county,Tiream,commune
Romania,Satu Mare,county,Turulung,commune
Romania,Satu Mare,county,Turț,commune
Romania,Satu Mare,county,Târșolț,commune
Romania,Satu Mare,county,Tășnad,town
Romania,Satu Mare,county,Urziceni,commune
Romania,Satu Mare,county,Valea Vinului,commune
Romania,Satu Mare,county,Vama,commune
Romania,Satu Mare,county,Vetiș,commune
Romania,Satu Mare,county,Viile Satu Mare,commune
Romania,Sibiu,county,Agnita,town
Romania,Sibiu,county,Alma,commune
Romania,Sibiu,county,Alțina,commune
Romania,Sibiu,county,Apoldu de Jos,commune
Romania,Sibiu,county,Arpașu de Jos,commune
Romania,Sibiu,county,Avrig,town
Romania,Sibiu,county,Axente Sever,commune
Romania,Sibiu,county,Ațel,commune
Romania,Sibiu,county,Bazna,commune
Romania,Sibiu,county,Biertan,commune
Romania,Sibiu,county,Blăjel,commune
Romania,Sibiu,county,Boița,commune
Romania,Sibiu,county,Brateiu,commune
Romania,Sibiu,county,Bruiu,commune
Romania,Sibiu,county,Brădeni,commune
Romania,Sibiu,county,Bârghiș,commune
Romania,Sibiu,county,Chirpăr,commune
Romania,Sibiu,county,Cisnădie,town
Romania,Sibiu,county,Copșa Mică,town
Romania,Sibiu,county,Cristian,commune
Romania,Sibiu,county,Cârța,commune
Romania,Sibiu,county,Cârțișoara,commune
Romania,Sibiu,county,Dumbrăveni,town
Romania,Sibiu,county,Dârlos,commune
Romania,Sibiu,county,Gura Râului,commune
Romania,Sibiu,county,Hoghilag,commune
Romania,Sibiu,county,Iacobeni,commune
Romania,Sibiu,county,Jina,commune
Romania,Sibiu,county,Laslea,commune
Romania,Sibiu,county,Loamneș,commune
Romania,Sibiu,county,Ludoș,commune
Romania,Sibiu,county,Marpod,commune
Romania,Sibiu,county,Mediaș,municipality
Romania,Sibiu,county,Merghindeal,commune
Romania,Sibiu,county,Micăsasa,commune
Romania,Sibiu,county,Miercurea Sibiului,town
Romania,Sibiu,county,Mihăileni,commune
Romania,Sibiu,county,Moșna,commune
Romania,Sibiu,county,Nocrich,commune
Romania,Sibiu,county,Ocna Sibiului,town
Romania,Sibiu,county,Orlat,commune
Romania,Sibiu,county,Poiana Sibiului,commune
Romania,Sibiu,county,Poplaca,commune
Romania,Sibiu,county,Porumbacu de Jos,commune
Romania,Sibiu,county,Păuca,commune
Romania,Sibiu,county,Racovița,commune
Romania,Sibiu,county,Roșia,commune
Romania,Sibiu,county,Râu Sadului,commune
Romania,Sibiu,county,Rășinari,commune
Romania,Sibiu,county,Sadu,commune
Romania,Sibiu,county,Sibiu,municipality
Romania,Sibiu,county,Slimnic,commune
Romania,Sibiu,county,Săliște,town
Romania,Sibiu,county,Tilișca,commune
Romania,Sibiu,county,Turnu Roșu,commune
Romania,Sibiu,county,Târnava,commune
Romania,Sibiu,county,Tălmaciu,town
Romania,Sibiu,county,Valea Viilor,commune
Romania,Sibiu,county,Vurpăr,commune
Romania,Sibiu,county,Șeica Mare,commune
Romania,Sibiu,county,Șeica Mică,commune
Romania,Sibiu,county,Șelimbăr,commune
Romania,Sibiu,county,Șura Mare,commune
Romania,Sibiu,county,Șura Mică,commune
Romania,Suceava,county,Adâncata,commune
Romania,Suceava,county,Arbore,commune
Romania,Suceava,county,Baia,commune
Romania,Suceava,county,Berchișești,commune
Romania,Suceava,county,Bilca,commune
Romania,Suceava,county,Bogdănești,commune
Romania,Suceava,county,Boroaia,commune
Romania,Suceava,county,Bosanci,commune
Romania,Suceava,county,Botoșana,commune
Romania,Suceava,county,Breaza,commune
Romania,Suceava,county,Brodina,commune
Romania,Suceava,county,Broșteni,town
Romania,Suceava,county,Bunești,commune
Romania,Suceava,county,Burla,commune
Romania,Suceava,county,Bălcăuți,commune
Romania,Suceava,county,Bălăceana,commune
Romania,Suceava,county,Cacica,commune
Romania,Suceava,county,Cajvana,town
Romania,Suceava,county,Calafindești,commune
Romania,Suceava,county,Capu Câmpului,commune
Romania,Suceava,county,Ciocănești,commune
Romania,Suceava,county,Ciprian Porumbescu,commune
Romania,Suceava,county,Comănești,commune
Romania,Suceava,county,Cornu Luncii,commune
Romania,Suceava,county,Coșna,commune
Romania,Suceava,county,Crucea,commune
Romania,Suceava,county,Câmpulung Moldovenesc,municipality
Romania,Suceava,county,Cârlibaba,commune
Romania,Suceava,county,Dolhasca,town
Romania,Suceava,county,Dolhești,commune
Romania,Suceava,county,Dorna Candrenilor,commune
Romania,Suceava,county,Dorna-Arini,commune
Romania,Suceava,county,Dornești,commune
Romania,Suceava,county,Drăgoiești,commune
Romania,Suceava,county,Drăgușeni,commune
Romania,Suceava,county,Dumbrăveni,commune
Romania,Suceava,county,Dărmănești,commune
Romania,Suceava,county,Forăști,commune
Romania,Suceava,county,Frasin,town
Romania,Suceava,county,Frumosu,commune
Romania,Suceava,county,Frătăuții Noi,commune
Romania,Suceava,county,Frătăuții Vechi,commune
Romania,Suceava,county,Fundu Moldovei,commune
Romania,Suceava,county,Fântâna Mare,commune
Romania,Suceava,county,Fântânele,commune
Romania,Suceava,county,Fălticeni,municipality
Romania,Suceava,county,Grămești,commune
Romania,Suceava,county,Grănicești,commune
Romania,Suceava,county,Gura Humorului,town
Romania,Suceava,county,Gălănești,commune
Romania,Suceava,county,Horodnic de Jos,commune
Romania,Suceava,county,Horodnic de Sus,commune
Romania,Suceava,county,Horodniceni,commune
Romania,Suceava,county,Hârtop,commune
Romania,Suceava,county,Hănțești,commune
Romania,Suceava,county,Iacobeni,commune
Romania,Suceava,county,Iaslovăț,commune
Romania,Suceava,county,Ilișești,commune
Romania,Suceava,county,Ipotești,commune
Romania,Suceava,county,Izvoarele Sucevei,commune
Romania,Suceava,county,Liteni,town
Romania,Suceava,county,Marginea,commune
Romania,Suceava,county,Milișăuți,town
Romania,Suceava,county,Mitocu Dragomirnei,commune
Romania,Suceava,county,Moara,commune
Romania,Suceava,county,Moldova-Sulița,commune
Romania,Suceava,county,Moldovița,commune
Romania,Suceava,county,Mușenița,commune
Romania,Suceava,county,Mălini,commune
Romania,Suceava,county,Mănăstirea Humorului,commune
Romania,Suceava,county,Ostra,commune
Romania,Suceava,county,Panaci,commune
Romania,Suceava,county,Poiana Stampei,commune
Romania,Suceava,county,Poieni-Solca,commune
Romania,Suceava,county,Pojorâta,commune
Romania,Suceava,county,Preutești,commune
Romania,Suceava,county,Putna,commune
Romania,Suceava,county,Pârteștii de Jos,commune
Romania,Suceava,county,Păltinoasa,commune
Romania,Suceava,county,Pătrăuți,commune
Romania,Suceava,county,Râșca,commune
Romania,Suceava,county,Rădăuți,municipality
Romania,Suceava,county,Rădășeni,commune
Romania,Suceava,county,Sadova,commune
Romania,Suceava,county,Salcea,town
Romania,Suceava,county,Satu Mare,commune
Romania,Suceava,county,Siminicea,commune
Romania,Suceava,county,Siret,town
Romania,Suceava,county,Slatina,commune
Romania,Suceava,county,Solca,town
Romania,Suceava,county,Straja,commune
Romania,Suceava,county,Stroiești,commune
Romania,Suceava,county,Stulpicani,commune
Romania,Suceava,county,Suceava,municipality
Romania,Suceava,county,Sucevița,commune
Romania,Suceava,county,Todirești,commune
Romania,Suceava,county,Udești,commune
Romania,Suceava,county,Ulma,commune
Romania,Suceava,county,Vadu Moldovei,commune
Romania,Suceava,county,Valea Moldovei,commune
Romania,Suceava,county,Vama,commune
Romania,Suceava,county,Vatra Dornei,municipality
Romania,Suceava,county,Vatra Moldoviței,commune
Romania,Suceava,county,Verești,commune
Romania,Suceava,county,Vicovu de Jos,commune
Romania,Suceava,county,Vicovu de Sus,town
Romania,Suceava,county,Voitinel,commune
Romania,Suceava,county,Volovăț,commune
Romania,Suceava,county,Vulturești,commune
Romania,Suceava,county,Zamostea,commune
Romania,Suceava,county,Zvoriștea,commune
Romania,Suceava,county,Șaru Dornei,commune
Romania,Suceava,county,Șcheia,commune
Romania,Suceava,county,Șerbăuți,commune
Romania,Sălaj,county,Agrij,commune
Romania,Sălaj,county,Almașu,commune
Romania,Sălaj,county,Benesat,commune
Romania,Sălaj,county,Bobota,commune
Romania,Sălaj,county,Bocșa,commune
Romania,Sălaj,county,Boghiș,commune
Romania,Sălaj,county,Buciumi,commune
Romania,Sălaj,county,Băbeni,commune
Romania,Sălaj,county,Bălan,commune
Romania,Sălaj,county,Bănișor,commune
Romania,Sălaj,county,Camăr,commune
Romania,Sălaj,county,Carastelec,commune
Romania,Sălaj,county,Cehu Silvaniei,town
Romania,Sălaj,county,Chieșd,commune
Romania,Sălaj,county,Cizer,commune
Romania,Sălaj,county,Coșeiu,commune
Romania,Sălaj,county,Crasna,commune
Romania,Sălaj,county,Creaca,commune
Romania,Sălaj,county,Cristolț,commune
Romania,Sălaj,county,Crișeni,commune
Romania,Sălaj,county,Cuzăplac,commune
Romania,Sălaj,county,Dobrin,commune
Romania,Sălaj,county,Dragu,commune
Romania,Sălaj,county,Fildu de Jos,commune
Romania,Sălaj,county,Gâlgău,commune
Romania,Sălaj,county,Gârbou,commune
Romania,Sălaj,county,Halmășd,commune
Romania,Sălaj,county,Hereclean,commune
Romania,Sălaj,county,Hida,commune
Romania,Sălaj,county,Horoatu Crasnei,commune
Romania,Sălaj,county,Ileanda,commune
Romania,Sălaj,county,Ip,commune
Romania,Sălaj,county,Jibou,town
Romania,Sălaj,county,Letca,commune
Romania,Sălaj,county,Lozna,commune
Romania,Sălaj,county,Marca,commune
Romania,Sălaj,county,Meseșenii de Jos,commune
Romania,Sălaj,county,Mirșid,commune
Romania,Sălaj,county,Măeriște,commune
Romania,Sălaj,county,Nușfalău,commune
Romania,Sălaj,county,Năpradea,commune
Romania,Sălaj,county,Pericei,commune
Romania,Sălaj,county,Plopiș,commune
Romania,Sălaj,county,Poiana Blenchii,commune
Romania,Sălaj,county,Românași,commune
Romania,Sălaj,county,Rus,commune
Romania,Sălaj,county,Someș-Odorhei,commune
Romania,Sălaj,county,Surduc,commune
Romania,Sălaj,county,Sâg,commune
Romania,Sălaj,county,Sânmihaiu Almașului,commune
Romania,Sălaj,county,Sălățig,commune
Romania,Sălaj,county,Treznea,commune
Romania,Sălaj,county,Valcău de Jos,commune
Romania,Sălaj,county,Vârșolț,commune
Romania,Sălaj,county,Zalha,commune
Romania,Sălaj,county,Zalău,municipality
Romania,Sălaj,county,Zimbor,commune
Romania,Sălaj,county,Șamșud,commune
Romania,Sălaj,county,Șimișna,commune
Romania,Sălaj,county,Șimleu Silvaniei,town
Romania,Sălaj,county,Șărmășag,commune
Romania,Teleorman,county,Alexandria,municipality
Romania,Teleorman,county,Balaci,commune
Romania,Teleorman,county,Beciu,commune
Romania,Teleorman,county,Beuca,commune
Romania,Teleorman,county,Blejești,commune
Romania,Teleorman,county,Bogdana,commune
Romania,Teleorman,county,Botoroaga,commune
Romania,Teleorman,county,Bragadiru,commune
Romania,Teleorman,county,Brânceni,commune
Romania,Teleorman,county,Bujoreni,commune
Romania,Teleorman,county,Bujoru,commune
Romania,Teleorman,county,Buzescu,commune
Romania,Teleorman,county,Băbăița,commune
Romania,Teleorman,county,Cervenia,commune
Romania,Teleorman,county,Ciolănești,commune
Romania,Teleorman,county,Ciuperceni,commune
Romania,Teleorman,county,Conțești,commune
Romania,Teleorman,county,Cosmești,commune
Romania,Teleorman,county,Crevenicu,commune
Romania,Teleorman,county,Crângeni,commune
Romania,Teleorman,county,Crângu,commune
Romania,Teleorman,county,Călinești,commune
Romania,Teleorman,county,Călmățuiu,commune
Romania,Teleorman,county,Călmățuiu de Sus,commune
Romania,Teleorman,county,Didești,commune
Romania,Teleorman,county,Dobrotești,commune
Romania,Teleorman,county,Dracea,commune
Romania,Teleorman,county,Drăcșenei,commune
Romania,Teleorman,county,Drăgănești de Vede,commune
Romania,Teleorman,county,Drăgănești-Vlașca,commune
Romania,Teleorman,county,Frumoasa,commune
Romania,Teleorman,county,Frăsinet,commune
Romania,Teleorman,county,Furculești,commune
Romania,Teleorman,county,Fântânele,commune
Romania,Teleorman,county,Gratia,commune
Romania,Teleorman,county,Gălăteni,commune
Romania,Teleorman,county,Islaz,commune
Romania,Teleorman,county,Izvoarele,commune
Romania,Teleorman,county,Lisa,commune
Romania,Teleorman,county,Lița,commune
Romania,Teleorman,county,Lunca,commune
Romania,Teleorman,county,Mavrodin,commune
Romania,Teleorman,county,Mereni,commune
Romania,Teleorman,county,Moșteni,commune
Romania,Teleorman,county,Mârzănești,commune
Romania,Teleorman,county,Măgura,commune
Romania,Teleorman,county,Măldăeni,commune
Romania,Teleorman,county,Nanov,commune
Romania,Teleorman,county,Necșești,commune
Romania,Teleorman,county,Nenciulești,commune
Romania,Teleorman,county,Năsturelu,commune
Romania,Teleorman,county,Olteni,commune
Romania,Teleorman,county,Orbeasca,commune
Romania,Teleorman,county,Peretu,commune
Romania,Teleorman,county,Piatra,commune
Romania,Teleorman,county,Pietroșani,commune
Romania,Teleorman,county,Plopii-Slăvitești,commune
Romania,Teleorman,county,Plosca,commune
Romania,Teleorman,county,Poeni,commune
Romania,Teleorman,county,Poroschia,commune
Romania,Teleorman,county,Purani,commune
Romania,Teleorman,county,Putineiu,commune
Romania,Teleorman,county,Roșiori de Vede,municipality
Romania,Teleorman,county,Rădoiești,commune
Romania,Teleorman,county,Răsmirești,commune
Romania,Teleorman,county,Saelele,commune
Romania,Teleorman,county,Salcia,commune
Romania,Teleorman,county,Scrioaștea,commune
Romania,Teleorman,county,Scurtu Mare,commune
Romania,Teleorman,county,Seaca,commune
Romania,Teleorman,county,Segarcea-Vale,commune
Romania,Teleorman,county,Sfințești,commune
Romania,Teleorman,county,Siliștea,commune
Romania,Teleorman,county,Siliștea-Gumești,commune
Romania,Teleorman,county,Slobozia Mândra,commune
Romania,Teleorman,county,Smârdioasa,commune
Romania,Teleorman,county,Stejaru,commune
Romania,Teleorman,county,Suhaia,commune
Romania,Teleorman,county,Sârbeni,commune
Romania,Teleorman,county,Săceni,commune
Romania,Teleorman,county,Talpa,commune
Romania,Teleorman,county,Traian,commune
Romania,Teleorman,county,Trivalea-Moșteni,commune
Romania,Teleorman,county,Troianul,commune
Romania,Teleorman,county,Turnu Măgurele,municipality
Romania,Teleorman,county,Tătărăștii de Jos,commune
Romania,Teleorman,county,Tătărăștii de Sus,commune
Romania,Teleorman,county,Uda-Clocociov,commune
Romania,Teleorman,county,Vedea,commune
Romania,Teleorman,county,Videle,town
Romania,Teleorman,county,Viișoara,commune
Romania,Teleorman,county,Vitănești,commune
Romania,Teleorman,county,Vârtoape,commune
Romania,Teleorman,county,Zimnicea,town
Romania,Teleorman,county,Zâmbreasca,commune
Romania,Teleorman,county,Ștorobăneasa,commune
Romania,Teleorman,county,Țigănești,commune
Romania,Timiș,county,Balinț,commune
Romania,Timiș,county,Banloc,commune
Romania,Timiș,county,Bara,commune
Romania,Timiș,county,Beba Veche,commune
Romania,Timiș,county,Becicherecu Mic,commune
Romania,Timiș,county,Belinț,commune
Romania,Timiș,county,Bethausen,commune
Romania,Timiș,county,Biled,commune
Romania,Timiș,county,Birda,commune
Romania,Timiș,county,Bogda,commune
Romania,Timiș,county,Boldur,commune
Romania,Timiș,county,Brestovăț,commune
Romania,Timiș,county,Bucovăț,commune
Romania,Timiș,county,Buziaș,town
Romania,Timiș,county,Bârna,commune
Romania,Timiș,county,Cenad,commune
Romania,Timiș,county,Cenei,commune
Romania,Timiș,county,Checea,commune
Romania,Timiș,county,Chevereșu Mare,commune
Romania,Timiș,county,Ciacova,town
Romania,Timiș,county,Comloșu Mare,commune
Romania,Timiș,county,Coșteiu,commune
Romania,Timiș,county,Criciova,commune
Romania,Timiș,county,Curtea,commune
Romania,Timiș,county,Cărpiniș,commune
Romania,Timiș,county,Darova,commune
Romania,Timiș,county,Denta,commune
Romania,Timiș,county,Deta,town
Romania,Timiș,county,Dudeștii Noi,commune
Romania,Timiș,county,Dudeștii Vechi,commune
Romania,Timiș,county,Dumbrava,commune
Romania,Timiș,county,Dumbrăvița,commune
Romania,Timiș,county,Fibiș,commune
Romania,Timiș,county,Foeni,commune
Romania,Timiș,county,Fârdea,commune
Romania,Timiș,county,Făget,town
Romania,Timiș,county,Gavojdia,commune
Romania,Timiș,county,Ghilad,commune
Romania,Timiș,county,Ghiroda,commune
Romania,Timiș,county,Ghizela,commune
Romania,Timiș,county,Giarmata,commune
Romania,Timiș,county,Giera,commune
Romania,Timiș,county,Giroc,commune
Romania,Timiș,county,Giulvăz,commune
Romania,Timiș,county,Gottlob,commune
Romania,Timiș,county,Gătaia,town
Romania,Timiș,county,Iecea Mare,commune
Romania,Timiș,county,Jamu Mare,commune
Romania,Timiș,county,Jebel,commune
Romania,Timiș,county,Jimbolia,town
Romania,Timiș,county,Lenauheim,commune
Romania,Timiș,county,Liebling,commune
Romania,Timiș,county,Livezile,commune
Romania,Timiș,county,Lovrin,commune
Romania,Timiș,county,Lugoj,municipality
Romania,Timiș,county,Margina,commune
Romania,Timiș,county,Mașloc,commune
Romania,Timiș,county,Moravița,commune
Romania,Timiș,county,Moșnița Nouă,commune
Romania,Timiș,county,Mănăștiur,commune
Romania,Timiș,county,Nițchidorf,commune
Romania,Timiș,county,Nădrag,commune
Romania,Timiș,county,Ohaba Lungă,commune
Romania,Timiș,county,Orțișoara,commune
Romania,Timiș,county,Otelec,commune
Romania,Timiș,county,Parța,commune
Romania,Timiș,county,Peciu Nou,commune
Romania,Timiș,county,Periam,commune
Romania,Timiș,county,Pesac,commune
Romania,Timiș,county,Pietroasa,commune
Romania,Timiș,county,Pișchia,commune
Romania,Timiș,county,Pădureni,commune
Romania,Timiș,county,Racovița,commune
Romania,Timiș,county,Recaș,town
Romania,Timiș,county,Remetea Mare,commune
Romania,Timiș,county,Sacoșu Turcesc,commune
Romania,Timiș,county,Saravale,commune
Romania,Timiș,county,Satchinez,commune
Romania,Timiș,county,Secaș,commune
Romania,Timiș,county,Sânandrei,commune
Romania,Timiș,county,Sânmihaiu Român,commune
Romania,Timiș,county,Sânnicolau Mare,town
Romania,Timiș,county,Sânpetru Mare,commune
Romania,Timiș,county,Săcălaz,commune
Romania,Timiș,county,Teremia Mare,commune
Romania,Timiș,county,Timișoara,municipality
Romania,Timiș,county,Tomești,commune
Romania,Timiș,county,Tomnatic,commune
Romania,Timiș,county,Topolovățu Mare,commune
Romania,Timiș,county,Tormac,commune
Romania,Timiș,county,Traian Vuia,commune
Romania,Timiș,county,Uivar,commune
Romania,Timiș,county,Variaș,commune
Romania,Timiș,county,Victor Vlad Delamarina,commune
Romania,Timiș,county,Voiteg,commune
Romania,Timiș,county,Vălcani,commune
Romania,Timiș,county,Șag,commune
Romania,Timiș,county,Șandra,commune
Romania,Timiș,county,Știuca,commune
Romania,Tulcea,county,Babadag,town
Romania,Tulcea,county,Baia,commune
Romania,Tulcea,county,Beidaud,commune
Romania,Tulcea,county,Beștepe,commune
Romania,Tulcea,county,C.A. Rosetti,commune
Romania,Tulcea,county,Carcaliu,commune
Romania,Tulcea,county,Casimcea,commune
Romania,Tulcea,county,Ceamurlia de Jos,commune
Romania,Tulcea,county,Ceatalchioi,commune
Romania,Tulcea,county,Cerna,commune
Romania,Tulcea,county,Chilia Veche,commune
Romania,Tulcea,county,Ciucurova,commune
Romania,Tulcea,county,Crișan,commune
Romania,Tulcea,county,Dorobanțu,commune
Romania,Tulcea,county,Dăeni,commune
Romania,Tulcea,county,Frecăței,commune
Romania,Tulcea,county,Greci,commune
Romania,Tulcea,county,Grindu,commune
Romania,Tulcea,county,Hamcearca,commune
Romania,Tulcea,county,Horia,commune
Romania,Tulcea,county,I.C. Brătianu,commune
Romania,Tulcea,county,Isaccea,town
Romania,Tulcea,county,Izvoarele,commune
Romania,Tulcea,county,Jijila,commune
Romania,Tulcea,county,Jurilovca,commune
Romania,Tulcea,county,Luncavița,commune
Romania,Tulcea,county,Mahmudia,commune
Romania,Tulcea,county,Maliuc,commune
Romania,Tulcea,county,Mihai Bravu,commune
Romania,Tulcea,county,Mihail Kogălniceanu,commune
Romania,Tulcea,county,Murighiol,commune
Romania,Tulcea,county,Măcin,town
Romania,Tulcea,county,Nalbant,commune
Romania,Tulcea,county,Niculițel,commune
Romania,Tulcea,county,Nufăru,commune
Romania,Tulcea,county,Ostrov,commune
Romania,Tulcea,county,Pardina,commune
Romania,Tulcea,county,Peceneaga,commune
Romania,Tulcea,county,Sarichioi,commune
Romania,Tulcea,county,Sfântu Gheorghe,commune
Romania,Tulcea,county,Slava Cercheză,commune
Romania,Tulcea,county,Smârdan,commune
Romania,Tulcea,county,Somova,commune
Romania,Tulcea,county,Stejaru,commune
Romania,Tulcea,county,Sulina,town
Romania,Tulcea,county,Topolog,commune
Romania,Tulcea,county,Tulcea,municipality
Romania,Tulcea,county,Turcoaia,commune
Romania,Tulcea,county,Valea Nucarilor,commune
Romania,Tulcea,county,Valea Teilor,commune
Romania,Tulcea,county,Văcăreni,commune
Romania,Vaslui,county,Albești,commune
Romania,Vaslui,county,Alexandru Vlahuță,commune
Romania,Vaslui,county,Arsura,commune
Romania,Vaslui,county,Banca,commune
Romania,Vaslui,county,Berezeni,commune
Romania,Vaslui,county,Blăgești,commune
Romania,Vaslui,county,Bogdana,commune
Romania,Vaslui,county,Bogdănești,commune
Romania,Vaslui,county,Bogdănița,commune
Romania,Vaslui,county,Boțești,commune
Romania,Vaslui,county,Bunești-Averești,commune
Romania,Vaslui,county,Bârlad,municipality
Romania,Vaslui,county,Băcani,commune
Romania,Vaslui,county,Băcești,commune
Romania,Vaslui,county,Bălteni,commune
Romania,Vaslui,county,Ciocani,commune
Romania,Vaslui,county,Codăești,commune
Romania,Vaslui,county,Coroiești,commune
Romania,Vaslui,county,Costești,commune
Romania,Vaslui,county,Cozmești,commune
Romania,Vaslui,county,Crețești,commune
Romania,Vaslui,county,Deleni,commune
Romania,Vaslui,county,Delești,commune
Romania,Vaslui,county,Dimitrie Cantemir,commune
Romania,Vaslui,county,Dodești,commune
Romania,Vaslui,county,Dragomirești,commune
Romania,Vaslui,county,Drânceni,commune
Romania,Vaslui,county,Duda-Epureni,commune
Romania,Vaslui,county,Dumești,commune
Romania,Vaslui,county,Dănești,commune
Romania,Vaslui,county,Epureni,commune
Romania,Vaslui,county,Ferești,commune
Romania,Vaslui,county,Fruntișeni,commune
Romania,Vaslui,county,Fălciu,commune
Romania,Vaslui,county,Gherghești,commune
Romania,Vaslui,county,Grivița,commune
Romania,Vaslui,county,Gârceni,commune
Romania,Vaslui,county,Găgești,commune
Romania,Vaslui,county,Hoceni,commune
Romania,Vaslui,county,Huși,municipality
Romania,Vaslui,county,Iana,commune
Romania,Vaslui,county,Ibănești,commune
Romania,Vaslui,county,Ivești,commune
Romania,Vaslui,county,Ivănești,commune
Romania,Vaslui,county,Laza,commune
Romania,Vaslui,county,Lipovăț,commune
Romania,Vaslui,county,Lunca Banului,commune
Romania,Vaslui,county,Miclești,commune
Romania,Vaslui,county,Muntenii de Jos,commune
Romania,Vaslui,county,Muntenii de Sus,commune
Romania,Vaslui,county,Murgeni,town
Romania,Vaslui,county,Mălușteni,commune
Romania,Vaslui,county,Negrești,town
Romania,Vaslui,county,Oltenești,commune
Romania,Vaslui,county,Oșești,commune
Romania,Vaslui,county,Perieni,commune
Romania,Vaslui,county,Pochidia,commune
Romania,Vaslui,county,Pogana,commune
Romania,Vaslui,county,Pogonești,commune
Romania,Vaslui,county,Poienești,commune
Romania,Vaslui,county,Puiești,commune
Romania,Vaslui,county,Pungești,commune
Romania,Vaslui,county,Pușcași,commune
Romania,Vaslui,county,Pădureni,commune
Romania,Vaslui,county,Rafaila,commune
Romania,Vaslui,county,Rebricea,commune
Romania,Vaslui,county,Roșiești,commune
Romania,Vaslui,county,Solești,commune
Romania,Vaslui,county,Stănilești,commune
Romania,Vaslui,county,Tanacu,commune
Romania,Vaslui,county,Todirești,commune
Romania,Vaslui,county,Tutova,commune
Romania,Vaslui,county,Tăcuta,commune
Romania,Vaslui,county,Tătărăni,commune
Romania,Vaslui,county,Vaslui,municipality
Romania,Vaslui,county,Vetrișoaia,commune
Romania,Vaslui,county,Viișoara,commune
Romania,Vaslui,county,Vinderei,commune
Romania,Vaslui,county,Voinești,commune
Romania,Vaslui,county,Vulturești,commune
Romania,Vaslui,county,Vutcani,commune
Romania,Vaslui,county,Văleni,commune
Romania,Vaslui,county,Zorleni,commune
Romania,Vaslui,county,Zăpodeni,commune
Romania,Vaslui,county,Ștefan cel Mare,commune
Romania,Vaslui,county,Șuletea,commune
Romania,Vrancea,county, Adjud,municipality
Romania,Vrancea,county,Andreiașu de Jos,commune
Romania,Vrancea,county,Biliești,commune
Romania,Vrancea,county,Boghești,commune
Romania,Vrancea,county,Bolotești,commune
Romania,Vrancea,county,Bordești,commune
Romania,Vrancea,county,Broșteni,commune
Romania,Vrancea,county,Bârsești,commune
Romania,Vrancea,county,Bălești,commune
Romania,Vrancea,county,Chiojdeni,commune
Romania,Vrancea,county,Ciorăști,commune
Romania,Vrancea,county,Corbița,commune
Romania,Vrancea,county,Cotești,commune
Romania,Vrancea,county,Câmpineanca,commune
Romania,Vrancea,county,Câmpuri,commune
Romania,Vrancea,county,Cârligele,commune
Romania,Vrancea,county,Dumbrăveni,commune
Romania,Vrancea,county,Dumitrești,commune
Romania,Vrancea,county,Fitionești,commune
Romania,Vrancea,county,Focșani,municipality
Romania,Vrancea,county,Garoafa,commune
Romania,Vrancea,county,Golești,commune
Romania,Vrancea,county,Gologanu,commune
Romania,Vrancea,county,Gugești,commune
Romania,Vrancea,county,Gura Caliței,commune
Romania,Vrancea,county,Homocea,commune
Romania,Vrancea,county,Jariștea,commune
Romania,Vrancea,county,Jitia,commune
Romania,Vrancea,county,Mera,commune
Romania,Vrancea,county,Milcovul,commune
Romania,Vrancea,county,Movilița,commune
Romania,Vrancea,county,Măicănești,commune
Romania,Vrancea,county,Mărășești,town
Romania,Vrancea,county,Negrilești,commune
Romania,Vrancea,county,Nereju,commune
Romania,Vrancea,county,Nistorești,commune
Romania,Vrancea,county,Nănești,commune
Romania,Vrancea,county,Năruja,commune
Romania,Vrancea,county,Obrejița,commune
Romania,Vrancea,county,Odobești,town
Romania,Vrancea,county,Paltin,commune
Romania,Vrancea,county,Panciu,town
Romania,Vrancea,county,Ploscuțeni,commune
Romania,Vrancea,county,Poiana Cristei,commune
Romania,Vrancea,county,Popești,commune
Romania,Vrancea,county,Pufești,commune
Romania,Vrancea,county,Păulești,commune
Romania,Vrancea,county,Păunești,commune
Romania,Vrancea,county,Reghiu,commune
Romania,Vrancea,county,Ruginești,commune
Romania,Vrancea,county,Răcoasa,commune
Romania,Vrancea,county,Răstoaca,commune
Romania,Vrancea,county,Sihlea,commune
Romania,Vrancea,county,Slobozia Bradului,commune
Romania,Vrancea,county,Slobozia Ciorăști,commune
Romania,Vrancea,county,Soveja,commune
Romania,Vrancea,county,Spulber,commune
Romania,Vrancea,county,Străoane,commune
Romania,Vrancea,county,Suraia,commune
Romania,Vrancea,county,Tulnici,commune
Romania,Vrancea,county,Tâmboești,commune
Romania,Vrancea,county,Tănăsoaia,commune
Romania,Vrancea,county,Tătăranu,commune
Romania,Vrancea,county,Urechești,commune
Romania,Vrancea,county,Valea Sării,commune
Romania,Vrancea,county,Vidra,commune
Romania,Vrancea,county,Vintileasca,commune
Romania,Vrancea,county,Vizantea-Livezi,commune
Romania,Vrancea,county,Vrâncioaia,commune
Romania,Vrancea,county,Vulturu,commune
Romania,Vrancea,county,Vânători,commune
Romania,Vrancea,county,Vârteșcoiu,commune
Romania,Vrancea,county,Țifești,commune
Romania,Vâlcea,county,Alunu,commune
Romania,Vâlcea,county,Amărăști,commune
Romania,Vâlcea,county,Berbești,town
Romania,Vâlcea,county,Berislăvești,commune
Romania,Vâlcea,county,Boișoara,commune
Romania,Vâlcea,county,Brezoi,town
Romania,Vâlcea,county,Budești,commune
Romania,Vâlcea,county,Bujoreni,commune
Romania,Vâlcea,county,Bunești,commune
Romania,Vâlcea,county,Băbeni,town
Romania,Vâlcea,county,Băile Govora,town
Romania,Vâlcea,county,Băile Olănești,town
Romania,Vâlcea,county,Bălcești,town
Romania,Vâlcea,county,Bărbătești,commune
Romania,Vâlcea,county,Cernișoara,commune
Romania,Vâlcea,county,Copăceni,commune
Romania,Vâlcea,county,Costești,commune
Romania,Vâlcea,county,Crețeni,commune
Romania,Vâlcea,county,Câineni,commune
Romania,Vâlcea,county,Călimănești,town
Romania,Vâlcea,county,Diculești,commune
Romania,Vâlcea,county,Drăgoești,commune
Romania,Vâlcea,county,Drăgășani,municipality
Romania,Vâlcea,county,Dăești,commune
Romania,Vâlcea,county,Dănicei,commune
Romania,Vâlcea,county,Frâncești,commune
Romania,Vâlcea,county,Fârtățești,commune
Romania,Vâlcea,county,Făurești,commune
Romania,Vâlcea,county,Galicea,commune
Romania,Vâlcea,county,Ghioroiu,commune
Romania,Vâlcea,county,Glăvile,commune
Romania,Vâlcea,county,Golești,commune
Romania,Vâlcea,county,Grădiștea,commune
Romania,Vâlcea,county,Gușoeni,commune
Romania,Vâlcea,county,Horezu,town
Romania,Vâlcea,county,Ionești,commune
Romania,Vâlcea,county,Laloșu,commune
Romania,Vâlcea,county,Livezi,commune
Romania,Vâlcea,county,Lungești,commune
Romania,Vâlcea,county,Lăcusteni,commune
Romania,Vâlcea,county,Lădești,commune
Romania,Vâlcea,county,Lăpușata,commune
Romania,Vâlcea,county,Malaia,commune
Romania,Vâlcea,county,Mateești,commune
Romania,Vâlcea,county,Mihăești,commune
Romania,Vâlcea,county,Milcoiu,commune
Romania,Vâlcea,county,Mitrofani,commune
Romania,Vâlcea,county,Muereasca,commune
Romania,Vâlcea,county,Măciuca,commune
Romania,Vâlcea,county,Mădulari,commune
Romania,Vâlcea,county,Măldărești,commune
Romania,Vâlcea,county,Nicolae Bălcescu,commune
Romania,Vâlcea,county,Ocnele Mari,town
Romania,Vâlcea,county,Olanu,commune
Romania,Vâlcea,county,Orlești,commune
Romania,Vâlcea,county,Oteșani,commune
Romania,Vâlcea,county,Perișani,commune
Romania,Vâlcea,county,Pesceana,commune
Romania,Vâlcea,county,Pietrari,commune
Romania,Vâlcea,county,Popești,commune
Romania,Vâlcea,county,Prundeni,commune
Romania,Vâlcea,county,Păușești,commune
Romania,Vâlcea,county,Păușești-Măglași,commune
Romania,Vâlcea,county,Racovița,commune
Romania,Vâlcea,county,Roești,commune
Romania,Vâlcea,county,Roșiile,commune
Romania,Vâlcea,county,Runcu,commune
Romania,Vâlcea,county,Râmnicu Vâlcea,municipality
Romania,Vâlcea,county,Scundu,commune
Romania,Vâlcea,county,Sinești,commune
Romania,Vâlcea,county,Slătioara,commune
Romania,Vâlcea,county,Stoenești,commune
Romania,Vâlcea,county,Stoilești,commune
Romania,Vâlcea,county,Stroești,commune
Romania,Vâlcea,county,Stănești,commune
Romania,Vâlcea,county,Sutești,commune
Romania,Vâlcea,county,Sălătrucel,commune
Romania,Vâlcea,county,Tetoiu,commune
Romania,Vâlcea,county,Titești,commune
Romania,Vâlcea,county,Tomșani,commune
Romania,Vâlcea,county,Vaideeni,commune
Romania,Vâlcea,county,Valea Mare,commune
Romania,Vâlcea,county,Vlădești,commune
Romania,Vâlcea,county,Voicești,commune
Romania,Vâlcea,county,Voineasa,commune
Romania,Vâlcea,county,Zătreni,commune
Romania,Vâlcea,county,Șirineasa,commune
Romania,Vâlcea,county,Ștefănești,commune
Romania,Vâlcea,county,Șușani,commune
Russia,Adygea,republic,Giaginskaya,raion
Russia,Adygea,republic,Koshekhabl,raion
Russia,Adygea,republic,Krasnogvardeyskoye,raion
Russia,Adygea,republic,Maykop,raion
Russia,Adygea,republic,Khakurinokhabl,raion
Russia,Adygea,republic,Takhtamukay,raion
Russia,Adygea,republic,Ponezhukay,raion
Russia,Adygea,republic,Maykop,urban okrug
Russia,Adygea,republic,Adygeysk,urban okrug
Russia,Altai,krai,Aleysk,raion
Russia,Altai,krai,Altayskoye,raion
Russia,Altai,krai,Bayevo,raion
Russia,Altai,krai,Biysk,raion
Russia,Altai,krai,Blagoveshchenka,raion
Russia,Altai,krai,Burla,raion
Russia,Altai,krai,Bystry Istok,raion
Russia,Altai,krai,Charyshskoye,raion
Russia,Altai,krai,Kalmanka,raion
Russia,Altai,krai,Kamen-na-Obi,raion
Russia,Altai,krai,Khabary,raion
Russia,Altai,krai,Klyuchi,raion
Russia,Altai,krai,Kosikha,raion
Russia,Altai,krai,Krasnogorskoye,raion
Russia,Altai,krai,Krasnoshchyokovo,raion
Russia,Altai,krai,Krutikha,raion
Russia,Altai,krai,Kulunda,raion
Russia,Altai,krai,Kurya,raion
Russia,Altai,krai,Kytmanovo,raion
Russia,Altai,krai,Lokot,raion
Russia,Altai,krai,Mamontovo,raion
Russia,Altai,krai,Mikhaylovskoye,raion
Russia,Altai,krai,German National,raion
Russia,Altai,krai,Novichikha,raion
Russia,Altai,krai,Pankrushikha,raion
Russia,Altai,krai,Pavlovsk,raion
Russia,Altai,krai,Novoaltaysk,raion
Russia,Altai,krai,Petropavlovskoye,raion
Russia,Altai,krai,Pospelikha,raion
Russia,Altai,krai,Rebrikha,raion
Russia,Altai,krai,Rodino,raion
Russia,Altai,krai,Romanovo,raion
Russia,Altai,krai,Rubtsovsk,raion
Russia,Altai,krai,Shelabolikha,raion
Russia,Altai,krai,Shipunovo,raion
Russia,Altai,krai,Smolenskoye,raion
Russia,Altai,krai,Soloneshnoye,raion
Russia,Altai,krai,Solton,raion
Russia,Altai,krai,Sovetskoye,raion
Russia,Altai,krai,Verkh-Suyetka,raion
Russia,Altai,krai,Tabuny,raion
Russia,Altai,krai,Talmenka,raion
Russia,Altai,krai,Togul,raion
Russia,Altai,krai,Topchikha,raion
Russia,Altai,krai,Tretyakovo,raion
Russia,Altai,krai,Troitskoye,raion
Russia,Altai,krai,Tselinnoye,raion
Russia,Altai,krai,Tyumentsevo,raion
Russia,Altai,krai,Uglovskoye,raion
Russia,Altai,krai,Ust-Kalmanka,raion
Russia,Altai,krai,Ust-Charyshskaya Pristan,raion
Russia,Altai,krai,Volchikha,raion
Russia,Altai,krai,Novoyegoryevskoye,raion
Russia,Altai,krai,Yeltsovka,raion
Russia,Altai,krai,Zalesovo,raion
Russia,Altai,krai,Zarinsk,raion
Russia,Altai,krai,Zavyalovo,raion
Russia,Altai,krai,Zmeinogorsk,raion
Russia,Altai,krai,Zonalnoye,raion
Russia,Altai,krai,Aleysk,urban okrug
Russia,Altai,krai,Barnaul,urban okrug
Russia,Altai,krai,Belokurikha,urban okrug
Russia,Altai,krai,Biysk,urban okrug
Russia,Altai,krai,Novoaltaysk,urban okrug
Russia,Altai,krai,Rubtsovsk,urban okrug
Russia,Altai,krai,Sibirsky,urban okrug
Russia,Altai,krai,Slavgorod,urban okrug
Russia,Altai,krai,Yarovoye,urban okrug
Russia,Altai,krai,Zarinsk,urban okrug
Russia,Altai,republic,Chemal,raion
Russia,Altai,republic,Choya,raion
Russia,Altai,republic,Kosh-Agach,raion
Russia,Altai,republic,Mayma,raion
Russia,Altai,republic,Onguday,raion
Russia,Altai,republic,Shebalino,raion
Russia,Altai,republic,Turochak,raion
Russia,Altai,republic,Ulagan,raion
Russia,Altai,republic,Ust-Kan,raion
Russia,Altai,republic,Ust-Koksa,raion
Russia,Altai,republic,Gorno-Altaysk,urban okrug
Russia,Amur,oblast,Arkhara,raion
Russia,Amur,oblast,Belogorsk,raion
Russia,Amur,oblast,Blagoveshchensk,raion
Russia,Amur,oblast,Bureya,raion
Russia,Amur,oblast,Ekimchan,raion
Russia,Amur,oblast,Ivanovka,raion
Russia,Amur,oblast,Konstantinovka,raion
Russia,Amur,oblast,Magdagachi,raion
Russia,Amur,oblast,Mazanovo,raion
Russia,Amur,oblast,Poyarkovo,raion
Russia,Amur,oblast,Romny,raion
Russia,Amur,oblast,Seryshevo,raion
Russia,Amur,oblast,Shimanovsk,raion
Russia,Amur,oblast,Skovorodino,raion
Russia,Amur,oblast,Svobodny,raion
Russia,Amur,oblast,Tambovka,raion
Russia,Amur,oblast,Tynda,raion
Russia,Amur,oblast,Yekaterinoslavka,raion
Russia,Amur,oblast,Zavitinsk,raion
Russia,Amur,oblast,Zeya,raion
Russia,Amur,oblast,Belogorsk,urban okrug
Russia,Amur,oblast,Blagoveshchensk,urban okrug
Russia,Amur,oblast,Progress,urban okrug
Russia,Amur,oblast,Raychikhinsk,urban okrug
Russia,Amur,oblast,Shimanovsk,urban okrug
Russia,Amur,oblast,Svobodny,urban okrug
Russia,Amur,oblast,Tsiolkovsky,urban okrug
Russia,Amur,oblast,Tynda,urban okrug
Russia,Amur,oblast,Zeya,urban okrug
Russia,Arkhangelsk,oblast,Arkhangelsk,raion
Russia,Arkhangelsk,oblast,Bereznik,raion
Russia,Arkhangelsk,oblast,Kargopol,raion
Russia,Arkhangelsk,oblast,Kholmogory,raion
Russia,Arkhangelsk,oblast,Konosha,raion
Russia,Arkhangelsk,oblast,Kotlas,raion
Russia,Arkhangelsk,oblast,Krasnoborsk,raion
Russia,Arkhangelsk,oblast,Leshukonskoye,raion
Russia,Arkhangelsk,oblast,Mezen,raion
Russia,Arkhangelsk,oblast,Novaya Zemlya,raion
Russia,Arkhangelsk,oblast,Nyandoma,raion
Russia,Arkhangelsk,oblast,Oktyabrsky,raion
Russia,Arkhangelsk,oblast,Onega,raion
Russia,Arkhangelsk,oblast,Pinega,raion
Russia,Arkhangelsk,oblast,Plesetsk,raion
Russia,Arkhangelsk,oblast,Shenkursk,raion
Russia,Arkhangelsk,oblast,Solovetsky,raion
Russia,Arkhangelsk,oblast,Velsk,raion
Russia,Arkhangelsk,oblast,Verkhnyaya Toyma,raion
Russia,Arkhangelsk,oblast,Vilegodsk,raion
Russia,Arkhangelsk,oblast,Yarensk,raion
Russia,Arkhangelsk,oblast,Arkhangelsk,urban okrug
Russia,Arkhangelsk,oblast,Koryazhma,urban okrug
Russia,Arkhangelsk,oblast,Kotlas,urban okrug
Russia,Arkhangelsk,oblast,Mirny,urban okrug
Russia,Arkhangelsk,oblast,Novodvinsk,urban okrug
Russia,Arkhangelsk,oblast,Severodvinsk,urban okrug
Russia,Astrakhan,oblast,Akhtubinsk,raion
Russia,Astrakhan,oblast,Cherny Yar,raion
Russia,Astrakhan,oblast,Ikryanoye,raion
Russia,Astrakhan,oblast,Kharabali,raion
Russia,Astrakhan,oblast,Kamyzyak,raion
Russia,Astrakhan,oblast,Krasny Yar,raion
Russia,Astrakhan,oblast,Liman,raion
Russia,Astrakhan,oblast,Nachalovo,raion
Russia,Astrakhan,oblast,Narimanov,raion
Russia,Astrakhan,oblast,Volodarsky,raion
Russia,Astrakhan,oblast,Yenotayevka,raion
Russia,Astrakhan,oblast,Astrakhan,urban okrug
Russia,Astrakhan,oblast,Znamensk,urban okrug
Russia,Bashkortostan,republic,Akyar,raion
Russia,Bashkortostan,republic,Arkhangelskoye,raion
Russia,Bashkortostan,republic,Askarovo,raion
Russia,Bashkortostan,republic,Askino,raion
Russia,Bashkortostan,republic,Bakaly,raion
Russia,Bashkortostan,republic,Baymak,raion
Russia,Bashkortostan,republic,Belebey,raion
Russia,Bashkortostan,republic,Beloretsk,raion
Russia,Bashkortostan,republic,Birsk,raion
Russia,Bashkortostan,republic,Bizhbulyak,raion
Russia,Bashkortostan,republic,Blagoveshchensk,raion
Russia,Bashkortostan,republic,Bolsheustikinskoye,raion
Russia,Bashkortostan,republic,Burayevo,raion
Russia,Bashkortostan,republic,Buzdyak,raion
Russia,Bashkortostan,republic,Chekmagush,raion
Russia,Bashkortostan,republic,Chishmy,raion
Russia,Bashkortostan,republic,Davlekanovo,raion
Russia,Bashkortostan,republic,Dyurtyuli,raion
Russia,Bashkortostan,republic,Fyodorovka,raion
Russia,Bashkortostan,republic,Iglino,raion
Russia,Bashkortostan,republic,Ishimbay,raion
Russia,Bashkortostan,republic,Isyangulovo,raion
Russia,Bashkortostan,republic,Kaltasy,raion
Russia,Bashkortostan,republic,Karaidel,raion
Russia,Bashkortostan,republic,Karmaskaly,raion
Russia,Bashkortostan,republic,Kirgiz-Miyaki,raion
Russia,Bashkortostan,republic,Krasnaya Gorka,raion
Russia,Bashkortostan,republic,Krasnousolsky,raion
Russia,Bashkortostan,republic,Kushnarenkovo,raion
Russia,Bashkortostan,republic,Maloyaz,raion
Russia,Bashkortostan,republic,Meleuz,raion
Russia,Bashkortostan,republic,Mesyagutovo,raion
Russia,Bashkortostan,republic,Mishkino,raion
Russia,Bashkortostan,republic,Mrakovo,raion
Russia,Bashkortostan,republic,Nikolo-Beryozovka,raion
Russia,Bashkortostan,republic,Novobelokatay,raion
Russia,Bashkortostan,republic,Rayevsky,raion
Russia,Bashkortostan,republic,Sharan,raion
Russia,Bashkortostan,republic,Starobaltachevo,raion
Russia,Bashkortostan,republic,Starosubkhangulovo,raion
Russia,Bashkortostan,republic,Sterlibashevo,raion
Russia,Bashkortostan,republic,Sterlitamak,raion
Russia,Bashkortostan,republic,Tolbazy,raion
Russia,Bashkortostan,republic,Tuymazy,raion
Russia,Bashkortostan,republic,Uchaly,raion
Russia,Bashkortostan,republic,Ufa,raion
Russia,Bashkortostan,republic,Verkhneyarkeyevo,raion
Russia,Bashkortostan,republic,Verkhniye Kigi,raion
Russia,Bashkortostan,republic,Verkhniye Tatyshly,raion
Russia,Bashkortostan,republic,Yanaul,raion
Russia,Bashkortostan,republic,Yazykovo,raion
Russia,Bashkortostan,republic,Yermekeyevo,raion
Russia,Bashkortostan,republic,Yermolayevo,raion
Russia,Bashkortostan,republic,Zilair,raion
Russia,Bashkortostan,republic,Agidel,urban okrug
Russia,Bashkortostan,republic,Kumertau,urban okrug
Russia,Bashkortostan,republic,Mezhgorye,urban okrug
Russia,Bashkortostan,republic,Neftekamsk,urban okrug
Russia,Bashkortostan,republic,Oktyabrsky,urban okrug
Russia,Bashkortostan,republic,Salavat,urban okrug
Russia,Bashkortostan,republic,Sibay,urban okrug
Russia,Bashkortostan,republic,Sterlitamak,urban okrug
Russia,Bashkortostan,republic,Ufa,urban okrug
Russia,Belgorod,oblast,Alexeyevka,raion
Russia,Belgorod,oblast,Belgorod,raion
Russia,Belgorod,oblast,Biryuch,raion
Russia,Belgorod,oblast,Borisovka,raion
Russia,Belgorod,oblast,Chernyanka,raion
Russia,Belgorod,oblast,Grayvoron,raion
Russia,Belgorod,oblast,Gubkin,raion
Russia,Belgorod,oblast,Ivnya,raion
Russia,Belgorod,oblast,Korocha,raion
Russia,Belgorod,oblast,Krasnaya Yaruga,raion
Russia,Belgorod,oblast,Krasnoye,raion
Russia,Belgorod,oblast,Novy Oskol,raion
Russia,Belgorod,oblast,Prokhorovka,raion
Russia,Belgorod,oblast,Rakitnoye,raion
Russia,Belgorod,oblast,Rovenki,raion
Russia,Belgorod,oblast,Shebekino,raion
Russia,Belgorod,oblast,Stary Oskol,raion
Russia,Belgorod,oblast,Valuyki,raion
Russia,Belgorod,oblast,Veydelevka,raion
Russia,Belgorod,oblast,Volokonovka,raion
Russia,Belgorod,oblast,Yakovlevo,raion
Russia,Belgorod,oblast,Alexeyevka,urban okrug
Russia,Belgorod,oblast,Belgorod,urban okrug
Russia,Belgorod,oblast,Gubkin,urban okrug
Russia,Belgorod,oblast,Shebekino,urban okrug
Russia,Belgorod,oblast,Stary Oskol,urban okrug
Russia,Belgorod,oblast,Valuyki,urban okrug
Russia,Bryansk,oblast,Brasovo,raion
Russia,Bryansk,oblast,Bryansk,raion
Russia,Bryansk,oblast,Dubrovka,raion
Russia,Bryansk,oblast,Dyatkovo,raion
Russia,Bryansk,oblast,Gordeyevka,raion
Russia,Bryansk,oblast,Karachev,raion
Russia,Bryansk,oblast,Kletnya,raion
Russia,Bryansk,oblast,Klimovo,raion
Russia,Bryansk,oblast,Klintsy,raion
Russia,Bryansk,oblast,Komarichi,raion
Russia,Bryansk,oblast,Krasnaya Gora,raion
Russia,Bryansk,oblast,Mglin,raion
Russia,Bryansk,oblast,Navlya,raion
Russia,Bryansk,oblast,Novozybkov,raion
Russia,Bryansk,oblast,Pochep,raion
Russia,Bryansk,oblast,Pogar,raion
Russia,Bryansk,oblast,Rognedino,raion
Russia,Bryansk,oblast,Sevsk,raion
Russia,Bryansk,oblast,Starodub,raion
Russia,Bryansk,oblast,Surazh,raion
Russia,Bryansk,oblast,Suzemka,raion
Russia,Bryansk,oblast,Trubchevsk,raion
Russia,Bryansk,oblast,Unecha,raion
Russia,Bryansk,oblast,Vygonichi,raion
Russia,Bryansk,oblast,Zhiryatino,raion
Russia,Bryansk,oblast,Zhukovka,raion
Russia,Bryansk,oblast,Zlynka,raion
Russia,Bryansk,oblast,Bryansk,urban okrug
Russia,Bryansk,oblast,Klintsy,urban okrug
Russia,Bryansk,oblast,Novozybkov,urban okrug
Russia,Bryansk,oblast,Seltso,urban okrug
Russia,Buryatia,republic,Bagdarin,raion
Russia,Buryatia,republic,Barguzin,raion
Russia,Buryatia,republic,Bichura,raion
Russia,Buryatia,republic,Dzhida,raion
Russia,Buryatia,republic,Gusinoozyorsk,raion
Russia,Buryatia,republic,Ivolginsk,raion
Russia,Buryatia,republic,Kabansk,raion
Russia,Buryatia,republic,Khorinsk,raion
Russia,Buryatia,republic,Kizhinga,raion
Russia,Buryatia,republic,Kurumkan,raion
Russia,Buryatia,republic,Kyakhta,raion
Russia,Buryatia,republic,Kyren,raion
Russia,Buryatia,republic,Mukhorshibir,raion
Russia,Buryatia,republic,Nizhneangarsk,raion
Russia,Buryatia,republic,Orlik,raion
Russia,Buryatia,republic,Sosnovo-Ozerskoye,raion
Russia,Buryatia,republic,Taksimo,raion
Russia,Buryatia,republic,Tarbagatay,raion
Russia,Buryatia,republic,Turuntayevo,raion
Russia,Buryatia,republic,Zaigrayevo,raion
Russia,Buryatia,republic,Zakamensk,raion
Russia,Buryatia,republic,Severobaykalsk,urban okrug
Russia,Buryatia,republic,Ulan-Ude,urban okrug
Russia,Chechnya,republic,Achkhoy-Martan,raion
Russia,Chechnya,republic,Grozny,raion
Russia,Chechnya,republic,Gudermes,raion
Russia,Chechnya,republic,Itum-Kali,raion
Russia,Chechnya,republic,Kurchaloy,raion
Russia,Chechnya,republic,Naurskaya,raion
Russia,Chechnya,republic,Nozhay-Yurt,raion
Russia,Chechnya,republic,Sernovodskoye,raion
Russia,Chechnya,republic,Shali,raion
Russia,Chechnya,republic,Sharoy,raion
Russia,Chechnya,republic,Shatoy,raion
Russia,Chechnya,republic,Shelkovskaya,raion
Russia,Chechnya,republic,Urus-Martan,raion
Russia,Chechnya,republic,Vedeno,raion
Russia,Chechnya,republic,Znamenskoye,raion
Russia,Chechnya,republic,Argun,urban okrug
Russia,Chechnya,republic,Grozny,urban okrug
Russia,Chechnya,republic,Gudermes,urban okrug
Russia,Chelyabinsk,oblast,Agapovka,raion
Russia,Chelyabinsk,oblast,Argayash,raion
Russia,Chelyabinsk,oblast,Asha,raion
Russia,Chelyabinsk,oblast,Bredy,raion
Russia,Chelyabinsk,oblast,Chebarkul,raion
Russia,Chelyabinsk,oblast,Chesma,raion
Russia,Chelyabinsk,oblast,Dolgoderevenskoye,raion
Russia,Chelyabinsk,oblast,Fershampenuaz,raion
Russia,Chelyabinsk,oblast,Kartaly,raion
Russia,Chelyabinsk,oblast,Kasli,raion
Russia,Chelyabinsk,oblast,Katav-Ivanovsk,raion
Russia,Chelyabinsk,oblast,Kizilskoye,raion
Russia,Chelyabinsk,oblast,Korkino,raion
Russia,Chelyabinsk,oblast,Kunashak,raion
Russia,Chelyabinsk,oblast,Kusa,raion
Russia,Chelyabinsk,oblast,Miasskoye,raion
Russia,Chelyabinsk,oblast,Nyazepetrovsk,raion
Russia,Chelyabinsk,oblast,Oktyabrskoye,raion
Russia,Chelyabinsk,oblast,Plast,raion
Russia,Chelyabinsk,oblast,Satka,raion
Russia,Chelyabinsk,oblast,Troitsk,raion
Russia,Chelyabinsk,oblast,Uvelsky,raion
Russia,Chelyabinsk,oblast,Uyskoye,raion
Russia,Chelyabinsk,oblast,Varna,raion
Russia,Chelyabinsk,oblast,Verkhneuralsk,raion
Russia,Chelyabinsk,oblast,Yemanzhelinsk,raion
Russia,Chelyabinsk,oblast,Yetkul,raion
Russia,Chelyabinsk,oblast,Chebarkul,urban okrug
Russia,Chelyabinsk,oblast,Chelyabinsk,urban okrug
Russia,Chelyabinsk,oblast,Karabash,urban okrug
Russia,Chelyabinsk,oblast,Kopeysk,urban okrug
Russia,Chelyabinsk,oblast,Kyshtym,urban okrug
Russia,Chelyabinsk,oblast,Lokomotivny,urban okrug
Russia,Chelyabinsk,oblast,Magnitogorsk,urban okrug
Russia,Chelyabinsk,oblast,Miass,urban okrug
Russia,Chelyabinsk,oblast,Ozyorsk,urban okrug
Russia,Chelyabinsk,oblast,Snezhinsk,urban okrug
Russia,Chelyabinsk,oblast,Troitsk,urban okrug
Russia,Chelyabinsk,oblast,Tryokhgorny,urban okrug
Russia,Chelyabinsk,oblast,Ust-Katav,urban okrug
Russia,Chelyabinsk,oblast,Verkhny Ufaley,urban okrug
Russia,Chelyabinsk,oblast,Yuzhnouralsk,urban okrug
Russia,Chelyabinsk,oblast,Zlatoust,urban okrug
Russia,Chukotka,autonomous okrug,Anadyr,raion
Russia,Chukotka,autonomous okrug,Bilibino,raion
Russia,Chukotka,autonomous okrug,Egvekinot,raion
Russia,Chukotka,autonomous okrug,Lavrentiya,raion
Russia,Chukotka,autonomous okrug,Pevek,raion
Russia,Chukotka,autonomous okrug,Provideniya,raion
Russia,Chukotka,autonomous okrug,Anadyr,urban okrug
Russia,Chuvashia,republic,Alatyr,raion
Russia,Chuvashia,republic,Alikovo,raion
Russia,Chuvashia,republic,Batyrevo,raion
Russia,Chuvashia,republic,Cheboksary,raion
Russia,Chuvashia,republic,Ibresi,raion
Russia,Chuvashia,republic,Kanash,raion
Russia,Chuvashia,republic,Komsomolskoye,raion
Russia,Chuvashia,republic,Kozlovka,raion
Russia,Chuvashia,republic,Krasnoarmeyskoye,raion
Russia,Chuvashia,republic,Krasnye Chetai,raion
Russia,Chuvashia,republic,Mariinsky Posad,raion
Russia,Chuvashia,republic,Morgaushi,raion
Russia,Chuvashia,republic,Poretskoye,raion
Russia,Chuvashia,republic,Shemursha,raion
Russia,Chuvashia,republic,Shumerlya,raion
Russia,Chuvashia,republic,Tsivilsk,raion
Russia,Chuvashia,republic,Urmary,raion
Russia,Chuvashia,republic,Vurnary,raion
Russia,Chuvashia,republic,Yadrin,raion
Russia,Chuvashia,republic,Yalchiki,raion
Russia,Chuvashia,republic,Yantikovo,raion
Russia,Chuvashia,republic,Alatyr,urban okrug
Russia,Chuvashia,republic,Cheboksary,urban okrug
Russia,Chuvashia,republic,Kanash,urban okrug
Russia,Chuvashia,republic,Novocheboksarsk,urban okrug
Russia,Chuvashia,republic,Shumerlya,urban okrug
Russia,Dagestan,republic,Agvali,raion
Russia,Dagestan,republic,Akhty,raion
Russia,Dagestan,republic,Akusha,raion
Russia,Dagestan,republic,Babayurt,raion
Russia,Dagestan,republic,Botlikh,raion
Russia,Dagestan,republic,Buynaksk,raion
Russia,Dagestan,republic,Derbent,raion
Russia,Dagestan,republic,Gergebil,raion
Russia,Dagestan,republic,Gunib,raion
Russia,Dagestan,republic,Karabudakhkent,raion
Russia,Dagestan,republic,Karata,raion
Russia,Dagestan,republic,Kasumkent,raion
Russia,Dagestan,republic,Khasavyurt,raion
Russia,Dagestan,republic,Khebda,raion
Russia,Dagestan,republic,Khiv,raion
Russia,Dagestan,republic,Khuchni,raion
Russia,Dagestan,republic,Khunzakh,raion
Russia,Dagestan,republic,Kizilyurt,raion
Russia,Dagestan,republic,Kizlyar,raion
Russia,Dagestan,republic,Korkmaskala,raion
Russia,Dagestan,republic,Kumukh,raion
Russia,Dagestan,republic,Kurakh,raion
Russia,Dagestan,republic,Levashi,raion
Russia,Dagestan,republic,Madzhalis,raion
Russia,Dagestan,republic,Magaramkent,raion
Russia,Dagestan,republic,Mekhelta,raion
Russia,Dagestan,republic,Novokayakent,raion
Russia,Dagestan,republic,Novolakskoye,raion
Russia,Dagestan,republic,Rutul,raion
Russia,Dagestan,republic,Sergokala,raion
Russia,Dagestan,republic,Tarumovka,raion
Russia,Dagestan,republic,Terekli-Mekteb,raion
Russia,Dagestan,republic,Tlyarata,raion
Russia,Dagestan,republic,Tpig,raion
Russia,Dagestan,republic,Tsunta,raion
Russia,Dagestan,republic,Tsurib,raion
Russia,Dagestan,republic,Untsukul,raion
Russia,Dagestan,republic,Urkarakh,raion
Russia,Dagestan,republic,Usukhchay,raion
Russia,Dagestan,republic,Vachi,raion
Russia,Dagestan,republic,Buynaksk,urban okrug
Russia,Dagestan,republic,Dagestanskiye Ogni,urban okrug
Russia,Dagestan,republic,Derbent,urban okrug
Russia,Dagestan,republic,Izberbash,urban okrug
Russia,Dagestan,republic,Kaspiysk,urban okrug
Russia,Dagestan,republic,Khasavyurt,urban okrug
Russia,Dagestan,republic,Kizilyurt,urban okrug
Russia,Dagestan,republic,Kizlyar,urban okrug
Russia,Dagestan,republic,Makhachkala,urban okrug
Russia,Dagestan,republic,Yuzhno-Sukhokumsk,urban okrug
Russia,Ingushetia,republic,Dzheyrakh,raion
Russia,Ingushetia,republic,Malgobek,raion
Russia,Ingushetia,republic,Nazran,raion
Russia,Ingushetia,republic,Sunzha,raion
Russia,Ingushetia,republic,Karabulak,urban okrug
Russia,Ingushetia,republic,Magas,urban okrug
Russia,Ingushetia,republic,Malgobek,urban okrug
Russia,Ingushetia,republic,Nazran,urban okrug
Russia,Ingushetia,republic,Sunzha,urban okrug
Russia,Irkutsk,oblast,Angarsk,raion
Russia,Irkutsk,oblast,Balagansk,raion
Russia,Irkutsk,oblast,Bayanday,raion
Russia,Irkutsk,oblast,Bodaybo,raion
Russia,Irkutsk,oblast,Bokhan,raion
Russia,Irkutsk,oblast,Bratsk,raion
Russia,Irkutsk,oblast,Cheremkhovo,raion
Russia,Irkutsk,oblast,Chunsky,raion
Russia,Irkutsk,oblast,Irkutsk,raion
Russia,Irkutsk,oblast,Kachug,raion
Russia,Irkutsk,oblast,Kazachinskoye,raion
Russia,Irkutsk,oblast,Kirensk,raion
Russia,Irkutsk,oblast,Kutulik,raion
Russia,Irkutsk,oblast,Kuytun,raion
Russia,Irkutsk,oblast,Mama,raion
Russia,Irkutsk,oblast,Nizhneudinsk,raion
Russia,Irkutsk,oblast,Novonukutsky,raion
Russia,Irkutsk,oblast,Osa,raion
Russia,Irkutsk,oblast,Shelekhov,raion
Russia,Irkutsk,oblast,Slyudyanka,raion
Russia,Irkutsk,oblast,Tayshet,raion
Russia,Irkutsk,oblast,Tulun,raion
Russia,Irkutsk,oblast,Usolye-Sibirskoye,raion
Russia,Irkutsk,oblast,Ust-Ilimsk,raion
Russia,Irkutsk,oblast,Ust-Kut,raion
Russia,Irkutsk,oblast,Ust-Ordynsky,raion
Russia,Irkutsk,oblast,Ust-Uda,raion
Russia,Irkutsk,oblast,Yelantsy,raion
Russia,Irkutsk,oblast,Yerbogachen,raion
Russia,Irkutsk,oblast,Zalari,raion
Russia,Irkutsk,oblast,Zheleznogorsk-Ilimsky,raion
Russia,Irkutsk,oblast,Zhigalovo,raion
Russia,Irkutsk,oblast,Zima,raion
Russia,Irkutsk,oblast,Bratsk,urban okrug
Russia,Irkutsk,oblast,Cheremkhovo,urban okrug
Russia,Irkutsk,oblast,Irkutsk,urban okrug
Russia,Irkutsk,oblast,Sayansk,urban okrug
Russia,Irkutsk,oblast,Svirsk,urban okrug
Russia,Irkutsk,oblast,Tulun,urban okrug
Russia,Irkutsk,oblast,Usolye-Sibirskoye,urban okrug
Russia,Irkutsk,oblast,Ust-Ilimsk,urban okrug
Russia,Irkutsk,oblast,Zima,urban okrug
Russia,Ivanovo,oblast,Furmanov,raion
Russia,Ivanovo,oblast,Gavrilov Posad,raion
Russia,Ivanovo,oblast,Ilyinskoye-Khovanskoye,raion
Russia,Ivanovo,oblast,Ivanovo,raion
Russia,Ivanovo,oblast,Kineshma,raion
Russia,Ivanovo,oblast,Komsomolsk,raion
Russia,Ivanovo,oblast,Lezhnevo,raion
Russia,Ivanovo,oblast,Lukh,raion
Russia,Ivanovo,oblast,Palekh,raion
Russia,Ivanovo,oblast,Pestyaki,raion
Russia,Ivanovo,oblast,Privolzhsk,raion
Russia,Ivanovo,oblast,Puchezh,raion
Russia,Ivanovo,oblast,Rodniki,raion
Russia,Ivanovo,oblast,Savino,raion
Russia,Ivanovo,oblast,Shuya,raion
Russia,Ivanovo,oblast,Teykovo,raion
Russia,Ivanovo,oblast,Verkhny Landekh,raion
Russia,Ivanovo,oblast,Vichuga,raion
Russia,Ivanovo,oblast,Yuryevets,raion
Russia,Ivanovo,oblast,Yuzha,raion
Russia,Ivanovo,oblast,Zavolzhsk,raion
Russia,Ivanovo,oblast,Furmanov,urban okrug
Russia,Ivanovo,oblast,Ivanovo,urban okrug
Russia,Ivanovo,oblast,Kineshma,urban okrug
Russia,Ivanovo,oblast,Shuya,urban okrug
Russia,Ivanovo,oblast,Teykovo,urban okrug
Russia,Ivanovo,oblast,Vichuga,urban okrug
Russia,Jewish,autonomous oblast,Amurzet,raion
Russia,Jewish,autonomous oblast,Birobidzhan,raion
Russia,Jewish,autonomous oblast,Leninskoye,raion
Russia,Jewish,autonomous oblast,Obluchye,raion
Russia,Jewish,autonomous oblast,Smidovich,raion
Russia,Jewish,autonomous oblast,Birobidzhan,urban okrug
Russia,Kabardino-Balkaria,republic,Anzorey,raion
Russia,Kabardino-Balkaria,republic,Baksan,raion
Russia,Kabardino-Balkaria,republic,Chegem,raion
Russia,Kabardino-Balkaria,republic,Kashkhatau,raion
Russia,Kabardino-Balkaria,republic,Maysky,raion
Russia,Kabardino-Balkaria,republic,Nartkala,raion
Russia,Kabardino-Balkaria,republic,Prokhladny,raion
Russia,Kabardino-Balkaria,republic,Terek,raion
Russia,Kabardino-Balkaria,republic,Tyrnyauz,raion
Russia,Kabardino-Balkaria,republic,Zalukokoazhe,raion
Russia,Kabardino-Balkaria,republic,Baksan,urban okrug
Russia,Kabardino-Balkaria,republic,Nalchik,urban okrug
Russia,Kabardino-Balkaria,republic,Prokhladny,urban okrug
Russia,Kaliningrad,oblast,Bagrationovsk,raion
Russia,Kaliningrad,oblast,Chernyakhovsk,raion
Russia,Kaliningrad,oblast,Guryevsk,raion
Russia,Kaliningrad,oblast,Gusev,raion
Russia,Kaliningrad,oblast,Gvardeysk,raion
Russia,Kaliningrad,oblast,Krasnoznamensk,raion
Russia,Kaliningrad,oblast,Neman,raion
Russia,Kaliningrad,oblast,Nesterov,raion
Russia,Kaliningrad,oblast,Ozyorsk,raion
Russia,Kaliningrad,oblast,Polessk,raion
Russia,Kaliningrad,oblast,Pravdinsk,raion
Russia,Kaliningrad,oblast,Slavsk,raion
Russia,Kaliningrad,oblast,Zelenogradsk,raion
Russia,Kaliningrad,oblast,Baltiysk,urban okrug
Russia,Kaliningrad,oblast,Kaliningrad,urban okrug
Russia,Kaliningrad,oblast,Pionersky,urban okrug
Russia,Kaliningrad,oblast,Sovetsk,urban okrug
Russia,Kaliningrad,oblast,Svetlogorsk,urban okrug
Russia,Kaliningrad,oblast,Svetly,urban okrug
Russia,Kaliningrad,oblast,Yantarny,urban okrug
Russia,Kalmykia,republic,Bolshoy Tsaryn,raion
Russia,Kalmykia,republic,Gorodovikovsk,raion
Russia,Kalmykia,republic,Iki-Burul,raion
Russia,Kalmykia,republic,Ketchenery,raion
Russia,Kalmykia,republic,Komsomolsky,raion
Russia,Kalmykia,republic,Lagan,raion
Russia,Kalmykia,republic,Malye Derbety,raion
Russia,Kalmykia,republic,Priyutnoye,raion
Russia,Kalmykia,republic,Sadovoye,raion
Russia,Kalmykia,republic,Troitskoye,raion
Russia,Kalmykia,republic,Tsagan Aman,raion
Russia,Kalmykia,republic,Yashalta,raion
Russia,Kalmykia,republic,Yashkul,raion
Russia,Kalmykia,republic,Elista,urban okrug
Russia,Kaluga,oblast,Babynino,raion
Russia,Kaluga,oblast,Baryatino,raion
Russia,Kaluga,oblast,Betlitsa,raion
Russia,Kaluga,oblast,Borovsk,raion
Russia,Kaluga,oblast,Duminichi,raion
Russia,Kaluga,oblast,Ferzikovo,raion
Russia,Kaluga,oblast,Iznoski,raion
Russia,Kaluga,oblast,Khvastovichi,raion
Russia,Kaluga,oblast,Kirov,raion
Russia,Kaluga,oblast,Kondrovo,raion
Russia,Kaluga,oblast,Kozelsk,raion
Russia,Kaluga,oblast,Lyudinovo,raion
Russia,Kaluga,oblast,Maloyaroslavets,raion
Russia,Kaluga,oblast,Medyn,raion
Russia,Kaluga,oblast,Meshchovsk,raion
Russia,Kaluga,oblast,Mosalsk,raion
Russia,Kaluga,oblast,Peremyshl,raion
Russia,Kaluga,oblast,Spas-Demensk,raion
Russia,Kaluga,oblast,Sukhinichi,raion
Russia,Kaluga,oblast,Tarusa,raion
Russia,Kaluga,oblast,Ulyanovo,raion
Russia,Kaluga,oblast,Yukhnov,raion
Russia,Kaluga,oblast,Zhizdra,raion
Russia,Kaluga,oblast,Zhukov,raion
Russia,Kaluga,oblast,Kaluga,urban okrug
Russia,Kaluga,oblast,Kirov,urban okrug
Russia,Kaluga,oblast,Lyudinovo,urban okrug
Russia,Kaluga,oblast,Obninsk,urban okrug
Russia,Kamchatka,krai,Esso,raion
Russia,Kamchatka,krai,Kamenskoye,raion
Russia,Kamchatka,krai,Karaga,raion
Russia,Kamchatka,krai,Milkovo,raion
Russia,Kamchatka,krai,Nikolskoye,raion
Russia,Kamchatka,krai,Sobolevo,raion
Russia,Kamchatka,krai,Tigil,raion
Russia,Kamchatka,krai,Tilichiki,raion
Russia,Kamchatka,krai,Ust-Bolsheretsk,raion
Russia,Kamchatka,krai,Ust-Kamchatsk,raion
Russia,Kamchatka,krai,Yelizovo,raion
Russia,Kamchatka,krai,Petropavlovsk-Kamchatsky,urban okrug
Russia,Kamchatka,krai,Vilyuchinsk,urban okrug
Russia,Karachay-Cherkessia,republic,Adyge-Khabl,raion
Russia,Karachay-Cherkessia,republic,Erken-Shakhar,raion
Russia,Karachay-Cherkessia,republic,Inzhich-Chukun,raion
Russia,Karachay-Cherkessia,republic,Karachayevsk,raion
Russia,Karachay-Cherkessia,republic,Khabez,raion
Russia,Karachay-Cherkessia,republic,Pregradnaya,raion
Russia,Karachay-Cherkessia,republic,Uchkeken,raion
Russia,Karachay-Cherkessia,republic,Ust-Dzheguta,raion
Russia,Karachay-Cherkessia,republic,Zelenchukskaya,raion
Russia,Karachay-Cherkessia,republic,Cherkessk,urban okrug
Russia,Karachay-Cherkessia,republic,Karachayevsk,urban okrug
Russia,Karelia,republic,Belomorsk,raion
Russia,Karelia,republic,Kalevala,raion
Russia,Karelia,republic,Kem,raion
Russia,Karelia,republic,Kondopoga,raion
Russia,Karelia,republic,Lakhdenpokhya,raion
Russia,Karelia,republic,Loukhi,raion
Russia,Karelia,republic,Medvezhyegorsk,raion
Russia,Karelia,republic,Muyezersky,raion
Russia,Karelia,republic,Olonets,raion
Russia,Karelia,republic,Petrozavodsk,raion
Russia,Karelia,republic,Pitkyaranta,raion
Russia,Karelia,republic,Pryazha,raion
Russia,Karelia,republic,Pudozh,raion
Russia,Karelia,republic,Segezha,raion
Russia,Karelia,republic,Suoyarvi,raion
Russia,Karelia,republic,Kostomuksha,urban okrug
Russia,Karelia,republic,Petrozavodsk,urban okrug
Russia,Karelia,republic,Sortavala,urban okrug
Russia,Kemerovo,oblast,Belovo,raion
Russia,Kemerovo,oblast,Guryevsk,raion
Russia,Kemerovo,oblast,Izhmorsky,raion
Russia,Kemerovo,oblast,Kemerovo,raion
Russia,Kemerovo,oblast,Krapivinsky,raion
Russia,Kemerovo,oblast,Leninsk-Kuznetsky,raion
Russia,Kemerovo,oblast,Mariinsk,raion
Russia,Kemerovo,oblast,Mezhdurechensk,raion
Russia,Kemerovo,oblast,Novokuznetsk,raion
Russia,Kemerovo,oblast,Prokopyevsk,raion
Russia,Kemerovo,oblast,Promyshlennaya,raion
Russia,Kemerovo,oblast,Tashtagol,raion
Russia,Kemerovo,oblast,Tisul,raion
Russia,Kemerovo,oblast,Topki,raion
Russia,Kemerovo,oblast,Tyazhinsky,raion
Russia,Kemerovo,oblast,Verkh-Chebula,raion
Russia,Kemerovo,oblast,Yashkino,raion
Russia,Kemerovo,oblast,Yaya,raion
Russia,Kemerovo,oblast,Yurga,raion
Russia,Kemerovo,oblast,Anzhero-Sudzhensk,urban okrug
Russia,Kemerovo,oblast,Belovo,urban okrug
Russia,Kemerovo,oblast,Beryozovsky,urban okrug
Russia,Kemerovo,oblast,Kaltan,urban okrug
Russia,Kemerovo,oblast,Kemerovo,urban okrug
Russia,Kemerovo,oblast,Kiselyovsk,urban okrug
Russia,Kemerovo,oblast,Krasnobrodsky,urban okrug
Russia,Kemerovo,oblast,Leninsk-Kuznetsky,urban okrug
Russia,Kemerovo,oblast,Mezhdurechensk,urban okrug
Russia,Kemerovo,oblast,Myski,urban okrug
Russia,Kemerovo,oblast,Novokuznetsk,urban okrug
Russia,Kemerovo,oblast,Osinniki,urban okrug
Russia,Kemerovo,oblast,Polysayevo,urban okrug
Russia,Kemerovo,oblast,Prokopyevsk,urban okrug
Russia,Kemerovo,oblast,Tayga,urban okrug
Russia,Kemerovo,oblast,Yurga,urban okrug
Russia,Khabarovsk,krai,Amursk,raion
Russia,Khabarovsk,krai,Ayan,raion
Russia,Khabarovsk,krai,Bikin,raion
Russia,Khabarovsk,krai,Bogorodskoye,raion
Russia,Khabarovsk,krai,Chegdomyn,raion
Russia,Khabarovsk,krai,Chumikan,raion
Russia,Khabarovsk,krai,Imeni Poliny Osipenko,raion
Russia,Khabarovsk,krai,Khabarovsk,raion
Russia,Khabarovsk,krai,Komsomolsk-on-Amur,raion
Russia,Khabarovsk,krai,Nikolayevsk-on-Amur,raion
Russia,Khabarovsk,krai,Okhotsk,raion
Russia,Khabarovsk,krai,Pereyaslavka,raion
Russia,Khabarovsk,krai,Solnechny,raion
Russia,Khabarovsk,krai,Sovetskaya Gavan,raion
Russia,Khabarovsk,krai,Troitskoye,raion
Russia,Khabarovsk,krai,Vanino,raion
Russia,Khabarovsk,krai,Vyazemsky,raion
Russia,Khabarovsk,krai,Khabarovsk,urban okrug
Russia,Khabarovsk,krai,Komsomolsk-on-Amur,urban okrug
Russia,Khakassia,republic,Askiz,raion
Russia,Khakassia,republic,Bely Yar,raion
Russia,Khakassia,republic,Beya,raion
Russia,Khakassia,republic,Bograd,raion
Russia,Khakassia,republic,Kopyovo,raion
Russia,Khakassia,republic,Shira,raion
Russia,Khakassia,republic,Tashtyp,raion
Russia,Khakassia,republic,Ust-Abakan,raion
Russia,Khakassia,republic,Abakan,urban okrug
Russia,Khakassia,republic,Abaza,urban okrug
Russia,Khakassia,republic,Chernogorsk,urban okrug
Russia,Khakassia,republic,Sayanogorsk,urban okrug
Russia,Khakassia,republic,Sorsk,urban okrug
Russia,Khanty-Mansi,autonomous okrug,Beloyarsky,raion
Russia,Khanty-Mansi,autonomous okrug,Beryozovo,raion
Russia,Khanty-Mansi,autonomous okrug,Khanty-Mansiysk,raion
Russia,Khanty-Mansi,autonomous okrug,Mezhdurechensky,raion
Russia,Khanty-Mansi,autonomous okrug,Nefteyugansk,raion
Russia,Khanty-Mansi,autonomous okrug,Nizhnevartovsk,raion
Russia,Khanty-Mansi,autonomous okrug,Oktyabrskoye,raion
Russia,Khanty-Mansi,autonomous okrug,Sovetsky,raion
Russia,Khanty-Mansi,autonomous okrug,Surgut,raion
Russia,Khanty-Mansi,autonomous okrug,Khanty-Mansiysk,urban okrug
Russia,Khanty-Mansi,autonomous okrug,Kogalym,urban okrug
Russia,Khanty-Mansi,autonomous okrug,Langepas,urban okrug
Russia,Khanty-Mansi,autonomous okrug,Megion,urban okrug
Russia,Khanty-Mansi,autonomous okrug,Nefteyugansk,urban okrug
Russia,Khanty-Mansi,autonomous okrug,Nizhnevartovsk,urban okrug
Russia,Khanty-Mansi,autonomous okrug,Nyagan,urban okrug
Russia,Khanty-Mansi,autonomous okrug,Pokachi,urban okrug
Russia,Khanty-Mansi,autonomous okrug,Pyt-Yakh,urban okrug
Russia,Khanty-Mansi,autonomous okrug,Raduzhny,urban okrug
Russia,Khanty-Mansi,autonomous okrug,Surgut,urban okrug
Russia,Khanty-Mansi,autonomous okrug,Uray,urban okrug
Russia,Khanty-Mansi,autonomous okrug,Yugorsk,urban okrug
Russia,Kirov,oblast,Afanasyevo,raion
Russia,Kirov,oblast,Arbazh,raion
Russia,Kirov,oblast,Belaya Kholunitsa,raion
Russia,Kirov,oblast,Bogorodskoye,raion
Russia,Kirov,oblast,Darovskoy,raion
Russia,Kirov,oblast,Falyonki,raion
Russia,Kirov,oblast,Kiknur,raion
Russia,Kirov,oblast,Kilmez,raion
Russia,Kirov,oblast,Kirovo-Chepetsk,raion
Russia,Kirov,oblast,Kirs,raion
Russia,Kirov,oblast,Kotelnich,raion
Russia,Kirov,oblast,Kumyony,raion
Russia,Kirov,oblast,Lebyazhye,raion
Russia,Kirov,oblast,Leninskoye,raion
Russia,Kirov,oblast,Luza,raion
Russia,Kirov,oblast,Malmyzh,raion
Russia,Kirov,oblast,Murashi,raion
Russia,Kirov,oblast,Nagorsk,raion
Russia,Kirov,oblast,Nema,raion
Russia,Kirov,oblast,Nolinsk,raion
Russia,Kirov,oblast,Omutninsk,raion
Russia,Kirov,oblast,Oparino,raion
Russia,Kirov,oblast,Orichi,raion
Russia,Kirov,oblast,Orlov,raion
Russia,Kirov,oblast,Pizhanka,raion
Russia,Kirov,oblast,Podosinovets,raion
Russia,Kirov,oblast,Sanchursk,raion
Russia,Kirov,oblast,Slobodskoy,raion
Russia,Kirov,oblast,Sovetsk,raion
Russia,Kirov,oblast,Suna,raion
Russia,Kirov,oblast,Svecha,raion
Russia,Kirov,oblast,Tuzha,raion
Russia,Kirov,oblast,Uni,raion
Russia,Kirov,oblast,Urzhum,raion
Russia,Kirov,oblast,Verkhoshizhemye,raion
Russia,Kirov,oblast,Vyatskiye Polyany,raion
Russia,Kirov,oblast,Yaransk,raion
Russia,Kirov,oblast,Yurya,raion
Russia,Kirov,oblast,Zuyevka,raion
Russia,Kirov,oblast,Kirov,urban okrug
Russia,Kirov,oblast,Kirovo-Chepetsk,urban okrug
Russia,Kirov,oblast,Kotelnich,urban okrug
Russia,Kirov,oblast,Pervomaysky,urban okrug
Russia,Kirov,oblast,Slobodskoy,urban okrug
Russia,Kirov,oblast,Vyatskiye Polyany,urban okrug
Russia,Komi,republic,Izhma,raion
Russia,Komi,republic,Knyazhpogost,raion
Russia,Komi,republic,Kortkeros,raion
Russia,Komi,republic,Koslan,raion
Russia,Komi,republic,Koygorodok,raion
Russia,Komi,republic,Obyachevo,raion
Russia,Komi,republic,Troitsko-Pechorsk,raion
Russia,Komi,republic,Ust-Kulom,raion
Russia,Komi,republic,Ust-Tsilma,raion
Russia,Komi,republic,Ust-Vym,raion
Russia,Komi,republic,Vizinga,raion
Russia,Komi,republic,Vylgort,raion
Russia,Komi,republic,Inta,urban okrug
Russia,Komi,republic,Pechora,urban okrug
Russia,Komi,republic,Sosnogorsk,urban okrug
Russia,Komi,republic,Syktyvkar,urban okrug
Russia,Komi,republic,Ukhta,urban okrug
Russia,Komi,republic,Usinsk,urban okrug
Russia,Komi,republic,Vorkuta,urban okrug
Russia,Komi,republic,Vuktyl,urban okrug
Russia,Kostroma,oblast,Antropovo,raion
Russia,Kostroma,oblast,Bogovarovo,raion
Russia,Kostroma,oblast,Buy,raion
Russia,Kostroma,oblast,Chukhloma,raion
Russia,Kostroma,oblast,Galich,raion
Russia,Kostroma,oblast,Georgiyevskoye,raion
Russia,Kostroma,oblast,Kadyy,raion
Russia,Kostroma,oblast,Kologriv,raion
Russia,Kostroma,oblast,Kostroma,raion
Russia,Kostroma,oblast,Krasnoye-na-Volge,raion
Russia,Kostroma,oblast,Makaryev,raion
Russia,Kostroma,oblast,Manturovo,raion
Russia,Kostroma,oblast,Nerekhta,raion
Russia,Kostroma,oblast,Neya,raion
Russia,Kostroma,oblast,Ostrovskoye,raion
Russia,Kostroma,oblast,Parfenyevo,raion
Russia,Kostroma,oblast,Pavino,raion
Russia,Kostroma,oblast,Ponazyrevo,raion
Russia,Kostroma,oblast,Pyshchug,raion
Russia,Kostroma,oblast,Sharya,raion
Russia,Kostroma,oblast,Soligalich,raion
Russia,Kostroma,oblast,Sudislavl,raion
Russia,Kostroma,oblast,Susanino,raion
Russia,Kostroma,oblast,Vokhma,raion
Russia,Kostroma,oblast,Buy,urban okrug
Russia,Kostroma,oblast,Galich,urban okrug
Russia,Kostroma,oblast,Kostroma,urban okrug
Russia,Kostroma,oblast,Manturovo,urban okrug
Russia,Kostroma,oblast,Nerekhta,urban okrug
Russia,Kostroma,oblast,Neya,urban okrug
Russia,Kostroma,oblast,Sharya,urban okrug
Russia,Kostroma,oblast,Volgorechensk,urban okrug
Russia,Krasnodar,krai,Abinsk,raion
Russia,Krasnodar,krai,Anapa,raion
Russia,Krasnodar,krai,Apsheronsk,raion
Russia,Krasnodar,krai,Belaya Glina,raion
Russia,Krasnodar,krai,Belorechensk,raion
Russia,Krasnodar,krai,Bryukhovetskaya,raion
Russia,Krasnodar,krai,Dinskaya,raion
Russia,Krasnodar,krai,Gulkevichi,raion
Russia,Krasnodar,krai,Kalininskaya,raion
Russia,Krasnodar,krai,Kanevskaya,raion
Russia,Krasnodar,krai,Kavkazskaya,raion
Russia,Krasnodar,krai,Korenovsk,raion
Russia,Krasnodar,krai,Krylovskaya,raion
Russia,Krasnodar,krai,Krymsk,raion
Russia,Krasnodar,krai,Kurganinsk,raion
Russia,Krasnodar,krai,Kushchevskaya,raion
Russia,Krasnodar,krai,Labinsk,raion
Russia,Krasnodar,krai,Leningradskaya,raion
Russia,Krasnodar,krai,Mostovskoy,raion
Russia,Krasnodar,krai,Novokubansk,raion
Russia,Krasnodar,krai,Novopokrovskaya,raion
Russia,Krasnodar,krai,Otradnaya,raion
Russia,Krasnodar,krai,Pavlovskaya,raion
Russia,Krasnodar,krai,Poltavskaya,raion
Russia,Krasnodar,krai,Primorsko-Akhtarsk,raion
Russia,Krasnodar,krai,Severskaya,raion
Russia,Krasnodar,krai,Slavyansk-na-Kubani,raion
Russia,Krasnodar,krai,Starominskaya,raion
Russia,Krasnodar,krai,Staroshcherbinovskaya,raion
Russia,Krasnodar,krai,Tbilisskaya,raion
Russia,Krasnodar,krai,Temryuk,raion
Russia,Krasnodar,krai,Tikhoretsk,raion
Russia,Krasnodar,krai,Timashyovsk,raion
Russia,Krasnodar,krai,Tuapse,raion
Russia,Krasnodar,krai,Uspenskoye,raion
Russia,Krasnodar,krai,Ust-Labinsk,raion
Russia,Krasnodar,krai,Vyselki,raion
Russia,Krasnodar,krai,Yeysk,raion
Russia,Krasnodar,krai,Anapa,urban okrug
Russia,Krasnodar,krai,Armavir,urban okrug
Russia,Krasnodar,krai,Belorechensk,urban okrug
Russia,Krasnodar,krai,Gelendzhik,urban okrug
Russia,Krasnodar,krai,Goryachy Klyuch,urban okrug
Russia,Krasnodar,krai,Krasnodar,urban okrug
Russia,Krasnodar,krai,Kropotkin,urban okrug
Russia,Krasnodar,krai,Krymsk,urban okrug
Russia,Krasnodar,krai,Labinsk,urban okrug
Russia,Krasnodar,krai,Novorossiysk,urban okrug
Russia,Krasnodar,krai,Slavyansk-na-Kubani,urban okrug
Russia,Krasnodar,krai,Sochi,urban okrug
Russia,Krasnodar,krai,Tikhoretsk,urban okrug
Russia,Krasnodar,krai,Tuapse,urban okrug
Russia,Krasnodar,krai,Yeysk,urban okrug
Russia,Krasnoyarsk,krai,Aban,raion
Russia,Krasnoyarsk,krai,Achinsk,raion
Russia,Krasnoyarsk,krai,Aginskoye,raion
Russia,Krasnoyarsk,krai,Balakhta,raion
Russia,Krasnoyarsk,krai,Beryozovka,raion
Russia,Krasnoyarsk,krai,Bogotol,raion
Russia,Krasnoyarsk,krai,Boguchany,raion
Russia,Krasnoyarsk,krai,Bolshaya Murta,raion
Russia,Krasnoyarsk,krai,Bolshoy Uluy,raion
Russia,Krasnoyarsk,krai,Dudinka,raion
Russia,Krasnoyarsk,krai,Dzerzhinskoye,raion
Russia,Krasnoyarsk,krai,Idrinskoye,raion
Russia,Krasnoyarsk,krai,Ilansky,raion
Russia,Krasnoyarsk,krai,Irbeyskoye,raion
Russia,Krasnoyarsk,krai,Kansk,raion
Russia,Krasnoyarsk,krai,Karatuzskoye,raion
Russia,Krasnoyarsk,krai,Kazachinskoye,raion
Russia,Krasnoyarsk,krai,Kodinsk,raion
Russia,Krasnoyarsk,krai,Kozulka,raion
Russia,Krasnoyarsk,krai,Krasnoturansk,raion
Russia,Krasnoyarsk,krai,Kuragino,raion
Russia,Krasnoyarsk,krai,Minusinsk,raion
Russia,Krasnoyarsk,krai,Motygino,raion
Russia,Krasnoyarsk,krai,Nazarovo,raion
Russia,Krasnoyarsk,krai,Nizhny Ingash,raion
Russia,Krasnoyarsk,krai,Novobirilyussy,raion
Russia,Krasnoyarsk,krai,Novoselovo,raion
Russia,Krasnoyarsk,krai,Partizanskoye,raion
Russia,Krasnoyarsk,krai,Pirovskoye,raion
Russia,Krasnoyarsk,krai,Severo-Yeniseysky,raion
Russia,Krasnoyarsk,krai,Shalinskoye,raion
Russia,Krasnoyarsk,krai,Sharypovo,raion
Russia,Krasnoyarsk,krai,Shushenskoye,raion
Russia,Krasnoyarsk,krai,Sukhobuzimskoye,raion
Russia,Krasnoyarsk,krai,Taseyevo,raion
Russia,Krasnoyarsk,krai,Tura,raion
Russia,Krasnoyarsk,krai,Turukhansk,raion
Russia,Krasnoyarsk,krai,Tyukhtet,raion
Russia,Krasnoyarsk,krai,Uyar,raion
Russia,Krasnoyarsk,krai,Uzhur,raion
Russia,Krasnoyarsk,krai,Yemelyanovo,raion
Russia,Krasnoyarsk,krai,Yeniseysk,raion
Russia,Krasnoyarsk,krai,Yermakovskoye,raion
Russia,Krasnoyarsk,krai,Zaozyorny,raion
Russia,Krasnoyarsk,krai,Achinsk,urban okrug
Russia,Krasnoyarsk,krai,Bogotol,urban okrug
Russia,Krasnoyarsk,krai,Borodino,urban okrug
Russia,Krasnoyarsk,krai,Divnogorsk,urban okrug
Russia,Krasnoyarsk,krai,Kansk,urban okrug
Russia,Krasnoyarsk,krai,Krasnoyarsk,urban okrug
Russia,Krasnoyarsk,krai,Lesosibirsk,urban okrug
Russia,Krasnoyarsk,krai,Minusinsk,urban okrug
Russia,Krasnoyarsk,krai,Nazarovo,urban okrug
Russia,Krasnoyarsk,krai,Norilsk,urban okrug
Russia,Krasnoyarsk,krai,Sharypovo,urban okrug
Russia,Krasnoyarsk,krai,Solnechny,urban okrug
Russia,Krasnoyarsk,krai,Sosnovoborsk,urban okrug
Russia,Krasnoyarsk,krai,Yeniseysk,urban okrug
Russia,Krasnoyarsk,krai,Zelenogorsk,urban okrug
Russia,Krasnoyarsk,krai,Zheleznogorsk,urban okrug
Russia,Kurgan,oblast,Almenevo,raion
Russia,Kurgan,oblast,Belozerskoye,raion
Russia,Kurgan,oblast,Chastoozerye,raion
Russia,Kurgan,oblast,Dalmatovo,raion
Russia,Kurgan,oblast,Glyadyanskoye,raion
Russia,Kurgan,oblast,Kargapolye,raion
Russia,Kurgan,oblast,Kataysk,raion
Russia,Kurgan,oblast,Ketovo,raion
Russia,Kurgan,oblast,Kurtamysh,raion
Russia,Kurgan,oblast,Lebyazhye,raion
Russia,Kurgan,oblast,Makushino,raion
Russia,Kurgan,oblast,Mishkino,raion
Russia,Kurgan,oblast,Mokrousovo,raion
Russia,Kurgan,oblast,Petukhovo,raion
Russia,Kurgan,oblast,Polovinnoye,raion
Russia,Kurgan,oblast,Safakulevo,raion
Russia,Kurgan,oblast,Shadrinsk,raion
Russia,Kurgan,oblast,Shatrovo,raion
Russia,Kurgan,oblast,Shchuchye,raion
Russia,Kurgan,oblast,Shumikha,raion
Russia,Kurgan,oblast,Tselinnoye,raion
Russia,Kurgan,oblast,Vargashi,raion
Russia,Kurgan,oblast,Yurgamysh,raion
Russia,Kurgan,oblast,Zverinogolovskoye,raion
Russia,Kurgan,oblast,Kurgan,urban okrug
Russia,Kurgan,oblast,Shadrinsk,urban okrug
Russia,Kursk,oblast,Belaya,raion
Russia,Kursk,oblast,Bolshoye Soldatskoye,raion
Russia,Kursk,oblast,Cheremisinovo,raion
Russia,Kursk,oblast,Dmitriyev,raion
Russia,Kursk,oblast,Fatezh,raion
Russia,Kursk,oblast,Glushkovo,raion
Russia,Kursk,oblast,Gorshechnoye,raion
Russia,Kursk,oblast,Kastornoye,raion
Russia,Kursk,oblast,Khomutovka,raion
Russia,Kursk,oblast,Konyshyovka,raion
Russia,Kursk,oblast,Korenevo,raion
Russia,Kursk,oblast,Kshensky,raion
Russia,Kursk,oblast,Kurchatov,raion
Russia,Kursk,oblast,Kursk,raion
Russia,Kursk,oblast,Lgov,raion
Russia,Kursk,oblast,Manturovo,raion
Russia,Kursk,oblast,Medvenka,raion
Russia,Kursk,oblast,Oboyan,raion
Russia,Kursk,oblast,Ponyri,raion
Russia,Kursk,oblast,Pristen,raion
Russia,Kursk,oblast,Pryamitsyno,raion
Russia,Kursk,oblast,Rylsk,raion
Russia,Kursk,oblast,Shchigry,raion
Russia,Kursk,oblast,Solntsevo,raion
Russia,Kursk,oblast,Sudzha,raion
Russia,Kursk,oblast,Tim,raion
Russia,Kursk,oblast,Zheleznogorsk,raion
Russia,Kursk,oblast,Zolotukhino,raion
Russia,Kursk,oblast,Kurchatov,urban okrug
Russia,Kursk,oblast,Kursk,urban okrug
Russia,Kursk,oblast,Lgov,urban okrug
Russia,Kursk,oblast,Shchigry,urban okrug
Russia,Kursk,oblast,Zheleznogorsk,urban okrug
Russia,Leningrad,oblast,Boksitogorsk,raion
Russia,Leningrad,oblast,Gatchina,raion
Russia,Leningrad,oblast,Kingisepp,raion
Russia,Leningrad,oblast,Kirishi,raion
Russia,Leningrad,oblast,Kirovsk,raion
Russia,Leningrad,oblast,Lodeynoye Pole,raion
Russia,Leningrad,oblast,Lomonosov,raion
Russia,Leningrad,oblast,Luga,raion
Russia,Leningrad,oblast,Podporozhye,raion
Russia,Leningrad,oblast,Priozersk,raion
Russia,Leningrad,oblast,Slantsy,raion
Russia,Leningrad,oblast,Tikhvin,raion
Russia,Leningrad,oblast,Tosno,raion
Russia,Leningrad,oblast,Volkhov,raion
Russia,Leningrad,oblast,Volosovo,raion
Russia,Leningrad,oblast,Vsevolozhsk,raion
Russia,Leningrad,oblast,Vyborg,raion
Russia,Leningrad,oblast,Sosnovy Bor,urban okrug
Russia,Lipetsk,oblast,Chaplygin,raion
Russia,Lipetsk,oblast,Dankov,raion
Russia,Lipetsk,oblast,Dobrinka,raion
Russia,Lipetsk,oblast,Dobroye,raion
Russia,Lipetsk,oblast,Dolgorukovo,raion
Russia,Lipetsk,oblast,Gryazi,raion
Russia,Lipetsk,oblast,Izmalkovo,raion
Russia,Lipetsk,oblast,Khlevnoye,raion
Russia,Lipetsk,oblast,Krasnoye,raion
Russia,Lipetsk,oblast,Lebedyan,raion
Russia,Lipetsk,oblast,Lev Tolstoy,raion
Russia,Lipetsk,oblast,Lipetsk,raion
Russia,Lipetsk,oblast,Stanovoye,raion
Russia,Lipetsk,oblast,Terbuny,raion
Russia,Lipetsk,oblast,Usman,raion
Russia,Lipetsk,oblast,Volovo,raion
Russia,Lipetsk,oblast,Yelets,raion
Russia,Lipetsk,oblast,Zadonsk,raion
Russia,Lipetsk,oblast,Lipetsk,urban okrug
Russia,Lipetsk,oblast,Yelets,urban okrug
Russia,Magadan,oblast,Evensk,raion
Russia,Magadan,oblast,Ola,raion
Russia,Magadan,oblast,Omsukchan,raion
Russia,Magadan,oblast,Palatka,raion
Russia,Magadan,oblast,Seymchan,raion
Russia,Magadan,oblast,Susuman,raion
Russia,Magadan,oblast,Ust-Omchug,raion
Russia,Magadan,oblast,Yagodnoye,raion
Russia,Magadan,oblast,Magadan,urban okrug
Russia,Mari El,republic,Kilemary,raion
Russia,Mari El,republic,Kozmodemyansk,raion
Russia,Mari El,republic,Kuzhener,raion
Russia,Mari El,republic,Mari-Turek,raion
Russia,Mari El,republic,Medvedevo,raion
Russia,Mari El,republic,Morki,raion
Russia,Mari El,republic,Novy Toryal,raion
Russia,Mari El,republic,Orshanka,raion
Russia,Mari El,republic,Paranga,raion
Russia,Mari El,republic,Sernur,raion
Russia,Mari El,republic,Sovetsky,raion
Russia,Mari El,republic,Volzhsk,raion
Russia,Mari El,republic,Yurino,raion
Russia,Mari El,republic,Zvenigovo,raion
Russia,Mari El,republic,Kozmodemyansk,urban okrug
Russia,Mari El,republic,Volzhsk,urban okrug
Russia,Mari El,republic,Yoshkar-Ola,urban okrug
Russia,Mordovia,republic,Ardatov,raion
Russia,Mordovia,republic,Atyashevo,raion
Russia,Mordovia,republic,Atyuryevo,raion
Russia,Mordovia,republic,Bolshiye Berezniki,raion
Russia,Mordovia,republic,Bolshoye Ignatovo,raion
Russia,Mordovia,republic,Chamzinka,raion
Russia,Mordovia,republic,Dubenki,raion
Russia,Mordovia,republic,Ichalki,raion
Russia,Mordovia,republic,Insar,raion
Russia,Mordovia,republic,Kadoshkino,raion
Russia,Mordovia,republic,Kochkurovo,raion
Russia,Mordovia,republic,Kovylkino,raion
Russia,Mordovia,republic,Krasnoslobodsk,raion
Russia,Mordovia,republic,Lyambir,raion
Russia,Mordovia,republic,Romodanovo,raion
Russia,Mordovia,republic,Ruzayevka,raion
Russia,Mordovia,republic,Staroye Shaygovo,raion
Russia,Mordovia,republic,Temnikov,raion
Russia,Mordovia,republic,Tengushevo,raion
Russia,Mordovia,republic,Torbeyevo,raion
Russia,Mordovia,republic,Yelniki,raion
Russia,Mordovia,republic,Zubova Polyana,raion
Russia,Mordovia,republic,Kovylkino,urban okrug
Russia,Mordovia,republic,Ruzayevka,urban okrug
Russia,Mordovia,republic,Saransk,urban okrug
Russia,Moscow,oblast,Chekhov,raion
Russia,Moscow,oblast,Dmitrov,raion
Russia,Moscow,oblast,Istra,raion
Russia,Moscow,oblast,Lotoshino,raion
Russia,Moscow,oblast,Lukhovitsy,raion
Russia,Moscow,oblast,Mozhaysk,raion
Russia,Moscow,oblast,Ramenskoye,raion
Russia,Moscow,oblast,Ruza,raion
Russia,Moscow,oblast,Serebryanye Prudy,raion
Russia,Moscow,oblast,Shakhovskaya,raion
Russia,Moscow,oblast,Shatura,raion
Russia,Moscow,oblast,Volokolamsk,raion
Russia,Moscow,oblast,Yegoryevsk,raion
Russia,Moscow,oblast,Zaraysk,raion
Russia,Moscow,oblast,Balashikha,urban okrug
Russia,Moscow,oblast,Bronnitsy,urban okrug
Russia,Moscow,oblast,Chernogolovka,urban okrug
Russia,Moscow,oblast,Dolgoprudny,urban okrug
Russia,Moscow,oblast,Domodedovo,urban okrug
Russia,Moscow,oblast,Dubna,urban okrug
Russia,Moscow,oblast,Elektrostal,urban okrug
Russia,Moscow,oblast,Fryazino,urban okrug
Russia,Moscow,oblast,Kashira,urban okrug
Russia,Moscow,oblast,Khimki,urban okrug
Russia,Moscow,oblast,Klin,urban okrug
Russia,Moscow,oblast,Kolomna,urban okrug
Russia,Moscow,oblast,Korolyov,urban okrug
Russia,Moscow,oblast,Kotelniki,urban okrug
Russia,Moscow,oblast,Krasnogorsk,urban okrug
Russia,Moscow,oblast,Krasnoznamensk,urban okrug
Russia,Moscow,oblast,Lobnya,urban okrug
Russia,Moscow,oblast,Losino-Petrovsky,urban okrug
Russia,Moscow,oblast,Lytkarino,urban okrug
Russia,Moscow,oblast,Lyubertsy,urban okrug
Russia,Moscow,oblast,Molodyozhny,urban okrug
Russia,Moscow,oblast,Mytishchi,urban okrug
Russia,Moscow,oblast,Naro-Fominsk,urban okrug
Russia,Moscow,oblast,Noginsk,urban okrug
Russia,Moscow,oblast,Odintsovo,urban okrug
Russia,Moscow,oblast,Orekhovo-Zuyevo,urban okrug
Russia,Moscow,oblast,Pavlovsky Posad,urban okrug
Russia,Moscow,oblast,Podolsk,urban okrug
Russia,Moscow,oblast,Pushkino,urban okrug
Russia,Moscow,oblast,Reutov,urban okrug
Russia,Moscow,oblast,Sergiyev Posad,urban okrug
Russia,Moscow,oblast,Serpukhov,urban okrug
Russia,Moscow,oblast,Shchyolkovo,urban okrug
Russia,Moscow,oblast,Solnechnogorsk,urban okrug
Russia,Moscow,oblast,Stupino,urban okrug
Russia,Moscow,oblast,Taldom,urban okrug
Russia,Moscow,oblast,Vidnoye,urban okrug
Russia,Moscow,oblast,Vlasikha,urban okrug
Russia,Moscow,oblast,Voskhod,urban okrug
Russia,Moscow,oblast,Voskresensk,urban okrug
Russia,Moscow,oblast,Zhukovsky,urban okrug
Russia,Moscow,oblast,Zvyozdny gorodok,urban okrug
Russia,Moscow,federal city,Central,administrative okrug
Russia,Moscow,federal city,Eastern,administrative okrug
Russia,Moscow,federal city,North-Eastern,administrative okrug
Russia,Moscow,federal city,North-Western,administrative okrug
Russia,Moscow,federal city,Northern,administrative okrug
Russia,Moscow,federal city,Novomoskovsky,administrative okrug
Russia,Moscow,federal city,South-Eastern,administrative okrug
Russia,Moscow,federal city,South-Western,administrative okrug
Russia,Moscow,federal city,Southern,administrative okrug
Russia,Moscow,federal city,Troitsk,administrative okrug
Russia,Moscow,federal city,Western,administrative okrug
Russia,Moscow,federal city,Zelenograd,administrative okrug
Russia,Murmansk,oblast,Kandalaksha,raion
Russia,Murmansk,oblast,Kola,raion
Russia,Murmansk,oblast,Kovdor,raion
Russia,Murmansk,oblast,Lovozero,raion
Russia,Murmansk,oblast,Pechenga,raion
Russia,Murmansk,oblast,Umba,raion
Russia,Murmansk,oblast,Apatity,urban okrug
Russia,Murmansk,oblast,Kirovsk,urban okrug
Russia,Murmansk,oblast,Monchegorsk,urban okrug
Russia,Murmansk,oblast,Murmansk,urban okrug
Russia,Murmansk,oblast,Olenegorsk,urban okrug
Russia,Murmansk,oblast,Ostrovnoy,urban okrug
Russia,Murmansk,oblast,Polyarny,urban okrug
Russia,Murmansk,oblast,Polyarnye Zori,urban okrug
Russia,Murmansk,oblast,Severomorsk,urban okrug
Russia,Murmansk,oblast,Vidyayevo,urban okrug
Russia,Murmansk,oblast,Zaozyorsk,urban okrug
Russia,Nenets,autonomous okrug,Iskateley,raion
Russia,Nenets,autonomous okrug,Naryan-Mar,urban okrug
Russia,Nizhny Novgorod,oblast,Ardatov,raion
Russia,Nizhny Novgorod,oblast,Balakhna,raion
Russia,Nizhny Novgorod,oblast,Bogorodsk,raion
Russia,Nizhny Novgorod,oblast,Bolshoye Boldino,raion
Russia,Nizhny Novgorod,oblast,Bolshoye Murashkino,raion
Russia,Nizhny Novgorod,oblast,Bor,raion
Russia,Nizhny Novgorod,oblast,Buturlino,raion
Russia,Nizhny Novgorod,oblast,Chkalovsk,raion
Russia,Nizhny Novgorod,oblast,Dalneye Konstantinovo,raion
Russia,Nizhny Novgorod,oblast,Diveyevo,raion
Russia,Nizhny Novgorod,oblast,Gagino,raion
Russia,Nizhny Novgorod,oblast,Gorodets,raion
Russia,Nizhny Novgorod,oblast,Knyaginino,raion
Russia,Nizhny Novgorod,oblast,Kovernino,raion
Russia,Nizhny Novgorod,oblast,Krasnye Baki,raion
Russia,Nizhny Novgorod,oblast,Lukoyanov,raion
Russia,Nizhny Novgorod,oblast,Lyskovo,raion
Russia,Nizhny Novgorod,oblast,Navashino,raion
Russia,Nizhny Novgorod,oblast,Pavlovo,raion
Russia,Nizhny Novgorod,oblast,Perevoz,raion
Russia,Nizhny Novgorod,oblast,Pervomaysk,raion
Russia,Nizhny Novgorod,oblast,Pilna,raion
Russia,Nizhny Novgorod,oblast,Pochinki,raion
Russia,Nizhny Novgorod,oblast,Sechenovo,raion
Russia,Nizhny Novgorod,oblast,Semyonov,raion
Russia,Nizhny Novgorod,oblast,Sergach,raion
Russia,Nizhny Novgorod,oblast,Shakhunya,raion
Russia,Nizhny Novgorod,oblast,Sharanga,raion
Russia,Nizhny Novgorod,oblast,Shatki,raion
Russia,Nizhny Novgorod,oblast,Sokolskoye,raion
Russia,Nizhny Novgorod,oblast,Sosnovskoye,raion
Russia,Nizhny Novgorod,oblast,Spasskoye,raion
Russia,Nizhny Novgorod,oblast,Tonkino,raion
Russia,Nizhny Novgorod,oblast,Tonshayevo,raion
Russia,Nizhny Novgorod,oblast,Urazovka,raion
Russia,Nizhny Novgorod,oblast,Uren,raion
Russia,Nizhny Novgorod,oblast,Vacha,raion
Russia,Nizhny Novgorod,oblast,Vad,raion
Russia,Nizhny Novgorod,oblast,Varnavino,raion
Russia,Nizhny Novgorod,oblast,Vetluga,raion
Russia,Nizhny Novgorod,oblast,Volodarsk,raion
Russia,Nizhny Novgorod,oblast,Vorotynets,raion
Russia,Nizhny Novgorod,oblast,Voskresenskoye,raion
Russia,Nizhny Novgorod,oblast,Voznesenskoye,raion
Russia,Nizhny Novgorod,oblast,Arzamas,urban okrug
Russia,Nizhny Novgorod,oblast,Dzerzhinsk,urban okrug
Russia,Nizhny Novgorod,oblast,Kulebaki,urban okrug
Russia,Nizhny Novgorod,oblast,Nizhny Novgorod,urban okrug
Russia,Nizhny Novgorod,oblast,Sarov,urban okrug
Russia,Nizhny Novgorod,oblast,Vyksa,urban okrug
Russia,North Ossetia,republic,Alagir,raion
Russia,North Ossetia,republic,Ardon,raion
Russia,North Ossetia,republic,Beslan,raion
Russia,North Ossetia,republic,Chikola,raion
Russia,North Ossetia,republic,Digora,raion
Russia,North Ossetia,republic,Elkhotovo,raion
Russia,North Ossetia,republic,Mozdok,raion
Russia,North Ossetia,republic,Oktyabrskoye,raion
Russia,North Ossetia,republic,Vladikavkaz,urban okrug
Russia,Novgorod,oblast,Batetsky,raion
Russia,Novgorod,oblast,Borovichi,raion
Russia,Novgorod,oblast,Chudovo,raion
Russia,Novgorod,oblast,Demyansk,raion
Russia,Novgorod,oblast,Kholm,raion
Russia,Novgorod,oblast,Khvoynaya,raion
Russia,Novgorod,oblast,Kresttsy,raion
Russia,Novgorod,oblast,Lyubytino,raion
Russia,Novgorod,oblast,Malaya Vishera,raion
Russia,Novgorod,oblast,Maryovo,raion
Russia,Novgorod,oblast,Moshenskoye,raion
Russia,Novgorod,oblast,Okulovka,raion
Russia,Novgorod,oblast,Parfino,raion
Russia,Novgorod,oblast,Pestovo,raion
Russia,Novgorod,oblast,Poddorye,raion
Russia,Novgorod,oblast,Shimsk,raion
Russia,Novgorod,oblast,Soltsy,raion
Russia,Novgorod,oblast,Staraya Russa,raion
Russia,Novgorod,oblast,Valday,raion
Russia,Novgorod,oblast,Veliky Novgorod,raion
Russia,Novgorod,oblast,Volot,raion
Russia,Novgorod,oblast,Borovichi,urban okrug
Russia,Novgorod,oblast,Staraya Russa,urban okrug
Russia,Novgorod,oblast,Veliky Novgorod,urban okrug
Russia,Novosibirsk,oblast,Bagan,raion
Russia,Novosibirsk,oblast,Barabinsk,raion
Russia,Novosibirsk,oblast,Bolotnoye,raion
Russia,Novosibirsk,oblast,Chany,raion
Russia,Novosibirsk,oblast,Cherepanovo,raion
Russia,Novosibirsk,oblast,Chistoozyornoye,raion
Russia,Novosibirsk,oblast,Chulym,raion
Russia,Novosibirsk,oblast,Dovolnoye,raion
Russia,Novosibirsk,oblast,Iskitim,raion
Russia,Novosibirsk,oblast,Karasuk,raion
Russia,Novosibirsk,oblast,Kargat,raion
Russia,Novosibirsk,oblast,Kochenevo,raion
Russia,Novosibirsk,oblast,Kochki,raion
Russia,Novosibirsk,oblast,Kolyvan,raion
Russia,Novosibirsk,oblast,Krasnozyorskoye,raion
Russia,Novosibirsk,oblast,Kupino,raion
Russia,Novosibirsk,oblast,Kuybyshev,raion
Russia,Novosibirsk,oblast,Kyshtovka,raion
Russia,Novosibirsk,oblast,Maslyanino,raion
Russia,Novosibirsk,oblast,Moshkovo,raion
Russia,Novosibirsk,oblast,Novosibirsk,raion
Russia,Novosibirsk,oblast,Ordynskoye,raion
Russia,Novosibirsk,oblast,Severnoye,raion
Russia,Novosibirsk,oblast,Suzun,raion
Russia,Novosibirsk,oblast,Tatarsk,raion
Russia,Novosibirsk,oblast,Toguchin,raion
Russia,Novosibirsk,oblast,Ubinskoye,raion
Russia,Novosibirsk,oblast,Ust-Tarka,raion
Russia,Novosibirsk,oblast,Vengerovo,raion
Russia,Novosibirsk,oblast,Zdvinsk,raion
Russia,Novosibirsk,oblast,Barabinsk,urban okrug
Russia,Novosibirsk,oblast,Berdsk,urban okrug
Russia,Novosibirsk,oblast,Iskitim,urban okrug
Russia,Novosibirsk,oblast,Kuybyshev,urban okrug
Russia,Novosibirsk,oblast,Novosibirsk,urban okrug
Russia,Novosibirsk,oblast,Ob,urban okrug
Russia,Novosibirsk,oblast,Tatarsk,urban okrug
Russia,Omsk,oblast,Azovo,raion
Russia,Omsk,oblast,Bolsherechye,raion
Russia,Omsk,oblast,Bolshiye Uki,raion
Russia,Omsk,oblast,Cherlak,raion
Russia,Omsk,oblast,Gorkovskoye,raion
Russia,Omsk,oblast,Isilkul,raion
Russia,Omsk,oblast,Kalachinsk,raion
Russia,Omsk,oblast,Kolosovka,raion
Russia,Omsk,oblast,Kormilovka,raion
Russia,Omsk,oblast,Krutinka,raion
Russia,Omsk,oblast,Lyubinsky,raion
Russia,Omsk,oblast,Maryanovka,raion
Russia,Omsk,oblast,Moskalenki,raion
Russia,Omsk,oblast,Muromtsevo,raion
Russia,Omsk,oblast,Nazyvayevsk,raion
Russia,Omsk,oblast,Nizhnyaya Omka,raion
Russia,Omsk,oblast,Novovarshavka,raion
Russia,Omsk,oblast,Odesskoye,raion
Russia,Omsk,oblast,Okoneshnikovo,raion
Russia,Omsk,oblast,Omsk,raion
Russia,Omsk,oblast,Pavlogradka,raion
Russia,Omsk,oblast,Poltavka,raion
Russia,Omsk,oblast,Russkaya Polyana,raion
Russia,Omsk,oblast,Sargatskoye,raion
Russia,Omsk,oblast,Sedelnikovo,raion
Russia,Omsk,oblast,Sherbakul,raion
Russia,Omsk,oblast,Tara,raion
Russia,Omsk,oblast,Tavricheskoye,raion
Russia,Omsk,oblast,Tevriz,raion
Russia,Omsk,oblast,Tyukalinsk,raion
Russia,Omsk,oblast,Ust-Ishim,raion
Russia,Omsk,oblast,Znamenskoye,raion
Russia,Omsk,oblast,Isilkul,urban okrug
Russia,Omsk,oblast,Kalachinsk,urban okrug
Russia,Omsk,oblast,Nazyvayevsk,urban okrug
Russia,Omsk,oblast,Omsk,urban okrug
Russia,Omsk,oblast,Tara,urban okrug
Russia,Omsk,oblast,Tyukalinsk,urban okrug
Russia,Orenburg,oblast,Abdulino,raion
Russia,Orenburg,oblast,Adamovka,raion
Russia,Orenburg,oblast,Akbulak,raion
Russia,Orenburg,oblast,Aleksandrovka,raion
Russia,Orenburg,oblast,Asekeyevo,raion
Russia,Orenburg,oblast,Belyayevka,raion
Russia,Orenburg,oblast,Buguruslan,raion
Russia,Orenburg,oblast,Buzuluk,raion
Russia,Orenburg,oblast,Dombarovsky,raion
Russia,Orenburg,oblast,Gay,raion
Russia,Orenburg,oblast,Grachevka,raion
Russia,Orenburg,oblast,Ilek,raion
Russia,Orenburg,oblast,Kurmanayevka,raion
Russia,Orenburg,oblast,Kuvandyk,raion
Russia,Orenburg,oblast,Kvarkeno,raion
Russia,Orenburg,oblast,Matveyevka,raion
Russia,Orenburg,oblast,Novoorsk,raion
Russia,Orenburg,oblast,Novosergiyevka,raion
Russia,Orenburg,oblast,Oktyabrskoye,raion
Russia,Orenburg,oblast,Orenburg,raion
Russia,Orenburg,oblast,Perevolotsky,raion
Russia,Orenburg,oblast,Pervomaysky,raion
Russia,Orenburg,oblast,Pleshanovo,raion
Russia,Orenburg,oblast,Ponomarevka,raion
Russia,Orenburg,oblast,Sakmara,raion
Russia,Orenburg,oblast,Saraktash,raion
Russia,Orenburg,oblast,Severnoye,raion
Russia,Orenburg,oblast,Sharlyk,raion
Russia,Orenburg,oblast,Sol-Iletsk,raion
Russia,Orenburg,oblast,Sorochinsk,raion
Russia,Orenburg,oblast,Svetly,raion
Russia,Orenburg,oblast,Tashla,raion
Russia,Orenburg,oblast,Totskoye,raion
Russia,Orenburg,oblast,Tyulgan,raion
Russia,Orenburg,oblast,Yasny,raion
Russia,Orenburg,oblast,Buguruslan,urban okrug
Russia,Orenburg,oblast,Buzuluk,urban okrug
Russia,Orenburg,oblast,Komarovsky,urban okrug
Russia,Orenburg,oblast,Mednogorsk,urban okrug
Russia,Orenburg,oblast,Novotroitsk,urban okrug
Russia,Orenburg,oblast,Orenburg,urban okrug
Russia,Orenburg,oblast,Orsk,urban okrug
Russia,Oryol,oblast,Bolkhov,raion
Russia,Oryol,oblast,Dmitrovsk,raion
Russia,Oryol,oblast,Dolgoye,raion
Russia,Oryol,oblast,Glazunovka,raion
Russia,Oryol,oblast,Khomutovo,raion
Russia,Oryol,oblast,Khotynets,raion
Russia,Oryol,oblast,Kolpna,raion
Russia,Oryol,oblast,Korsakovo,raion
Russia,Oryol,oblast,Krasnaya Zarya,raion
Russia,Oryol,oblast,Kromy,raion
Russia,Oryol,oblast,Livny,raion
Russia,Oryol,oblast,Maloarkhangelsk,raion
Russia,Oryol,oblast,Mtsensk,raion
Russia,Oryol,oblast,Naryshkino,raion
Russia,Oryol,oblast,Novosil,raion
Russia,Oryol,oblast,Oryol,raion
Russia,Oryol,oblast,Pokrovskoye,raion
Russia,Oryol,oblast,Shablykino,raion
Russia,Oryol,oblast,Soskovo,raion
Russia,Oryol,oblast,Trosna,raion
Russia,Oryol,oblast,Verkhovye,raion
Russia,Oryol,oblast,Zalegoshch,raion
Russia,Oryol,oblast,Zmiyovka,raion
Russia,Oryol,oblast,Znamenskoye,raion
Russia,Oryol,oblast,Livny,urban okrug
Russia,Oryol,oblast,Mtsensk,urban okrug
Russia,Oryol,oblast,Oryol,urban okrug
Russia,Penza,oblast,Bashmakovo,raion
Russia,Penza,oblast,Bekovo,raion
Russia,Penza,oblast,Belinsky,raion
Russia,Penza,oblast,Bessonovka,raion
Russia,Penza,oblast,Gorodishche,raion
Russia,Penza,oblast,Issa,raion
Russia,Penza,oblast,Kamenka,raion
Russia,Penza,oblast,Kolyshley,raion
Russia,Penza,oblast,Kuznetsk,raion
Russia,Penza,oblast,Lopatino,raion
Russia,Penza,oblast,Lunino,raion
Russia,Penza,oblast,Malaya Serdoba,raion
Russia,Penza,oblast,Mokshan,raion
Russia,Penza,oblast,Narovchat,raion
Russia,Penza,oblast,Neverkino,raion
Russia,Penza,oblast,Nikolsk,raion
Russia,Penza,oblast,Nizhny Lomov,raion
Russia,Penza,oblast,Pachelma,raion
Russia,Penza,oblast,Penza,raion
Russia,Penza,oblast,Russky Kameshkir,raion
Russia,Penza,oblast,Serdobsk,raion
Russia,Penza,oblast,Shemysheyka,raion
Russia,Penza,oblast,Sosnovoborsk,raion
Russia,Penza,oblast,Spassk,raion
Russia,Penza,oblast,Tamala,raion
Russia,Penza,oblast,Vadinsk,raion
Russia,Penza,oblast,Zemetchino,raion
Russia,Penza,oblast,Kuznetsk,urban okrug
Russia,Penza,oblast,Penza,urban okrug
Russia,Penza,oblast,Zarechny,urban okrug
Russia,Perm,krai,Barda,raion
Russia,Perm,krai,Beryozovka,raion
Russia,Perm,krai,Bolshaya Sosnova,raion
Russia,Perm,krai,Chastye,raion
Russia,Perm,krai,Cherdyn,raion
Russia,Perm,krai,Chernushka,raion
Russia,Perm,krai,Gayny,raion
Russia,Perm,krai,Gornozavodsk,raion
Russia,Perm,krai,Ilyinsky,raion
Russia,Perm,krai,Karagay,raion
Russia,Perm,krai,Kochyovo,raion
Russia,Perm,krai,Kosa,raion
Russia,Perm,krai,Krasnovishersk,raion
Russia,Perm,krai,Kudymkar,raion
Russia,Perm,krai,Kungur,raion
Russia,Perm,krai,Kuyeda,raion
Russia,Perm,krai,Nytva,raion
Russia,Perm,krai,Ochyor,raion
Russia,Perm,krai,Okhansk,raion
Russia,Perm,krai,Oktyabrsky,raion
Russia,Perm,krai,Orda,raion
Russia,Perm,krai,Osa,raion
Russia,Perm,krai,Perm,raion
Russia,Perm,krai,Siva,raion
Russia,Perm,krai,Solikamsk,raion
Russia,Perm,krai,Suksun,raion
Russia,Perm,krai,Uinskoye,raion
Russia,Perm,krai,Usolye,raion
Russia,Perm,krai,Ust-Kishert,raion
Russia,Perm,krai,Vereshchagino,raion
Russia,Perm,krai,Yelovo,raion
Russia,Perm,krai,Yurla,raion
Russia,Perm,krai,Yusva,raion
Russia,Perm,krai,Alexandrovsk,urban okrug
Russia,Perm,krai,Berezniki,urban okrug
Russia,Perm,krai,Chaykovsky,urban okrug
Russia,Perm,krai,Chusovoy,urban okrug
Russia,Perm,krai,Dobryanka,urban okrug
Russia,Perm,krai,Gremyachinsk,urban okrug
Russia,Perm,krai,Gubakha,urban okrug
Russia,Perm,krai,Kizel,urban okrug
Russia,Perm,krai,Krasnokamsk,urban okrug
Russia,Perm,krai,Kudymkar,urban okrug
Russia,Perm,krai,Kungur,urban okrug
Russia,Perm,krai,Lysva,urban okrug
Russia,Perm,krai,Perm,urban okrug
Russia,Perm,krai,Solikamsk,urban okrug
Russia,Perm,krai,Zvyozdny,urban okrug
Russia,Primorsky,krai,Anuchino,raion
Russia,Primorsky,krai,Chernigovka,raion
Russia,Primorsky,krai,Chuguyevka,raion
Russia,Primorsky,krai,Dalnerechensk,raion
Russia,Primorsky,krai,Kamen-Rybolov,raion
Russia,Primorsky,krai,Kavalerovo,raion
Russia,Primorsky,krai,Khorol,raion
Russia,Primorsky,krai,Kirovsky,raion
Russia,Primorsky,krai,Lazo,raion
Russia,Primorsky,krai,Luchegorsk,raion
Russia,Primorsky,krai,Mikhaylovka,raion
Russia,Primorsky,krai,Novopokrovka,raion
Russia,Primorsky,krai,Olga,raion
Russia,Primorsky,krai,Pogranichny,raion
Russia,Primorsky,krai,Pokrovka,raion
Russia,Primorsky,krai,Slavyanka,raion
Russia,Primorsky,krai,Smolyaninovo,raion
Russia,Primorsky,krai,Spassk-Dalny,raion
Russia,Primorsky,krai,Terney,raion
Russia,Primorsky,krai,Vladimiro-Aleksandrovskoye,raion
Russia,Primorsky,krai,Volno-Nadezhdinskoye,raion
Russia,Primorsky,krai,Yakovlevka,raion
Russia,Primorsky,krai,Arsenyev,urban okrug
Russia,Primorsky,krai,Artyom,urban okrug
Russia,Primorsky,krai,Bolshoy Kamen,urban okrug
Russia,Primorsky,krai,Dalnegorsk,urban okrug
Russia,Primorsky,krai,Dalnerechensk,urban okrug
Russia,Primorsky,krai,Fokino,urban okrug
Russia,Primorsky,krai,Lesozavodsk,urban okrug
Russia,Primorsky,krai,Nakhodka,urban okrug
Russia,Primorsky,krai,Partizansk,urban okrug
Russia,Primorsky,krai,Spassk-Dalny,urban okrug
Russia,Primorsky,krai,Ussuriysk,urban okrug
Russia,Primorsky,krai,Vladivostok,urban okrug
Russia,Pskov,oblast,Bezhanitsy,raion
Russia,Pskov,oblast,Dedovichi,raion
Russia,Pskov,oblast,Dno,raion
Russia,Pskov,oblast,Gdov,raion
Russia,Pskov,oblast,Krasnogorodsk,raion
Russia,Pskov,oblast,Kunya,raion
Russia,Pskov,oblast,Loknya,raion
Russia,Pskov,oblast,Nevel,raion
Russia,Pskov,oblast,Novorzhev,raion
Russia,Pskov,oblast,Novosokolniki,raion
Russia,Pskov,oblast,Opochka,raion
Russia,Pskov,oblast,Ostrov,raion
Russia,Pskov,oblast,Palkino,raion
Russia,Pskov,oblast,Pechory,raion
Russia,Pskov,oblast,Plyussa,raion
Russia,Pskov,oblast,Porkhov,raion
Russia,Pskov,oblast,Pskov,raion
Russia,Pskov,oblast,Pushkinskiye Gory,raion
Russia,Pskov,oblast,Pustoshka,raion
Russia,Pskov,oblast,Pytalovo,raion
Russia,Pskov,oblast,Sebezh,raion
Russia,Pskov,oblast,Strugi Krasnye,raion
Russia,Pskov,oblast,Usvyaty,raion
Russia,Pskov,oblast,Velikiye Luki,raion
Russia,Pskov,oblast,Pskov,urban okrug
Russia,Pskov,oblast,Velikiye Luki,urban okrug
Russia,Rostov,oblast,Aksay,raion
Russia,Rostov,oblast,Azov,raion
Russia,Rostov,oblast,Bagayevskaya,raion
Russia,Rostov,oblast,Belaya Kalitva,raion
Russia,Rostov,oblast,Bokovskaya,raion
Russia,Rostov,oblast,Bolshaya Martynovka,raion
Russia,Rostov,oblast,Chaltyr,raion
Russia,Rostov,oblast,Chertkovo,raion
Russia,Rostov,oblast,Dubovskoye,raion
Russia,Rostov,oblast,Gluboky,raion
Russia,Rostov,oblast,Kagalnitskaya,raion
Russia,Rostov,oblast,Kamenolomni,raion
Russia,Rostov,oblast,Kashary,raion
Russia,Rostov,oblast,Kazanskaya,raion
Russia,Rostov,oblast,Konstantinovsk,raion
Russia,Rostov,oblast,Krasny Sulin,raion
Russia,Rostov,oblast,Kuybyshevo,raion
Russia,Rostov,oblast,Matveyev Kurgan,raion
Russia,Rostov,oblast,Millerovo,raion
Russia,Rostov,oblast,Milyutinskaya,raion
Russia,Rostov,oblast,Morozovsk,raion
Russia,Rostov,oblast,Oblivskaya,raion
Russia,Rostov,oblast,Orlovsky,raion
Russia,Rostov,oblast,Peschanokopskoye,raion
Russia,Rostov,oblast,Pokrovskoye,raion
Russia,Rostov,oblast,Proletarsk,raion
Russia,Rostov,oblast,Remontnoye,raion
Russia,Rostov,oblast,Rodionovo-Nesvetayskaya,raion
Russia,Rostov,oblast,Romanovskaya,raion
Russia,Rostov,oblast,Salsk,raion
Russia,Rostov,oblast,Semikarakorsk,raion
Russia,Rostov,oblast,Sovetskaya,raion
Russia,Rostov,oblast,Tarasovsky,raion
Russia,Rostov,oblast,Tatsinskaya,raion
Russia,Rostov,oblast,Tselina,raion
Russia,Rostov,oblast,Tsimlyansk,raion
Russia,Rostov,oblast,Ust-Donetsky,raion
Russia,Rostov,oblast,Vesyoly,raion
Russia,Rostov,oblast,Vyoshenskaya,raion
Russia,Rostov,oblast,Yegorlykskaya,raion
Russia,Rostov,oblast,Zavetnoye,raion
Russia,Rostov,oblast,Zernograd,raion
Russia,Rostov,oblast,Zimovniki,raion
Russia,Rostov,oblast,Azov,urban okrug
Russia,Rostov,oblast,Bataysk,urban okrug
Russia,Rostov,oblast,Donetsk,urban okrug
Russia,Rostov,oblast,Gukovo,urban okrug
Russia,Rostov,oblast,Kamensk-Shakhtinsky,urban okrug
Russia,Rostov,oblast,Novocherkassk,urban okrug
Russia,Rostov,oblast,Novoshakhtinsk,urban okrug
Russia,Rostov,oblast,Rostov-on-Don,urban okrug
Russia,Rostov,oblast,Shakhty,urban okrug
Russia,Rostov,oblast,Taganrog,urban okrug
Russia,Rostov,oblast,Volgodonsk,urban okrug
Russia,Rostov,oblast,Zverevo,urban okrug
Russia,Ryazan,oblast,Alexandro-Nevsky,raion
Russia,Ryazan,oblast,Chuchkovo,raion
Russia,Ryazan,oblast,Kadom,raion
Russia,Ryazan,oblast,Kasimov,raion
Russia,Ryazan,oblast,Korablino,raion
Russia,Ryazan,oblast,Mikhaylov,raion
Russia,Ryazan,oblast,Miloslavskoye,raion
Russia,Ryazan,oblast,Pitelino,raion
Russia,Ryazan,oblast,Pronsk,raion
Russia,Ryazan,oblast,Putyatino,raion
Russia,Ryazan,oblast,Ryazan,raion
Russia,Ryazan,oblast,Ryazhsk,raion
Russia,Ryazan,oblast,Rybnoye,raion
Russia,Ryazan,oblast,Sapozhok,raion
Russia,Ryazan,oblast,Sarai,raion
Russia,Ryazan,oblast,Sasovo,raion
Russia,Ryazan,oblast,Shatsk,raion
Russia,Ryazan,oblast,Shilovo,raion
Russia,Ryazan,oblast,Skopin,raion
Russia,Ryazan,oblast,Spas-Klepiki,raion
Russia,Ryazan,oblast,Spassk-Ryazansky,raion
Russia,Ryazan,oblast,Starozhilovo,raion
Russia,Ryazan,oblast,Ukholovo,raion
Russia,Ryazan,oblast,Yermish,raion
Russia,Ryazan,oblast,Zakharovo,raion
Russia,Ryazan,oblast,Kasimov,urban okrug
Russia,Ryazan,oblast,Ryazan,urban okrug
Russia,Ryazan,oblast,Sasovo,urban okrug
Russia,Ryazan,oblast,Skopin,urban okrug
Russia,Saint Petersburg,federal city,Admiralty,administrative okrug
Russia,Saint Petersburg,federal city,Central,administrative okrug
Russia,Saint Petersburg,federal city,Frunze,administrative okrug
Russia,Saint Petersburg,federal city,Kalinin,administrative okrug
Russia,Saint Petersburg,federal city,Kirov,administrative okrug
Russia,Saint Petersburg,federal city,Kolpino,administrative okrug
Russia,Saint Petersburg,federal city,Krasnogvardeysky,administrative okrug
Russia,Saint Petersburg,federal city,Krasnoye Selo,administrative okrug
Russia,Saint Petersburg,federal city,Kronshtadt,administrative okrug
Russia,Saint Petersburg,federal city,Kurortny,administrative okrug
Russia,Saint Petersburg,federal city,Moscow,administrative okrug
Russia,Saint Petersburg,federal city,Neva,administrative okrug
Russia,Saint Petersburg,federal city,Petergof,administrative okrug
Russia,Saint Petersburg,federal city,Petrograd,administrative okrug
Russia,Saint Petersburg,federal city,Primorsk,administrative okrug
Russia,Saint Petersburg,federal city,Pushkin,administrative okrug
Russia,Saint Petersburg,federal city,Vasilyevsky Island,administrative okrug
Russia,Saint Petersburg,federal city,Vyborg,administrative okrug
Russia,Sakha,republic,Aldan,raion
Russia,Sakha,republic,Amga,raion
Russia,Sakha,republic,Batagay,raion
Russia,Sakha,republic,Batagay-Alyta,raion
Russia,Sakha,republic,Belaya Gora,raion
Russia,Sakha,republic,Berdigestyakh,raion
Russia,Sakha,republic,Borogontsy,raion
Russia,Sakha,republic,Chersky,raion
Russia,Sakha,republic,Chokurdakh,raion
Russia,Sakha,republic,Churapcha,raion
Russia,Sakha,republic,Deputatsky,raion
Russia,Sakha,republic,Khandyga,raion
Russia,Sakha,republic,Khonuu,raion
Russia,Sakha,republic,Lensk,raion
Russia,Sakha,republic,Mirny,raion
Russia,Sakha,republic,Namtsy,raion
Russia,Sakha,republic,Neryungri,raion
Russia,Sakha,republic,Nizhny Bestyakh,raion
Russia,Sakha,republic,Nyurba,raion
Russia,Sakha,republic,Olenyok,raion
Russia,Sakha,republic,Olyokminsk,raion
Russia,Sakha,republic,Pokrovsk,raion
Russia,Sakha,republic,Sangar,raion
Russia,Sakha,republic,Saskylakh,raion
Russia,Sakha,republic,Srednekolymsk,raion
Russia,Sakha,republic,Suntar,raion
Russia,Sakha,republic,Tiksi,raion
Russia,Sakha,republic,Ust-Maya,raion
Russia,Sakha,republic,Ust-Nera,raion
Russia,Sakha,republic,Verkhnevilyuysk,raion
Russia,Sakha,republic,Vilyuysk,raion
Russia,Sakha,republic,Ytyk-Kyuyol,raion
Russia,Sakha,republic,Zhigansk,raion
Russia,Sakha,republic,Zyryanka,raion
Russia,Sakha,republic,Yakutsk,urban okrug
Russia,Sakha,republic,Zhatay,urban okrug
Russia,Sakhalin,oblast,Alexandrovsk-Sakhalinsky,raion
Russia,Sakhalin,oblast,Aniva,raion
Russia,Sakhalin,oblast,Dolinsk,raion
Russia,Sakhalin,oblast,Kholmsk,raion
Russia,Sakhalin,oblast,Korsakov,raion
Russia,Sakhalin,oblast,Kurilsk,raion
Russia,Sakhalin,oblast,Makarov,raion
Russia,Sakhalin,oblast,Nevelsk,raion
Russia,Sakhalin,oblast,Nogliki,raion
Russia,Sakhalin,oblast,Okha,raion
Russia,Sakhalin,oblast,Poronaysk,raion
Russia,Sakhalin,oblast,Severo-Kurilsk,raion
Russia,Sakhalin,oblast,Smirnykh,raion
Russia,Sakhalin,oblast,Tomari,raion
Russia,Sakhalin,oblast,Tymovskoye,raion
Russia,Sakhalin,oblast,Uglegorsk,raion
Russia,Sakhalin,oblast,Yuzhno-Kurilsk,raion
Russia,Sakhalin,oblast,Yuzhno-Sakhalinsk,urban okrug
Russia,Samara,oblast,Alekseyevka,raion
Russia,Samara,oblast,Bezenchuk,raion
Russia,Samara,oblast,Bogatoye,raion
Russia,Samara,oblast,Bolshaya Chernigovka,raion
Russia,Samara,oblast,Bolshaya Glushitsa,raion
Russia,Samara,oblast,Borskoye,raion
Russia,Samara,oblast,Chelno-Vershiny,raion
Russia,Samara,oblast,Isakly,raion
Russia,Samara,oblast,Kamyshla,raion
Russia,Samara,oblast,Khvorostyanka,raion
Russia,Samara,oblast,Kinel,raion
Russia,Samara,oblast,Kinel-Cherkasy,raion
Russia,Samara,oblast,Klyavlino,raion
Russia,Samara,oblast,Koshki,raion
Russia,Samara,oblast,Krasnoarmeyskoye,raion
Russia,Samara,oblast,Krasny Yar,raion
Russia,Samara,oblast,Neftegorsk,raion
Russia,Samara,oblast,Pestravka,raion
Russia,Samara,oblast,Pokhvistnevo,raion
Russia,Samara,oblast,Privolzhye,raion
Russia,Samara,oblast,Samara,raion
Russia,Samara,oblast,Sergiyevsk,raion
Russia,Samara,oblast,Shentala,raion
Russia,Samara,oblast,Shigony,raion
Russia,Samara,oblast,Syzran,raion
Russia,Samara,oblast,Tolyatti,raion
Russia,Samara,oblast,Yelkhovka,raion
Russia,Samara,oblast,Chapayevsk,urban okrug
Russia,Samara,oblast,Kinel,urban okrug
Russia,Samara,oblast,Novokuybyshevsk,urban okrug
Russia,Samara,oblast,Oktyabrsk,urban okrug
Russia,Samara,oblast,Otradny,urban okrug
Russia,Samara,oblast,Pokhvistnevo,urban okrug
Russia,Samara,oblast,Samara,urban okrug
Russia,Samara,oblast,Syzran,urban okrug
Russia,Samara,oblast,Tolyatti,urban okrug
Russia,Samara,oblast,Zhigulyovsk,urban okrug
Russia,Saratov,oblast,Alexandrov Gay,raion
Russia,Saratov,oblast,Arkadak,raion
Russia,Saratov,oblast,Atkarsk,raion
Russia,Saratov,oblast,Balakovo,raion
Russia,Saratov,oblast,Balashov,raion
Russia,Saratov,oblast,Baltay,raion
Russia,Saratov,oblast,Bazarny Karabulak,raion
Russia,Saratov,oblast,Dergachi,raion
Russia,Saratov,oblast,Dukhovnitskoye,raion
Russia,Saratov,oblast,Engels,raion
Russia,Saratov,oblast,Gorny,raion
Russia,Saratov,oblast,Ivanteyevka,raion
Russia,Saratov,oblast,Kalininsk,raion
Russia,Saratov,oblast,Khvalynsk,raion
Russia,Saratov,oblast,Krasnoarmeysk,raion
Russia,Saratov,oblast,Krasny Kut,raion
Russia,Saratov,oblast,Lysye Gory,raion
Russia,Saratov,oblast,Marks,raion
Russia,Saratov,oblast,Mokrous,raion
Russia,Saratov,oblast,Novouzensk,raion
Russia,Saratov,oblast,Novye Burasy,raion
Russia,Saratov,oblast,Ozinki,raion
Russia,Saratov,oblast,Perelyub,raion
Russia,Saratov,oblast,Petrovsk,raion
Russia,Saratov,oblast,Piterka,raion
Russia,Saratov,oblast,Pugachyov,raion
Russia,Saratov,oblast,Romanovka,raion
Russia,Saratov,oblast,Rovnoye,raion
Russia,Saratov,oblast,Rtishchevo,raion
Russia,Saratov,oblast,Samoylovka,raion
Russia,Saratov,oblast,Saratov,raion
Russia,Saratov,oblast,Stepnoye,raion
Russia,Saratov,oblast,Tatishchevo,raion
Russia,Saratov,oblast,Turki,raion
Russia,Saratov,oblast,Volsk,raion
Russia,Saratov,oblast,Voskresenskoye,raion
Russia,Saratov,oblast,Yekaterinovka,raion
Russia,Saratov,oblast,Yershov,raion
Russia,Saratov,oblast,Mikhaylovsky,urban okrug
Russia,Saratov,oblast,Saratov,urban okrug
Russia,Saratov,oblast,Shikhany,urban okrug
Russia,Saratov,oblast,Svetly,urban okrug
Russia,Smolensk,oblast,Demidov,raion
Russia,Smolensk,oblast,Dorogobuzh,raion
Russia,Smolensk,oblast,Dukhovshchina,raion
Russia,Smolensk,oblast,Gagarin,raion
Russia,Smolensk,oblast,Glinka,raion
Russia,Smolensk,oblast,Kardymovo,raion
Russia,Smolensk,oblast,Khislavichi,raion
Russia,Smolensk,oblast,Kholm-Zhirkovsky,raion
Russia,Smolensk,oblast,Krasny,raion
Russia,Smolensk,oblast,Monastyrshchina,raion
Russia,Smolensk,oblast,Novodugino,raion
Russia,Smolensk,oblast,Pochinok,raion
Russia,Smolensk,oblast,Roslavl,raion
Russia,Smolensk,oblast,Rudnya,raion
Russia,Smolensk,oblast,Safonovo,raion
Russia,Smolensk,oblast,Shumyachi,raion
Russia,Smolensk,oblast,Smolensk,raion
Russia,Smolensk,oblast,Sychevka,raion
Russia,Smolensk,oblast,Tyomkino,raion
Russia,Smolensk,oblast,Ugra,raion
Russia,Smolensk,oblast,Velizh,raion
Russia,Smolensk,oblast,Vyazma,raion
Russia,Smolensk,oblast,Yartsevo,raion
Russia,Smolensk,oblast,Yelnya,raion
Russia,Smolensk,oblast,Yershichi,raion
Russia,Smolensk,oblast,Desnogorsk,urban okrug
Russia,Smolensk,oblast,Smolensk,urban okrug
Russia,Stavropol,krai,Alexandrovskoye,raion
Russia,Stavropol,krai,Arzgir,raion
Russia,Stavropol,krai,Blagodarny,raion
Russia,Stavropol,krai,Budyonnovsk,raion
Russia,Stavropol,krai,Divnoye,raion
Russia,Stavropol,krai,Donskoye,raion
Russia,Stavropol,krai,Georgiyevsk,raion
Russia,Stavropol,krai,Grachyovka,raion
Russia,Stavropol,krai,Ipatovo,raion
Russia,Stavropol,krai,Izobilny,raion
Russia,Stavropol,krai,Kochubeyevskoye,raion
Russia,Stavropol,krai,Krasnogvardeyskoye,raion
Russia,Stavropol,krai,Kursavka,raion
Russia,Stavropol,krai,Kurskaya,raion
Russia,Stavropol,krai,Letnyaya Stavka,raion
Russia,Stavropol,krai,Levokumskoye,raion
Russia,Stavropol,krai,Mikhaylovsk,raion
Russia,Stavropol,krai,Mineralnye Vody,raion
Russia,Stavropol,krai,Neftekumsk,raion
Russia,Stavropol,krai,Novoalexandrovsk,raion
Russia,Stavropol,krai,Novopavlovsk,raion
Russia,Stavropol,krai,Novoselitskoye,raion
Russia,Stavropol,krai,Stepnoye,raion
Russia,Stavropol,krai,Svetlograd,raion
Russia,Stavropol,krai,Yessentukskaya,raion
Russia,Stavropol,krai,Zelenokumsk,raion
Russia,Stavropol,krai,Budyonnovsk,urban okrug
Russia,Stavropol,krai,Georgiyevsk,urban okrug
Russia,Stavropol,krai,Kislovodsk,urban okrug
Russia,Stavropol,krai,Lermontov,urban okrug
Russia,Stavropol,krai,Mineralnye Vody,urban okrug
Russia,Stavropol,krai,Nevinnomyssk,urban okrug
Russia,Stavropol,krai,Pyatigorsk,urban okrug
Russia,Stavropol,krai,Stavropol,urban okrug
Russia,Stavropol,krai,Yessentuki,urban okrug
Russia,Stavropol,krai,Zheleznovodsk,urban okrug
Russia,Sverdlovsk,oblast,Achit,raion
Russia,Sverdlovsk,oblast,Alapayevsk,raion
Russia,Sverdlovsk,oblast,Arti,raion
Russia,Sverdlovsk,oblast,Artyomovsky,raion
Russia,Sverdlovsk,oblast,Baykalovo,raion
Russia,Sverdlovsk,oblast,Beloyarsky,raion
Russia,Sverdlovsk,oblast,Bogdanovich,raion
Russia,Sverdlovsk,oblast,Gari,raion
Russia,Sverdlovsk,oblast,Irbit,raion
Russia,Sverdlovsk,oblast,Kamensk-Uralsky,raion
Russia,Sverdlovsk,oblast,Kamyshlov,raion
Russia,Sverdlovsk,oblast,Krasnoufimsk,raion
Russia,Sverdlovsk,oblast,Nevyansk,raion
Russia,Sverdlovsk,oblast,Nizhniye Sergi,raion
Russia,Sverdlovsk,oblast,Nizhny Tagil,raion
Russia,Sverdlovsk,oblast,Novaya Lyalya,raion
Russia,Sverdlovsk,oblast,Pyshma,raion
Russia,Sverdlovsk,oblast,Rezh,raion
Russia,Sverdlovsk,oblast,Serov,raion
Russia,Sverdlovsk,oblast,Shalya,raion
Russia,Sverdlovsk,oblast,Sukhoy Log,raion
Russia,Sverdlovsk,oblast,Sysert,raion
Russia,Sverdlovsk,oblast,Tabory,raion
Russia,Sverdlovsk,oblast,Talitsa,raion
Russia,Sverdlovsk,oblast,Tavda,raion
Russia,Sverdlovsk,oblast,Tugulym,raion
Russia,Sverdlovsk,oblast,Turinsk,raion
Russia,Sverdlovsk,oblast,Turinskaya Sloboda,raion
Russia,Sverdlovsk,oblast,Verkhnyaya Salda,raion
Russia,Sverdlovsk,oblast,Verkhoturye,raion
Russia,Sverdlovsk,oblast,Alapayevsk,urban okrug
Russia,Sverdlovsk,oblast,Aramil,urban okrug
Russia,Sverdlovsk,oblast,Asbest,urban okrug
Russia,Sverdlovsk,oblast,Beryozovsky,urban okrug
Russia,Sverdlovsk,oblast,Bisert,urban okrug
Russia,Sverdlovsk,oblast,Degtyarsk,urban okrug
Russia,Sverdlovsk,oblast,Irbit,urban okrug
Russia,Sverdlovsk,oblast,Ivdel,urban okrug
Russia,Sverdlovsk,oblast,Kachkanar,urban okrug
Russia,Sverdlovsk,oblast,Kamensk-Uralsky,urban okrug
Russia,Sverdlovsk,oblast,Kamyshlov,urban okrug
Russia,Sverdlovsk,oblast,Karpinsk,urban okrug
Russia,Sverdlovsk,oblast,Kirovgrad,urban okrug
Russia,Sverdlovsk,oblast,Krasnoturyinsk,urban okrug
Russia,Sverdlovsk,oblast,Krasnoufimsk,urban okrug
Russia,Sverdlovsk,oblast,Krasnouralsk,urban okrug
Russia,Sverdlovsk,oblast,Kushva,urban okrug
Russia,Sverdlovsk,oblast,Lesnoy,urban okrug
Russia,Sverdlovsk,oblast,Makhnyovo,urban okrug
Russia,Sverdlovsk,oblast,Malysheva,urban okrug
Russia,Sverdlovsk,oblast,Nizhny Tagil,urban okrug
Russia,Sverdlovsk,oblast,Nizhnyaya Salda,urban okrug
Russia,Sverdlovsk,oblast,Nizhnyaya Tura,urban okrug
Russia,Sverdlovsk,oblast,Novouralsk,urban okrug
Russia,Sverdlovsk,oblast,Pelym,urban okrug
Russia,Sverdlovsk,oblast,Pervouralsk,urban okrug
Russia,Sverdlovsk,oblast,Polevskoy,urban okrug
Russia,Sverdlovsk,oblast,Reftinsky,urban okrug
Russia,Sverdlovsk,oblast,Revda,urban okrug
Russia,Sverdlovsk,oblast,Serov,urban okrug
Russia,Sverdlovsk,oblast,Severouralsk,urban okrug
Russia,Sverdlovsk,oblast,Sredneuralsk,urban okrug
Russia,Sverdlovsk,oblast,Staroutkinsk,urban okrug
Russia,Sverdlovsk,oblast,Svobodny,urban okrug
Russia,Sverdlovsk,oblast,Uralsky,urban okrug
Russia,Sverdlovsk,oblast,Verkh-Neyvinsky,urban okrug
Russia,Sverdlovsk,oblast,Verkhneye Dubrovo,urban okrug
Russia,Sverdlovsk,oblast,Verkhny Tagil,urban okrug
Russia,Sverdlovsk,oblast,Verkhnyaya Pyshma,urban okrug
Russia,Sverdlovsk,oblast,Verkhnyaya Tura,urban okrug
Russia,Sverdlovsk,oblast,Volchansk,urban okrug
Russia,Sverdlovsk,oblast,Yekaterinburg,urban okrug
Russia,Sverdlovsk,oblast,Zarechny,urban okrug
Russia,Tambov,oblast,Bondari,raion
Russia,Tambov,oblast,Dmitriyevka,raion
Russia,Tambov,oblast,Gavrilovka 2-ya,raion
Russia,Tambov,oblast,Inzhavino,raion
Russia,Tambov,oblast,Kirsanov,raion
Russia,Tambov,oblast,Michurinsk,raion
Russia,Tambov,oblast,Mordovo,raion
Russia,Tambov,oblast,Morshansk,raion
Russia,Tambov,oblast,Muchkapsky,raion
Russia,Tambov,oblast,Pervomaysky,raion
Russia,Tambov,oblast,Petrovskoye,raion
Russia,Tambov,oblast,Pichayevo,raion
Russia,Tambov,oblast,Rasskazovo,raion
Russia,Tambov,oblast,Rzhaksa,raion
Russia,Tambov,oblast,Satinka,raion
Russia,Tambov,oblast,Sosnovka,raion
Russia,Tambov,oblast,Staroyuryevo,raion
Russia,Tambov,oblast,Tambov,raion
Russia,Tambov,oblast,Tokaryovka,raion
Russia,Tambov,oblast,Umyot,raion
Russia,Tambov,oblast,Uvarovo,raion
Russia,Tambov,oblast,Zherdevka,raion
Russia,Tambov,oblast,Znamenka,raion
Russia,Tambov,oblast,Kirsanov,urban okrug
Russia,Tambov,oblast,Kotovsk,urban okrug
Russia,Tambov,oblast,Michurinsk,urban okrug
Russia,Tambov,oblast,Morshansk,urban okrug
Russia,Tambov,oblast,Rasskazovo,urban okrug
Russia,Tambov,oblast,Tambov,urban okrug
Russia,Tambov,oblast,Uvarovo,urban okrug
Russia,Tatarstan,republic,Agryz,raion
Russia,Tatarstan,republic,Aksubayevo,raion
Russia,Tatarstan,republic,Aktanysh,raion
Russia,Tatarstan,republic,Alexeyevskoye,raion
Russia,Tatarstan,republic,Almetyevsk,raion
Russia,Tatarstan,republic,Apastovo,raion
Russia,Tatarstan,republic,Arsk,raion
Russia,Tatarstan,republic,Aznakayevo,raion
Russia,Tatarstan,republic,Baltasi,raion
Russia,Tatarstan,republic,Bavly,raion
Russia,Tatarstan,republic,Bazarnye Mataki,raion
Russia,Tatarstan,republic,Bogatye Saby,raion
Russia,Tatarstan,republic,Bolgar,raion
Russia,Tatarstan,republic,Bolshaya Atnya,raion
Russia,Tatarstan,republic,Bolshiye Kaybitsy,raion
Russia,Tatarstan,republic,Bugulma,raion
Russia,Tatarstan,republic,Buinsk,raion
Russia,Tatarstan,republic,Cheremshan,raion
Russia,Tatarstan,republic,Chistopol,raion
Russia,Tatarstan,republic,Kamskoye Ustye,raion
Russia,Tatarstan,republic,Kukmor,raion
Russia,Tatarstan,republic,Laishevo,raion
Russia,Tatarstan,republic,Leninogorsk,raion
Russia,Tatarstan,republic,Mamadysh,raion
Russia,Tatarstan,republic,Mendeleyevsk,raion
Russia,Tatarstan,republic,Menzelinsk,raion
Russia,Tatarstan,republic,Muslyumovo,raion
Russia,Tatarstan,republic,Naberezhnye Chelny,raion
Russia,Tatarstan,republic,Nizhnekamsk,raion
Russia,Tatarstan,republic,Novosheshminsk,raion
Russia,Tatarstan,republic,Nurlat,raion
Russia,Tatarstan,republic,Pestretsy,raion
Russia,Tatarstan,republic,Rybnaya Sloboda,raion
Russia,Tatarstan,republic,Sarmanovo,raion
Russia,Tatarstan,republic,Staroye Drozhzhanoye,raion
Russia,Tatarstan,republic,Tetyushi,raion
Russia,Tatarstan,republic,Tyulyachi,raion
Russia,Tatarstan,republic,Urussu,raion
Russia,Tatarstan,republic,Verkhny Uslon,raion
Russia,Tatarstan,republic,Vysokaya Gora,raion
Russia,Tatarstan,republic,Yelabuga,raion
Russia,Tatarstan,republic,Zainsk,raion
Russia,Tatarstan,republic,Zelenodolsk,raion
Russia,Tatarstan,republic,Kazan,urban okrug
Russia,Tatarstan,republic,Naberezhnye Chelny,urban okrug
Russia,Tomsk,oblast,Alexandrovskoye,raion
Russia,Tomsk,oblast,Asino,raion
Russia,Tomsk,oblast,Bakchar,raion
Russia,Tomsk,oblast,Bely Yar,raion
Russia,Tomsk,oblast,Kargasok,raion
Russia,Tomsk,oblast,Kolpashevo,raion
Russia,Tomsk,oblast,Kozhevnikovo,raion
Russia,Tomsk,oblast,Krivosheino,raion
Russia,Tomsk,oblast,Melnikovo,raion
Russia,Tomsk,oblast,Molchanovo,raion
Russia,Tomsk,oblast,Parabel,raion
Russia,Tomsk,oblast,Pervomayskoye,raion
Russia,Tomsk,oblast,Podgornoye,raion
Russia,Tomsk,oblast,Teguldet,raion
Russia,Tomsk,oblast,Tomsk,raion
Russia,Tomsk,oblast,Zyryanskoye,raion
Russia,Tomsk,oblast,Kedrovy,urban okrug
Russia,Tomsk,oblast,Seversk,urban okrug
Russia,Tomsk,oblast,Strezhevoy,urban okrug
Russia,Tomsk,oblast,Tomsk,urban okrug
Russia,Tula,oblast,Aleksin,raion
Russia,Tula,oblast,Arkhangelskoye,raion
Russia,Tula,oblast,Arsenyevo,raion
Russia,Tula,oblast,Belyov,raion
Russia,Tula,oblast,Bogoroditsk,raion
Russia,Tula,oblast,Chern,raion
Russia,Tula,oblast,Dubna,raion
Russia,Tula,oblast,Kimovsk,raion
Russia,Tula,oblast,Kireyevsk,raion
Russia,Tula,oblast,Kurkino,raion
Russia,Tula,oblast,Leninsky,raion
Russia,Tula,oblast,Novomoskovsk,raion
Russia,Tula,oblast,Odoyev,raion
Russia,Tula,oblast,Plavsk,raion
Russia,Tula,oblast,Shchyokino,raion
Russia,Tula,oblast,Suvorov,raion
Russia,Tula,oblast,Tyoploye,raion
Russia,Tula,oblast,Uzlovaya,raion
Russia,Tula,oblast,Venyov,raion
Russia,Tula,oblast,Volovo,raion
Russia,Tula,oblast,Yasnogorsk,raion
Russia,Tula,oblast,Yefremov,raion
Russia,Tula,oblast,Zaoksky,raion
Russia,Tula,oblast,Aleksin,urban okrug
Russia,Tula,oblast,Donskoy,urban okrug
Russia,Tula,oblast,Novogurovsky,urban okrug
Russia,Tula,oblast,Novomoskovsk,urban okrug
Russia,Tula,oblast,Slavny,urban okrug
Russia,Tula,oblast,Tula,urban okrug
Russia,Tula,oblast,Yefremov,urban okrug
Russia,Tuva,republic,Bay-Khaak,raion
Russia,Tuva,republic,Chaa-Khol,raion
Russia,Tuva,republic,Chadan,raion
Russia,Tuva,republic,Erzin,raion
Russia,Tuva,republic,Kaa-Khem,raion
Russia,Tuva,republic,Khandagayty,raion
Russia,Tuva,republic,Khovu-Aksy,raion
Russia,Tuva,republic,Kungurtug,raion
Russia,Tuva,republic,Kyzyl-Mazhalyk,raion
Russia,Tuva,republic,Mugur-Aksy,raion
Russia,Tuva,republic,Samagaltay,raion
Russia,Tuva,republic,Saryg-Sep,raion
Russia,Tuva,republic,Shagonar,raion
Russia,Tuva,republic,Sug-Aksy,raion
Russia,Tuva,republic,Teeli,raion
Russia,Tuva,republic,Toora-Khem,raion
Russia,Tuva,republic,Turan,raion
Russia,Tuva,republic,Ak-Dovurak,urban okrug
Russia,Tuva,republic,Kyzyl,urban okrug
Russia,Tver,oblast,Andreapol,raion
Russia,Tver,oblast,Bely,raion
Russia,Tver,oblast,Bezhetsk,raion
Russia,Tver,oblast,Bologoye,raion
Russia,Tver,oblast,Firovo,raion
Russia,Tver,oblast,Kalyazin,raion
Russia,Tver,oblast,Kashin,raion
Russia,Tver,oblast,Kesova Gora,raion
Russia,Tver,oblast,Kimry,raion
Russia,Tver,oblast,Konakovo,raion
Russia,Tver,oblast,Krasny Kholm,raion
Russia,Tver,oblast,Kuvshinovo,raion
Russia,Tver,oblast,Lesnoye,raion
Russia,Tver,oblast,Likhoslavl,raion
Russia,Tver,oblast,Maksatikha,raion
Russia,Tver,oblast,Molokovo,raion
Russia,Tver,oblast,Nelidovo,raion
Russia,Tver,oblast,Olenino,raion
Russia,Tver,oblast,Ostashkov,raion
Russia,Tver,oblast,Peno,raion
Russia,Tver,oblast,Rameshki,raion
Russia,Tver,oblast,Rzhev,raion
Russia,Tver,oblast,Sandovo,raion
Russia,Tver,oblast,Selizharovo,raion
Russia,Tver,oblast,Sonkovo,raion
Russia,Tver,oblast,Spirovo,raion
Russia,Tver,oblast,Staritsa,raion
Russia,Tver,oblast,Toropets,raion
Russia,Tver,oblast,Torzhok,raion
Russia,Tver,oblast,Tver,raion
Russia,Tver,oblast,Udomlya,raion
Russia,Tver,oblast,Vesyegonsk,raion
Russia,Tver,oblast,Vyshny Volochyok,raion
Russia,Tver,oblast,Zapadnaya Dvina,raion
Russia,Tver,oblast,Zharkovsky,raion
Russia,Tver,oblast,Zubtsov,raion
Russia,Tver,oblast,Kimry,urban okrug
Russia,Tver,oblast,Ozyorny,urban okrug
Russia,Tver,oblast,Rzhev,urban okrug
Russia,Tver,oblast,Solnechny,urban okrug
Russia,Tver,oblast,Torzhok,urban okrug
Russia,Tver,oblast,Tver,urban okrug
Russia,Tver,oblast,Vyshny Volochyok,urban okrug
Russia,Tyumen,oblast,Abatskoye,raion
Russia,Tyumen,oblast,Armizonskoye,raion
Russia,Tyumen,oblast,Aromashevo,raion
Russia,Tyumen,oblast,Berdyuzhye,raion
Russia,Tyumen,oblast,Bolshoye Sorokino,raion
Russia,Tyumen,oblast,Golyshmanovo,raion
Russia,Tyumen,oblast,Isetskoye,raion
Russia,Tyumen,oblast,Ishim,raion
Russia,Tyumen,oblast,Kazanskoye,raion
Russia,Tyumen,oblast,Nizhnyaya Tavda,raion
Russia,Tyumen,oblast,Omutinskoye,raion
Russia,Tyumen,oblast,Sladkovo,raion
Russia,Tyumen,oblast,Tobolsk,raion
Russia,Tyumen,oblast,Tyumen,raion
Russia,Tyumen,oblast,Uporovo,raion
Russia,Tyumen,oblast,Uvat,raion
Russia,Tyumen,oblast,Vagay,raion
Russia,Tyumen,oblast,Vikulovo,raion
Russia,Tyumen,oblast,Yalutorovsk,raion
Russia,Tyumen,oblast,Yarkovo,raion
Russia,Tyumen,oblast,Yurginskoye,raion
Russia,Tyumen,oblast,Zavodoukovsk,raion
Russia,Tyumen,oblast,Ishim,urban okrug
Russia,Tyumen,oblast,Tobolsk,urban okrug
Russia,Tyumen,oblast,Tyumen,urban okrug
Russia,Tyumen,oblast,Yalutorovsk,urban okrug
Russia,Tyumen,oblast,Zavodoukovsk,urban okrug
Russia,Udmurtia,republic,Alnashi,raion
Russia,Udmurtia,republic,Balezino,raion
Russia,Udmurtia,republic,Debyosy,raion
Russia,Udmurtia,republic,Glazov,raion
Russia,Udmurtia,republic,Grakhovo,raion
Russia,Udmurtia,republic,Igra,raion
Russia,Udmurtia,republic,Kambarka,raion
Russia,Udmurtia,republic,Karakulino,raion
Russia,Udmurtia,republic,Kez,raion
Russia,Udmurtia,republic,Kiyasovo,raion
Russia,Udmurtia,republic,Kizner,raion
Russia,Udmurtia,republic,Krasnogorskoye,raion
Russia,Udmurtia,republic,Malaya Purga,raion
Russia,Udmurtia,republic,Mozhga,raion
Russia,Udmurtia,republic,Selty,raion
Russia,Udmurtia,republic,Sharkan,raion
Russia,Udmurtia,republic,Sigayevo,raion
Russia,Udmurtia,republic,Syumsi,raion
Russia,Udmurtia,republic,Uva,raion
Russia,Udmurtia,republic,Vavozh,raion
Russia,Udmurtia,republic,Votkinsk,raion
Russia,Udmurtia,republic,Yakshur-Bodya,raion
Russia,Udmurtia,republic,Yar,raion
Russia,Udmurtia,republic,Yukamenskoye,raion
Russia,Udmurtia,republic,Zavyalovo,raion
Russia,Udmurtia,republic,Glazov,urban okrug
Russia,Udmurtia,republic,Izhevsk,urban okrug
Russia,Udmurtia,republic,Mozhga,urban okrug
Russia,Udmurtia,republic,Sarapul,urban okrug
Russia,Udmurtia,republic,Votkinsk,urban okrug
Russia,Ulyanovsk,oblast,Barysh,raion
Russia,Ulyanovsk,oblast,Bazarny Syzgan,raion
Russia,Ulyanovsk,oblast,Bolshoye Nagatkino,raion
Russia,Ulyanovsk,oblast,Cherdakly,raion
Russia,Ulyanovsk,oblast,Dimitrovgrad,raion
Russia,Ulyanovsk,oblast,Inza,raion
Russia,Ulyanovsk,oblast,Isheyevka,raion
Russia,Ulyanovsk,oblast,Karsun,raion
Russia,Ulyanovsk,oblast,Kuzovatovo,raion
Russia,Ulyanovsk,oblast,Mayna,raion
Russia,Ulyanovsk,oblast,Nikolayevka,raion
Russia,Ulyanovsk,oblast,Novaya Malykla,raion
Russia,Ulyanovsk,oblast,Novospasskoye,raion
Russia,Ulyanovsk,oblast,Pavlovka,raion
Russia,Ulyanovsk,oblast,Radishchevo,raion
Russia,Ulyanovsk,oblast,Sengiley,raion
Russia,Ulyanovsk,oblast,Staraya Kulatka,raion
Russia,Ulyanovsk,oblast,Staraya Mayna,raion
Russia,Ulyanovsk,oblast,Surskoye,raion
Russia,Ulyanovsk,oblast,Terenga,raion
Russia,Ulyanovsk,oblast,Veshkayma,raion
Russia,Ulyanovsk,oblast,Dimitrovgrad,urban okrug
Russia,Ulyanovsk,oblast,Novoulyanovsk,urban okrug
Russia,Ulyanovsk,oblast,Ulyanovsk,urban okrug
Russia,Vladimir,oblast,Alexandrov,raion
Russia,Vladimir,oblast,Gorokhovets,raion
Russia,Vladimir,oblast,Gus-Khrustalny,raion
Russia,Vladimir,oblast,Kameshkovo,raion
Russia,Vladimir,oblast,Kirzhach,raion
Russia,Vladimir,oblast,Kolchugino,raion
Russia,Vladimir,oblast,Kovrov,raion
Russia,Vladimir,oblast,Krasnaya Gorbatka,raion
Russia,Vladimir,oblast,Melenki,raion
Russia,Vladimir,oblast,Murom,raion
Russia,Vladimir,oblast,Petushki,raion
Russia,Vladimir,oblast,Sobinka,raion
Russia,Vladimir,oblast,Sudogda,raion
Russia,Vladimir,oblast,Suzdal,raion
Russia,Vladimir,oblast,Vyazniki,raion
Russia,Vladimir,oblast,Yuryev-Polsky,raion
Russia,Vladimir,oblast,Gus-Khrustalny,urban okrug
Russia,Vladimir,oblast,Kovrov,urban okrug
Russia,Vladimir,oblast,Murom,urban okrug
Russia,Vladimir,oblast,Raduzhny,urban okrug
Russia,Vladimir,oblast,Vladimir,urban okrug
Russia,Volgograd,oblast,Alexeyevskaya,raion
Russia,Volgograd,oblast,Bykovo,raion
Russia,Volgograd,oblast,Chernyshkovsky,raion
Russia,Volgograd,oblast,Danilovka,raion
Russia,Volgograd,oblast,Dubovka,raion
Russia,Volgograd,oblast,Frolovo,raion
Russia,Volgograd,oblast,Gorodishche,raion
Russia,Volgograd,oblast,Ilovlya,raion
Russia,Volgograd,oblast,Kalach-na-Donu,raion
Russia,Volgograd,oblast,Kamyshin,raion
Russia,Volgograd,oblast,Kletskaya,raion
Russia,Volgograd,oblast,Kotelnikovo,raion
Russia,Volgograd,oblast,Kotovo,raion
Russia,Volgograd,oblast,Kumylzhenskaya,raion
Russia,Volgograd,oblast,Leninsk,raion
Russia,Volgograd,oblast,Mikhaylovka,raion
Russia,Volgograd,oblast,Nekhayevskaya,raion
Russia,Volgograd,oblast,Nikolayevsk,raion
Russia,Volgograd,oblast,Novoanninsky,raion
Russia,Volgograd,oblast,Novonikolayevsky,raion
Russia,Volgograd,oblast,Oktyabrsky,raion
Russia,Volgograd,oblast,Olkhovka,raion
Russia,Volgograd,oblast,Pallasovka,raion
Russia,Volgograd,oblast,Preobrazhenskaya,raion
Russia,Volgograd,oblast,Rudnya,raion
Russia,Volgograd,oblast,Serafimovich,raion
Russia,Volgograd,oblast,Srednyaya Akhtuba,raion
Russia,Volgograd,oblast,Staraya Poltavka,raion
Russia,Volgograd,oblast,Surovikino,raion
Russia,Volgograd,oblast,Svetly Yar,raion
Russia,Volgograd,oblast,Uryupinsk,raion
Russia,Volgograd,oblast,Yelan,raion
Russia,Volgograd,oblast,Zhirnovsk,raion
Russia,Volgograd,oblast,Frolovo,urban okrug
Russia,Volgograd,oblast,Kamyshin,urban okrug
Russia,Volgograd,oblast,Mikhaylovka,urban okrug
Russia,Volgograd,oblast,Uryupinsk,urban okrug
Russia,Volgograd,oblast,Volgograd,urban okrug
Russia,Volgograd,oblast,Volzhsky,urban okrug
Russia,Vologda,oblast,Babayevo,raion
Russia,Vologda,oblast,Belozersk,raion
Russia,Vologda,oblast,Chagoda,raion
Russia,Vologda,oblast,Cherepovets,raion
Russia,Vologda,oblast,Gryazovets,raion
Russia,Vologda,oblast,Kaduy,raion
Russia,Vologda,oblast,Kharovsk,raion
Russia,Vologda,oblast,Kichmengsky Gorodok,raion
Russia,Vologda,oblast,Kirillov,raion
Russia,Vologda,oblast,Lipin Bor,raion
Russia,Vologda,oblast,Nikolsk,raion
Russia,Vologda,oblast,Nyuksenitsa,raion
Russia,Vologda,oblast,Sheksna,raion
Russia,Vologda,oblast,Shuyskoye,raion
Russia,Vologda,oblast,Sokol,raion
Russia,Vologda,oblast,Syamzha,raion
Russia,Vologda,oblast,Tarnogsky Gorodok,raion
Russia,Vologda,oblast,Totma,raion
Russia,Vologda,oblast,Ustye,raion
Russia,Vologda,oblast,Ustyuzhna,raion
Russia,Vologda,oblast,Veliky Ustyug,raion
Russia,Vologda,oblast,Verkhovazhye,raion
Russia,Vologda,oblast,Vologda,raion
Russia,Vologda,oblast,Vozhega,raion
Russia,Vologda,oblast,Vytegra,raion
Russia,Vologda,oblast,imeni Babushkina,raion
Russia,Vologda,oblast,Cherepovets,urban okrug
Russia,Vologda,oblast,Sokol,urban okrug
Russia,Vologda,oblast,Veliky Ustyug,urban okrug
Russia,Vologda,oblast,Vologda,urban okrug
Russia,Voronezh,oblast,Anna,raion
Russia,Voronezh,oblast,Bobrov,raion
Russia,Voronezh,oblast,Boguchar,raion
Russia,Voronezh,oblast,Borisoglebsk,raion
Russia,Voronezh,oblast,Buturlinovka,raion
Russia,Voronezh,oblast,Ertil,raion
Russia,Voronezh,oblast,Gribanovsky,raion
Russia,Voronezh,oblast,Kalach,raion
Russia,Voronezh,oblast,Kamenka,raion
Russia,Voronezh,oblast,Kantemirovka,raion
Russia,Voronezh,oblast,Kashirskoye,raion
Russia,Voronezh,oblast,Khokholsky,raion
Russia,Voronezh,oblast,Liski,raion
Russia,Voronezh,oblast,Nizhnedevitsk,raion
Russia,Voronezh,oblast,Novaya Usman,raion
Russia,Voronezh,oblast,Novokhopyorsk,raion
Russia,Voronezh,oblast,Olkhovatka,raion
Russia,Voronezh,oblast,Ostrogozhsk,raion
Russia,Voronezh,oblast,Panino,raion
Russia,Voronezh,oblast,Pavlovsk,raion
Russia,Voronezh,oblast,Petropavlovka,raion
Russia,Voronezh,oblast,Podgorensky,raion
Russia,Voronezh,oblast,Povorino,raion
Russia,Voronezh,oblast,Ramon,raion
Russia,Voronezh,oblast,Repyovka,raion
Russia,Voronezh,oblast,Rossosh,raion
Russia,Voronezh,oblast,Semiluki,raion
Russia,Voronezh,oblast,Talovaya,raion
Russia,Voronezh,oblast,Ternovka,raion
Russia,Voronezh,oblast,Verkhny Mamon,raion
Russia,Voronezh,oblast,Verkhnyaya Khava,raion
Russia,Voronezh,oblast,Vorobyovka,raion
Russia,Voronezh,oblast,Borisoglebsk,urban okrug
Russia,Voronezh,oblast,Novovoronezh,urban okrug
Russia,Voronezh,oblast,Voronezh,urban okrug
Russia,Yamalo-Nenets,autonomous okrug,Aksarka,raion
Russia,Yamalo-Nenets,autonomous okrug,Krasnoselkup,raion
Russia,Yamalo-Nenets,autonomous okrug,Muzhi,raion
Russia,Yamalo-Nenets,autonomous okrug,Nadym,raion
Russia,Yamalo-Nenets,autonomous okrug,Tarko-Sale,raion
Russia,Yamalo-Nenets,autonomous okrug,Tazovsky,raion
Russia,Yamalo-Nenets,autonomous okrug,Yar-Sale,raion
Russia,Yamalo-Nenets,autonomous okrug,Gubkinsky,urban okrug
Russia,Yamalo-Nenets,autonomous okrug,Labytnangi,urban okrug
Russia,Yamalo-Nenets,autonomous okrug,Muravlenko,urban okrug
Russia,Yamalo-Nenets,autonomous okrug,Nadym,urban okrug
Russia,Yamalo-Nenets,autonomous okrug,Novy Urengoy,urban okrug
Russia,Yamalo-Nenets,autonomous okrug,Noyabrsk,urban okrug
Russia,Yamalo-Nenets,autonomous okrug,Salekhard,urban okrug
Russia,Yaroslavl,oblast,Bolshoye Selo,raion
Russia,Yaroslavl,oblast,Borisoglebsky,raion
Russia,Yaroslavl,oblast,Breytovo,raion
Russia,Yaroslavl,oblast,Danilov,raion
Russia,Yaroslavl,oblast,Gavrilov-Yam,raion
Russia,Yaroslavl,oblast,Lyubim,raion
Russia,Yaroslavl,oblast,Myshkin,raion
Russia,Yaroslavl,oblast,Nekrasovskoye,raion
Russia,Yaroslavl,oblast,Novy Nekouz,raion
Russia,Yaroslavl,oblast,Pereslavl-Zalessky,raion
Russia,Yaroslavl,oblast,Poshekhonye,raion
Russia,Yaroslavl,oblast,Prechistoye,raion
Russia,Yaroslavl,oblast,Rostov,raion
Russia,Yaroslavl,oblast,Rybinsk,raion
Russia,Yaroslavl,oblast,Tutayev,raion
Russia,Yaroslavl,oblast,Uglich,raion
Russia,Yaroslavl,oblast,Yaroslavl,raion
Russia,Yaroslavl,oblast,Pereslavl-Zalessky,urban okrug
Russia,Yaroslavl,oblast,Rostov,urban okrug
Russia,Yaroslavl,oblast,Rybinsk,urban okrug
Russia,Yaroslavl,oblast,Tutayev,urban okrug
Russia,Yaroslavl,oblast,Uglich,urban okrug
Russia,Yaroslavl,oblast,Yaroslavl,urban okrug
Russia,Zabaykalsky,krai,Aginskoye,raion
Russia,Zabaykalsky,krai,Aksha,raion
Russia,Zabaykalsky,krai,Alexandrovsky Zavod,raion
Russia,Zabaykalsky,krai,Baley,raion
Russia,Zabaykalsky,krai,Borzya,raion
Russia,Zabaykalsky,krai,Chara,raion
Russia,Zabaykalsky,krai,Chernyshevsk,raion
Russia,Zabaykalsky,krai,Chita,raion
Russia,Zabaykalsky,krai,Duldurga,raion
Russia,Zabaykalsky,krai,Gazimursky Zavod,raion
Russia,Zabaykalsky,krai,Kalga,raion
Russia,Zabaykalsky,krai,Karymskoye,raion
Russia,Zabaykalsky,krai,Khilok,raion
Russia,Zabaykalsky,krai,Krasnokamensk,raion
Russia,Zabaykalsky,krai,Krasny Chikoy,raion
Russia,Zabaykalsky,krai,Kyra,raion
Russia,Zabaykalsky,krai,Mogocha,raion
Russia,Zabaykalsky,krai,Mogoytuy,raion
Russia,Zabaykalsky,krai,Nerchinsk,raion
Russia,Zabaykalsky,krai,Nerchinsky Zavod,raion
Russia,Zabaykalsky,krai,Nizhny Tsasuchey,raion
Russia,Zabaykalsky,krai,Olovyannaya,raion
Russia,Zabaykalsky,krai,Petrovsk-Zabaykalsky,raion
Russia,Zabaykalsky,krai,Priargunsk,raion
Russia,Zabaykalsky,krai,Shelopugino,raion
Russia,Zabaykalsky,krai,Shilka,raion
Russia,Zabaykalsky,krai,Sretensk,raion
Russia,Zabaykalsky,krai,Tupik,raion
Russia,Zabaykalsky,krai,Ulyoty,raion
Russia,Zabaykalsky,krai,Verkh-Usugli,raion
Russia,Zabaykalsky,krai,Zabaykalsk,raion
Russia,Zabaykalsky,krai,Aginskoye,urban okrug
Russia,Zabaykalsky,krai,Chita,urban okrug
Russia,Zabaykalsky,krai,Gorny,urban okrug
Russia,Zabaykalsky,krai,Petrovsk-Zabaykalsky,urban okrug
San Marino,Acquaviva,municipality,,
San Marino,Borgo Maggiore,municipality,,
San Marino,Chiesanuova,municipality,,
San Marino,Domagnano,municipality,,
San Marino,Faetano,municipality,,
San Marino,Fiorentino,municipality,,
San Marino,Montegiardino,municipality,,
San Marino,San Marino,municipality,,
San Marino,Serravalle,municipality,,
Slovakia,Banská Bystrica,region,Banská Bystrica,district
Slovakia,Banská Bystrica,region,Banská Štiavnica,district
Slovakia,Banská Bystrica,region,Brezno,district
Slovakia,Banská Bystrica,region,Detva,district
Slovakia,Banská Bystrica,region,Krupina,district
Slovakia,Banská Bystrica,region,Lučenec,district
Slovakia,Banská Bystrica,region,Poltár,district
Slovakia,Banská Bystrica,region,Revúca,district
Slovakia,Banská Bystrica,region,Rimavská Sobota,district
Slovakia,Banská Bystrica,region,Veľký Krtíš,district
Slovakia,Banská Bystrica,region,Zvolen,district
Slovakia,Banská Bystrica,region,Žarnovica,district
Slovakia,Banská Bystrica,region,Žiar nad Hronom,district
Slovakia,Bratislava,region,Bratislava I,district
Slovakia,Bratislava,region,Bratislava II,district
Slovakia,Bratislava,region,Bratislava III,district
Slovakia,Bratislava,region,Bratislava IV,district
Slovakia,Bratislava,region,Bratislava V,district
Slovakia,Bratislava,region,Malacky,district
Slovakia,Bratislava,region,Pezinok,district
Slovakia,Bratislava,region,Senec,district
Slovakia,Košice,region,Gelnica,district
Slovakia,Košice,region,Košice I,district
Slovakia,Košice,region,Košice II,district
Slovakia,Košice,region,Košice III,district
Slovakia,Košice,region,Košice IV,district
Slovakia,Košice,region,Košice-okolie,district
Slovakia,Košice,region,Michalovce,district
Slovakia,Košice,region,Rožňava,district
Slovakia,Košice,region,Sobrance,district
Slovakia,Košice,region,Spišská Nová Ves,district
Slovakia,Košice,region,Trebišov,district
Slovakia,Nitra,region,Komárno,district
Slovakia,Nitra,region,Levice,district
Slovakia,Nitra,region,Nitra,district
Slovakia,Nitra,region,Nové Zámky,district
Slovakia,Nitra,region,Šaľa,district
Slovakia,Nitra,region,Topoľčany,district
Slovakia,Nitra,region,Zlaté Moravce,district
Slovakia,Prešov,region,Bardejov,district
Slovakia,Prešov,region,Humenné,district
Slovakia,Prešov,region,Kežmarok,district
Slovakia,Prešov,region,Levoča,district
Slovakia,Prešov,region,Medzilaborce,district
Slovakia,Prešov,region,Poprad,district
Slovakia,Prešov,region,Prešov,district
Slovakia,Prešov,region,Sabinov,district
Slovakia,Prešov,region,Snina,district
Slovakia,Prešov,region,Stará Ľubovňa,district
Slovakia,Prešov,region,Stropkov,district
Slovakia,Prešov,region,Svidník,district
Slovakia,Prešov,region,Vranov nad Topľou,district
Slovakia,Trenčín,region,Bánovce nad Bebravou,district
Slovakia,Trenčín,region,Ilava,district
Slovakia,Trenčín,region,Myjava,district
Slovakia,Trenčín,region,Nové Mesto nad Váhom,district
Slovakia,Trenčín,region,Partizánske,district
Slovakia,Trenčín,region,Považská Bystrica,district
Slovakia,Trenčín,region,Prievidza,district
Slovakia,Trenčín,region,Púchov,district
Slovakia,Trenčín,region,Trenčín,district
Slovakia,Trnava,region,Dunajská Streda,district
Slovakia,Trnava,region,Galanta,district
Slovakia,Trnava,region,Hlohovec,district
Slovakia,Trnava,region,Piešťany,district
Slovakia,Trnava,region,Senica,district
Slovakia,Trnava,region,Skalica,district
Slovakia,Trnava,region,Trnava,district
Slovakia,Žilina,region,Bytča,district
Slovakia,Žilina,region,Čadca,district
Slovakia,Žilina,region,Dolný Kubín,district
Slovakia,Žilina,region,Kysucké Nové Mesto,district
Slovakia,Žilina,region,Liptovský Mikuláš,district
Slovakia,Žilina,region,Martin,district
Slovakia,Žilina,region,Námestovo,district
Slovakia,Žilina,region,Ružomberok,district
Slovakia,Žilina,region,Turčianske Teplice,district
Slovakia,Žilina,region,Tvrdošín,district
Slovakia,Žilina,region,Žilina,district
Slovenia,Carinthia,statistical region,Dravograd,municipality
Slovenia,Carinthia,statistical region,Mežica,municipality
Slovenia,Carinthia,statistical region,Mislinja,municipality
Slovenia,Carinthia,statistical region,Muta,municipality
Slovenia,Carinthia,statistical region,Podvelka,municipality
Slovenia,Carinthia,statistical region,Prevalje,municipality
Slovenia,Carinthia,statistical region,Radlje ob Dravi,municipality
Slovenia,Carinthia,statistical region,Ravne na Koroškem,municipality
Slovenia,Carinthia,statistical region,Ribnica na Pohorju,municipality
Slovenia,Carinthia,statistical region,Slovenj Gradec,urban municipality
Slovenia,Carinthia,statistical region,Vuzenica,municipality
Slovenia,Carinthia,statistical region,Črna na Koroškem,municipality
Slovenia,Central Sava,statistical region,Hrastnik,municipality
Slovenia,Central Sava,statistical region,Litija,municipality
Slovenia,Central Sava,statistical region,Trbovlje,municipality
Slovenia,Central Sava,statistical region,Zagorje ob Savi,municipality
Slovenia,Central Slovenia,statistical region,Borovnica,municipality
Slovenia,Central Slovenia,statistical region,Brezovica,municipality
Slovenia,Central Slovenia,statistical region,Dobrepolje,municipality
Slovenia,Central Slovenia,statistical region,Dobrova-Polhov Gradec,municipality
Slovenia,Central Slovenia,statistical region,Dol pri Ljubljani,municipality
Slovenia,Central Slovenia,statistical region,Domžale,municipality
Slovenia,Central Slovenia,statistical region,Grosuplje,municipality
Slovenia,Central Slovenia,statistical region,Horjul,municipality
Slovenia,Central Slovenia,statistical region,Ig,municipality
Slovenia,Central Slovenia,statistical region,Ivančna Gorica,municipality
Slovenia,Central Slovenia,statistical region,Kamnik,municipality
Slovenia,Central Slovenia,statistical region,Komenda,municipality
Slovenia,Central Slovenia,statistical region,Ljubljana,urban municipality
Slovenia,Central Slovenia,statistical region,Log-Dragomer,municipality
Slovenia,Central Slovenia,statistical region,Logatec,municipality
Slovenia,Central Slovenia,statistical region,Lukovica,municipality
Slovenia,Central Slovenia,statistical region,Medvode,municipality
Slovenia,Central Slovenia,statistical region,Mengeš,municipality
Slovenia,Central Slovenia,statistical region,Moravče,municipality
Slovenia,Central Slovenia,statistical region,Trzin,municipality
Slovenia,Central Slovenia,statistical region,Velike Lašče,municipality
Slovenia,Central Slovenia,statistical region,Vodice,municipality
Slovenia,Central Slovenia,statistical region,Vrhnika,municipality
Slovenia,Central Slovenia,statistical region,Škofljica,municipality
Slovenia,Central Slovenia,statistical region,Šmartno pri Litiji,municipality
Slovenia,Coastal–Karst,statistical region,Ankaran,municipality
Slovenia,Coastal–Karst,statistical region,Divača,municipality
Slovenia,Coastal–Karst,statistical region,Hrpelje-Kozina,municipality
Slovenia,Coastal–Karst,statistical region,Izola,municipality
Slovenia,Coastal–Karst,statistical region,Komen,municipality
Slovenia,Coastal–Karst,statistical region,Koper,urban municipality
Slovenia,Coastal–Karst,statistical region,Piran,municipality
Slovenia,Coastal–Karst,statistical region,Sežana,municipality
Slovenia,Drava,statistical region,Benedikt,municipality
Slovenia,Drava,statistical region,Cerkvenjak,municipality
Slovenia,Drava,statistical region,Cirkulane,municipality
Slovenia,Drava,statistical region,Destrnik,municipality
Slovenia,Drava,statistical region,Dornava,municipality
Slovenia,Drava,statistical region,Duplek,municipality
Slovenia,Drava,statistical region,Gorišnica,municipality
Slovenia,Drava,statistical region,Hajdina,municipality
Slovenia,Drava,statistical region,Hoče-Slivnica,municipality
Slovenia,Drava,statistical region,Juršinci,municipality
Slovenia,Drava,statistical region,Kidričevo,municipality
Slovenia,Drava,statistical region,Kungota,municipality
Slovenia,Drava,statistical region,Lenart,municipality
Slovenia,Drava,statistical region,Lovrenc na Pohorju,municipality
Slovenia,Drava,statistical region,Majšperk,municipality
Slovenia,Drava,statistical region,Makole,municipality
Slovenia,Drava,statistical region,Maribor,urban municipality
Slovenia,Drava,statistical region,Markovci,municipality
Slovenia,Drava,statistical region,Miklavž na Dravskem polju,municipality
Slovenia,Drava,statistical region,Oplotnica,municipality
Slovenia,Drava,statistical region,Ormož,municipality
Slovenia,Drava,statistical region,Pesnica,municipality
Slovenia,Drava,statistical region,Podlehnik,municipality
Slovenia,Drava,statistical region,Poljčane,municipality
Slovenia,Drava,statistical region,Ptuj,urban municipality
Slovenia,Drava,statistical region,Rače-Fram,municipality
Slovenia,Drava,statistical region,Ruše,municipality
Slovenia,Drava,statistical region,Selnica ob Dravi,municipality
Slovenia,Drava,statistical region,Slovenska Bistrica,municipality
Slovenia,Drava,statistical region,Središče ob Dravi,municipality
Slovenia,Drava,statistical region,Starše,municipality
Slovenia,Drava,statistical region,Sveta Ana,municipality
Slovenia,Drava,statistical region,Sveta Trojica v Slovenskih goricah,municipality
Slovenia,Drava,statistical region,Sveti Andraž v Slovenskih goricah,municipality
Slovenia,Drava,statistical region,Sveti Jurij v Slovenskih goricah,municipality
Slovenia,Drava,statistical region,Sveti Tomaž,municipality
Slovenia,Drava,statistical region,Trnovska vas,municipality
Slovenia,Drava,statistical region,Videm,municipality
Slovenia,Drava,statistical region,Zavrč,municipality
Slovenia,Drava,statistical region,Šentilj,municipality
Slovenia,Drava,statistical region,Žetale,municipality
Slovenia,Gorizia,statistical region,Ajdovščina,municipality
Slovenia,Gorizia,statistical region,Bovec,municipality
Slovenia,Gorizia,statistical region,Brda,municipality
Slovenia,Gorizia,statistical region,Cerkno,municipality
Slovenia,Gorizia,statistical region,Idrija,municipality
Slovenia,Gorizia,statistical region,Kanal ob Soči,municipality
Slovenia,Gorizia,statistical region,Kobarid,municipality
Slovenia,Gorizia,statistical region,Miren-Kostanjevica,municipality
Slovenia,Gorizia,statistical region,Nova Gorica,urban municipality
Slovenia,Gorizia,statistical region,Renče-Vogrsko,municipality
Slovenia,Gorizia,statistical region,Tolmin,municipality
Slovenia,Gorizia,statistical region,Vipava,municipality
Slovenia,Gorizia,statistical region,Šempeter-Vrtojba,municipality
Slovenia,Littoral–Inner Carniola,statistical region,Bloke,municipality
Slovenia,Littoral–Inner Carniola,statistical region,Cerknica,municipality
Slovenia,Littoral–Inner Carniola,statistical region,Ilirska Bistrica,municipality
Slovenia,Littoral–Inner Carniola,statistical region,Loška dolina,municipality
Slovenia,Littoral–Inner Carniola,statistical region,Pivka,municipality
Slovenia,Littoral–Inner Carniola,statistical region,Postojna,municipality
Slovenia,Lower Sava,statistical region,Bistrica ob Sotli,municipality
Slovenia,Lower Sava,statistical region,Brežice,municipality
Slovenia,Lower Sava,statistical region,Kostanjevica na Krki,municipality
Slovenia,Lower Sava,statistical region,Krško,urban municipality
Slovenia,Lower Sava,statistical region,Radeče,municipality
Slovenia,Lower Sava,statistical region,Sevnica,municipality
Slovenia,Mura,statistical region,Apače,municipality
Slovenia,Mura,statistical region,Beltinci,municipality
Slovenia,Mura,statistical region,Cankova,municipality
Slovenia,Mura,statistical region,Dobrovnik,municipality
Slovenia,Mura,statistical region,Gornja Radgona,municipality
Slovenia,Mura,statistical region,Gornji Petrovci,municipality
Slovenia,Mura,statistical region,Grad,municipality
Slovenia,Mura,statistical region,Hodoš,municipality
Slovenia,Mura,statistical region,Kobilje,municipality
Slovenia,Mura,statistical region,Križevci,municipality
Slovenia,Mura,statistical region,Kuzma,municipality
Slovenia,Mura,statistical region,Lendava,municipality
Slovenia,Mura,statistical region,Ljutomer,municipality
Slovenia,Mura,statistical region,Moravske Toplice,municipality
Slovenia,Mura,statistical region,Murska Sobota,urban municipality
Slovenia,Mura,statistical region,Odranci,municipality
Slovenia,Mura,statistical region,Puconci,municipality
Slovenia,Mura,statistical region,Radenci,municipality
Slovenia,Mura,statistical region,Razkrižje,municipality
Slovenia,Mura,statistical region,Rogašovci,municipality
Slovenia,Mura,statistical region,Sveti Jurij ob Ščavnici,municipality
Slovenia,Mura,statistical region,Tišina,municipality
Slovenia,Mura,statistical region,Turnišče,municipality
Slovenia,Mura,statistical region,Velika Polana,municipality
Slovenia,Mura,statistical region,Veržej,municipality
Slovenia,Mura,statistical region,Črenšovci,municipality
Slovenia,Mura,statistical region,Šalovci,municipality
Slovenia,Savinja,statistical region,Braslovče,municipality
Slovenia,Savinja,statistical region,Celje,urban municipality
Slovenia,Savinja,statistical region,Dobje,municipality
Slovenia,Savinja,statistical region,Dobrna,municipality
Slovenia,Savinja,statistical region,Gornji Grad,municipality
Slovenia,Savinja,statistical region,Kozje,municipality
Slovenia,Savinja,statistical region,Laško,municipality
Slovenia,Savinja,statistical region,Ljubno,municipality
Slovenia,Savinja,statistical region,Luče,municipality
Slovenia,Savinja,statistical region,Mozirje,municipality
Slovenia,Savinja,statistical region,Nazarje,municipality
Slovenia,Savinja,statistical region,Podčetrtek,municipality
Slovenia,Savinja,statistical region,Polzela,municipality
Slovenia,Savinja,statistical region,Prebold,municipality
Slovenia,Savinja,statistical region,Rečica ob Savinji,municipality
Slovenia,Savinja,statistical region,Rogatec,municipality
Slovenia,Savinja,statistical region,Rogaška Slatina,municipality
Slovenia,Savinja,statistical region,Slovenske Konjice,municipality
Slovenia,Savinja,statistical region,Solčava,municipality
Slovenia,Savinja,statistical region,Tabor,municipality
Slovenia,Savinja,statistical region,Velenje,urban municipality
Slovenia,Savinja,statistical region,Vitanje,municipality
Slovenia,Savinja,statistical region,Vojnik,municipality
Slovenia,Savinja,statistical region,Vransko,municipality
Slovenia,Savinja,statistical region,Zreče,municipality
Slovenia,Savinja,statistical region,Šentjur,municipality
Slovenia,Savinja,statistical region,Šmarje pri Jelšah,municipality
Slovenia,Savinja,statistical region,Šmartno ob Paki,municipality
Slovenia,Savinja,statistical region,Šoštanj,municipality
Slovenia,Savinja,statistical region,Štore,municipality
Slovenia,Savinja,statistical region,Žalec,municipality
Slovenia,Southeast Slovenia,statistical region,Dolenjske Toplice,municipality
Slovenia,Southeast Slovenia,statistical region,Kostel,municipality
Slovenia,Southeast Slovenia,statistical region,Kočevje,municipality
Slovenia,Southeast Slovenia,statistical region,Loški Potok,municipality
Slovenia,Southeast Slovenia,statistical region,Metlika,municipality
Slovenia,Southeast Slovenia,statistical region,Mirna,municipality
Slovenia,Southeast Slovenia,statistical region,Mirna Peč,municipality
Slovenia,Southeast Slovenia,statistical region,Mokronog-Trebelno,municipality
Slovenia,Southeast Slovenia,statistical region,Novo mesto,urban municipality
Slovenia,Southeast Slovenia,statistical region,Osilnica,municipality
Slovenia,Southeast Slovenia,statistical region,Ribnica,municipality
Slovenia,Southeast Slovenia,statistical region,Semič,municipality
Slovenia,Southeast Slovenia,statistical region,Sodražica,municipality
Slovenia,Southeast Slovenia,statistical region,Straža,municipality
Slovenia,Southeast Slovenia,statistical region,Trebnje,municipality
Slovenia,Southeast Slovenia,statistical region,Črnomelj,municipality
Slovenia,Southeast Slovenia,statistical region,Šentjernej,municipality
Slovenia,Southeast Slovenia,statistical region,Šentrupert,municipality
Slovenia,Southeast Slovenia,statistical region,Škocjan,municipality
Slovenia,Southeast Slovenia,statistical region,Šmarješke Toplice,municipality
Slovenia,Southeast Slovenia,statistical region,Žužemberk,municipality
Slovenia,Upper Carniola,statistical region,Bled,municipality
Slovenia,Upper Carniola,statistical region,Bohinj,municipality
Slovenia,Upper Carniola,statistical region,Cerklje na Gorenjskem,municipality
Slovenia,Upper Carniola,statistical region,Gorenja vas-Poljane,municipality
Slovenia,Upper Carniola,statistical region,Gorje,municipality
Slovenia,Upper Carniola,statistical region,Jesenice,municipality
Slovenia,Upper Carniola,statistical region,Jezersko,municipality
Slovenia,Upper Carniola,statistical region,Kranj,urban municipality
Slovenia,Upper Carniola,statistical region,Kranjska Gora,municipality
Slovenia,Upper Carniola,statistical region,Naklo,municipality
Slovenia,Upper Carniola,statistical region,Preddvor,municipality
Slovenia,Upper Carniola,statistical region,Radovljica,municipality
Slovenia,Upper Carniola,statistical region,Tržič,municipality
Slovenia,Upper Carniola,statistical region,Šenčur,municipality
Slovenia,Upper Carniola,statistical region,Škofja Loka,municipality
Slovenia,Upper Carniola,statistical region,Železniki,municipality
Slovenia,Upper Carniola,statistical region,Žiri,municipality
Slovenia,Upper Carniola,statistical region,Žirovnica,municipality
Spain,Andalusia,autonomous community,Almería,province
Spain,Andalusia,autonomous community,Cádiz,province
Spain,Andalusia,autonomous community,Córdoba,province
Spain,Andalusia,autonomous community,Granada,province
Spain,Andalusia,autonomous community,Huelva,province
Spain,Andalusia,autonomous community,Jaén,province
Spain,Andalusia,autonomous community,Málaga,province
Spain,Andalusia,autonomous community,Seville,province
Spain,Aragon,autonomous community,Huesca,province
Spain,Aragon,autonomous community,Teruel,province
Spain,Aragon,autonomous community,Zaragoza,province
Spain,Asturias,autonomous community,Asturias,province
Spain,Balearic Islands,autonomous community,Balearic Islands,province
Spain,Basque Country,autonomous community,Biscay,province
Spain,Basque Country,autonomous community,Gipuzkoa,province
Spain,Basque Country,autonomous community,Álava,province
Spain,Canary Islands,autonomous community,Las Palmas,province
Spain,Canary Islands,autonomous community,Santa Cruz de Tenerife,province
Spain,Cantabria,autonomous community,Cantabria,province
Spain,Castile-La Mancha,autonomous community,Albacete,province
Spain,Castile-La Mancha,autonomous community,Ciudad Real,province
Spain,Castile-La Mancha,autonomous community,Cuenca,province
Spain,Castile-La Mancha,autonomous community,Guadalajara,province
Spain,Castile-La Mancha,autonomous community,Toledo,province
Spain,Castile and León,autonomous community,Burgos,province
Spain,Castile and León,autonomous community,León,province
Spain,Castile and León,autonomous community,Palencia,province
Spain,Castile and León,autonomous community,Salamanca,province
Spain,Castile and León,autonomous community,Segovia,province
Spain,Castile and León,autonomous community,Soria,province
Spain,Castile and León,autonomous community,Valladolid,province
Spain,Castile and León,autonomous community,Zamora,province
Spain,Castile and León,autonomous community,Ávila,province
Spain,Catalonia,autonomous community,Barcelona,province
Spain,Catalonia,autonomous community,Girona,province
Spain,Catalonia,autonomous community,Lleida,province
Spain,Catalonia,autonomous community,Tarragona,province
Spain,Ceuta,autonomous city,,
Spain,Extremadura,autonomous community,Badajoz,province
Spain,Extremadura,autonomous community,Cáceres,province
Spain,Galicia,autonomous community,A Coruña,province
Spain,Galicia,autonomous community,Lugo,province
Spain,Galicia,autonomous community,Ourense,province
Spain,Galicia,autonomous community,Pontevedra,province
Spain,La Rioja,autonomous community,La Rioja,province
Spain,Madrid,autonomous community,Madrid,province
Spain,Melilla,autonomous city,,
Spain,Murcia,autonomous community,Murcia,province
Spain,Navarre,autonomous community,Navarre,province
Spain,Valencian Community,autonomous community,Alicante,province
Spain,Valencian Community,autonomous community,Castellón,province
Spain,Valencian Community,autonomous community,Valencia,province
Sweden,Blekinge,county,Karlshamn,municipality
Sweden,Blekinge,county,Karlskrona,municipality
Sweden,Blekinge,county,Olofström,municipality
Sweden,Blekinge,county,Ronneby,municipality
Sweden,Blekinge,county,Sölvesborg,municipality
Sweden,Dalarna,county,Avesta,municipality
Sweden,Dalarna,county,Borlänge,municipality
Sweden,Dalarna,county,Falun,municipality
Sweden,Dalarna,county,Gagnef,municipality
Sweden,Dalarna,county,Hedemora,municipality
Sweden,Dalarna,county,Leksand,municipality
Sweden,Dalarna,county,Ludvika,municipality
Sweden,Dalarna,county,Malung-Sälen,municipality
Sweden,Dalarna,county,Mora,municipality
Sweden,Dalarna,county,Orsa,municipality
Sweden,Dalarna,county,Rättvik,municipality
Sweden,Dalarna,county,Smedjebacken,municipality
Sweden,Dalarna,county,Säter,municipality
Sweden,Dalarna,county,Vansbro,municipality
Sweden,Dalarna,county,Älvdalen,municipality
Sweden,Gotland,county,Gotland,municipality
Sweden,Gävleborg,county,Bollnäs,municipality
Sweden,Gävleborg,county,Gävle,municipality
Sweden,Gävleborg,county,Hofors,municipality
Sweden,Gävleborg,county,Hudiksvall,municipality
Sweden,Gävleborg,county,Ljusdal,municipality
Sweden,Gävleborg,county,Nordanstig,municipality
Sweden,Gävleborg,county,Ockelbo,municipality
Sweden,Gävleborg,county,Ovanåker,municipality
Sweden,Gävleborg,county,Sandviken,municipality
Sweden,Gävleborg,county,Söderhamn,municipality
Sweden,Halland,county,Falkenberg,municipality
Sweden,Halland,county,Halmstad,municipality
Sweden,Halland,county,Hylte,municipality
Sweden,Halland,county,Kungsbacka,municipality
Sweden,Halland,county,Laholm,municipality
Sweden,Halland,county,Varberg,municipality
Sweden,Jämtland,county,Berg,municipality
Sweden,Jämtland,county,Bräcke,municipality
Sweden,Jämtland,county,Härjedalen,municipality
Sweden,Jämtland,county,Krokom,municipality
Sweden,Jämtland,county,Ragunda,municipality
Sweden,Jämtland,county,Strömsund,municipality
Sweden,Jämtland,county,Åre,municipality
Sweden,Jämtland,county,Östersund,municipality
Sweden,Jönköping,county,Aneby,municipality
Sweden,Jönköping,county,Eksjö,municipality
Sweden,Jönköping,county,Gislaved,municipality
Sweden,Jönköping,county,Gnosjö,municipality
Sweden,Jönköping,county,Habo,municipality
Sweden,Jönköping,county,Jönköping,municipality
Sweden,Jönköping,county,Mullsjö,municipality
Sweden,Jönköping,county,Nässjö,municipality
Sweden,Jönköping,county,Sävsjö,municipality
Sweden,Jönköping,county,Tranås,municipality
Sweden,Jönköping,county,Vaggeryd,municipality
Sweden,Jönköping,county,Vetlanda,municipality
Sweden,Jönköping,county,Värnamo,municipality
Sweden,Kronoberg,county,Alvesta,municipality
Sweden,Kronoberg,county,Lessebo,municipality
Sweden,Kronoberg,county,Ljungby,municipality
Sweden,Kronoberg,county,Markaryd,municipality
Sweden,Kronoberg,county,Tingsryd,municipality
Sweden,Kronoberg,county,Uppvidinge,municipality
Sweden,Kronoberg,county,Växjö,municipality
Sweden,Kronoberg,county,Älmhult,municipality
Sweden,Norrbotten,county,Arjeplog,municipality
Sweden,Norrbotten,county,Arvidsjaur,municipality
Sweden,Norrbotten,county,Boden,municipality
Sweden,Norrbotten,county,Gällivare,municipality
Sweden,Norrbotten,county,Haparanda,municipality
Sweden,Norrbotten,county,Jokkmokk,municipality
Sweden,Norrbotten,county,Kalix,municipality
Sweden,Norrbotten,county,Kiruna,municipality
Sweden,Norrbotten,county,Luleå,municipality
Sweden,Norrbotten,county,Pajala,municipality
Sweden,Norrbotten,county,Piteå,municipality
Sweden,Norrbotten,county,Älvsbyn,municipality
Sweden,Norrbotten,county,Överkalix,municipality
Sweden,Norrbotten,county,Övertorneå,municipality
Sweden,Skåne,county,Bjuv,municipality
Sweden,Skåne,county,Bromölla,municipality
Sweden,Skåne,county,Burlöv,municipality
Sweden,Skåne,county,Båstad,municipality
Sweden,Skåne,county,Eslöv,municipality
Sweden,Skåne,county,Helsingborg,municipality
Sweden,Skåne,county,Hässleholm,municipality
Sweden,Skåne,county,Höganäs,municipality
Sweden,Skåne,county,Hörby,municipality
Sweden,Skåne,county,Höör,municipality
Sweden,Skåne,county,Klippan,municipality
Sweden,Skåne,county,Kristianstad,municipality
Sweden,Skåne,county,Kävlinge,municipality
Sweden,Skåne,county,Landskrona,municipality
Sweden,Skåne,county,Lomma,municipality
Sweden,Skåne,county,Lund,municipality
Sweden,Skåne,county,Malmö,municipality
Sweden,Skåne,county,Osby,municipality
Sweden,Skåne,county,Perstorp,municipality
Sweden,Skåne,county,Simrishamn,municipality
Sweden,Skåne,county,Sjöbo,municipality
Sweden,Skåne,county,Skurup,municipality
Sweden,Skåne,county,Staffanstorp,municipality
Sweden,Skåne,county,Svalöv,municipality
Sweden,Skåne,county,Svedala,municipality
Sweden,Skåne,county,Tomelilla,municipality
Sweden,Skåne,county,Trelleborg,municipality
Sweden,Skåne,county,Ystad,municipality
Sweden,Skåne,county,Ängelholm,municipality
Sweden,Skåne,county,Åstorp,municipality
Sweden,Skåne,county,Örkelljunga,municipality
Sweden,Skåne,county,Östra Göinge,municipality
Sweden,Stockholm,county,Botkyrka,municipality
Sweden,Stockholm,county,Danderyd,municipality
Sweden,Stockholm,county,Ekerö,municipality
Sweden,Stockholm,county,Haninge,municipality
Sweden,Stockholm,county,Huddinge,municipality
Sweden,Stockholm,county,Järfälla,municipality
Sweden,Stockholm,county,Lidingö,municipality
Sweden,Stockholm,county,Nacka,municipality
Sweden,Stockholm,county,Norrtälje,municipality
Sweden,Stockholm,county,Nykvarn,municipality
Sweden,Stockholm,county,Nynäshamn,municipality
Sweden,Stockholm,county,Salem,municipality
Sweden,Stockholm,county,Sigtuna,municipality
Sweden,Stockholm,county,Sollentuna,municipality
Sweden,Stockholm,county,Solna,municipality
Sweden,Stockholm,county,Stockholm,municipality
Sweden,Stockholm,county,Sundbyberg,municipality
Sweden,Stockholm,county,Södertälje,municipality
Sweden,Stockholm,county,Tyresö,municipality
Sweden,Stockholm,county,Täby,municipality
Sweden,Stockholm,county,Upplands Väsby,municipality
Sweden,Stockholm,county,Upplands-Bro,municipality
Sweden,Stockholm,county,Vallentuna,municipality
Sweden,Stockholm,county,Vaxholm,municipality
Sweden,Stockholm,county,Värmdö,municipality
Sweden,Stockholm,county,Österåker,municipality
Sweden,Södermanland,county,Eskilstuna,municipality
Sweden,Södermanland,county,Flen,municipality
Sweden,Södermanland,county,Gnesta,municipality
Sweden,Södermanland,county,Katrineholm,municipality
Sweden,Södermanland,county,Nyköping,municipality
Sweden,Södermanland,county,Oxelösund,municipality
Sweden,Södermanland,county,Strängnäs,municipality
Sweden,Södermanland,county,Trosa,municipality
Sweden,Södermanland,county,Vingåker,municipality
Sweden,Uppsala,county,Enköping,municipality
Sweden,Uppsala,county,Heby,municipality
Sweden,Uppsala,county,Håbo,municipality
Sweden,Uppsala,county,Knivsta,municipality
Sweden,Uppsala,county,Tierp,municipality
Sweden,Uppsala,county,Uppsala,municipality
Sweden,Uppsala,county,Älvkarleby,municipality
Sweden,Uppsala,county,Östhammar,municipality
Sweden,Värmland,county,Arvika,municipality
Sweden,Värmland,county,Eda,municipality
Sweden,Värmland,county,Filipstad,municipality
Sweden,Värmland,county,Forshaga,municipality
Sweden,Värmland,county,Grums,municipality
Sweden,Värmland,county,Hagfors,municipality
Sweden,Värmland,county,Hammarö,municipality
Sweden,Värmland,county,Karlstad,municipality
Sweden,Värmland,county,Kil,municipality
Sweden,Värmland,county,Kristinehamn,municipality
Sweden,Värmland,county,Munkfors,municipality
Sweden,Värmland,county,Storfors,municipality
Sweden,Värmland,county,Sunne,municipality
Sweden,Värmland,county,Säffle,municipality
Sweden,Värmland,county,Torsby,municipality
Sweden,Värmland,county,Årjäng,municipality
Sweden,Västerbotten,county,Bjurholm,municipality
Sweden,Västerbotten,county,Dorotea,municipality
Sweden,Västerbotten,county,Lycksele,municipality
Sweden,Västerbotten,county,Malå,municipality
Sweden,Västerbotten,county,Nordmaling,municipality
Sweden,Västerbotten,county,Norsjö,municipality
Sweden,Västerbotten,county,Robertsfors,municipality
Sweden,Västerbotten,county,Skellefteå,municipality
Sweden,Västerbotten,county,Sorsele,municipality
Sweden,Västerbotten,county,Storuman,municipality
Sweden,Västerbotten,county,Umeå,municipality
Sweden,Västerbotten,county,Vilhelmina,municipality
Sweden,Västerbotten,county,Vindeln,municipality
Sweden,Västerbotten,county,Vännäs,municipality
Sweden,Västerbotten,county,Åsele,municipality
Sweden,Västernorrland,county,Härnösand,municipality
Sweden,Västernorrland,county,Kramfors,municipality
Sweden,Västernorrland,county,Sollefteå,municipality
Sweden,Västernorrland,county,Sundsvall,municipality
Sweden,Västernorrland,county,Timrå,municipality
Sweden,Västernorrland,county,Ånge,municipality
Sweden,Västernorrland,county,Örnsköldsvik,municipality
Sweden,Västmanland,county,Arboga,municipality
Sweden,Västmanland,county,Fagersta,municipality
Sweden,Västmanland,county,Hallstahammar,municipality
Sweden,Västmanland,county,Kungsör,municipality
Sweden,Västmanland,county,Köping,municipality
Sweden,Västmanland,county,Norberg,municipality
Sweden,Västmanland,county,Sala,municipality
Sweden,Västmanland,county,Skinnskatteberg,municipality
Sweden,Västmanland,county,Surahammar,municipality
Sweden,Västmanland,county,Västerås,municipality
Sweden,Västra Götaland,county,Ale,municipality
Sweden,Västra Götaland,county,Alingsås,municipality
Sweden,Västra Götaland,county,Bengtsfors,municipality
Sweden,Västra Götaland,county,Bollebygd,municipality
Sweden,Västra Götaland,county,Borås,municipality
Sweden,Västra Götaland,county,Dals-Ed,municipality
Sweden,Västra Götaland,county,Essunga,municipality
Sweden,Västra Götaland,county,Falköping,municipality
Sweden,Västra Götaland,county,Färgelanda,municipality
Sweden,Västra Götaland,county,Gothenburg,municipality
Sweden,Västra Götaland,county,Grästorp,municipality
Sweden,Västra Götaland,county,Gullspång,municipality
Sweden,Västra Götaland,county,Götene,municipality
Sweden,Västra Götaland,county,Herrljunga,municipality
Sweden,Västra Götaland,county,Hjo,municipality
Sweden,Västra Götaland,county,Härryda,municipality
Sweden,Västra Götaland,county,Karlsborg,municipality
Sweden,Västra Götaland,county,Kungälv,municipality
Sweden,Västra Götaland,county,Lerum,municipality
Sweden,Västra Götaland,county,Lidköping,municipality
Sweden,Västra Götaland,county,Lilla Edet,municipality
Sweden,Västra Götaland,county,Lysekil,municipality
Sweden,Västra Götaland,county,Mariestad,municipality
Sweden,Västra Götaland,county,Mark,municipality
Sweden,Västra Götaland,county,Mellerud,municipality
Sweden,Västra Götaland,county,Munkedal,municipality
Sweden,Västra Götaland,county,Mölndal,municipality
Sweden,Västra Götaland,county,Orust,municipality
Sweden,Västra Götaland,county,Partille,municipality
Sweden,Västra Götaland,county,Skara,municipality
Sweden,Västra Götaland,county,Skövde,municipality
Sweden,Västra Götaland,county,Sotenäs,municipality
Sweden,Västra Götaland,county,Stenungsund,municipality
Sweden,Västra Götaland,county,Strömstad,municipality
Sweden,Västra Götaland,county,Svenljunga,municipality
Sweden,Västra Götaland,county,Tanum,municipality
Sweden,Västra Götaland,county,Tibro,municipality
Sweden,Västra Götaland,county,Tidaholm,municipality
Sweden,Västra Götaland,county,Tjörn,municipality
Sweden,Västra Götaland,county,Tranemo,municipality
Sweden,Västra Götaland,county,Trollhättan,municipality
Sweden,Västra Götaland,county,Töreboda,municipality
Sweden,Västra Götaland,county,Uddevalla,municipality
Sweden,Västra Götaland,county,Ulricehamn,municipality
Sweden,Västra Götaland,county,Vara,municipality
Sweden,Västra Götaland,county,Vänersborg,municipality
Sweden,Västra Götaland,county,Vårgårda,municipality
Sweden,Västra Götaland,county,Åmål,municipality
Sweden,Västra Götaland,county,Öckerö,municipality
Sweden,Örebro,county,Askersund,municipality
Sweden,Örebro,county,Degerfors,municipality
Sweden,Örebro,county,Hallsberg,municipality
Sweden,Örebro,county,Hällefors,municipality
Sweden,Örebro,county,Karlskoga,municipality
Sweden,Örebro,county,Kumla,municipality
Sweden,Örebro,county,Laxå,municipality
Sweden,Örebro,county,Lekeberg,municipality
Sweden,Örebro,county,Lindesberg,municipality
Sweden,Örebro,county,Ljusnarsberg,municipality
Sweden,Örebro,county,Nora,municipality
Sweden,Örebro,county,Örebro,municipality
Switzerland,Aargau,canton,Aarau,district
Switzerland,Aargau,canton,Baden,district
Switzerland,Aargau,canton,Bremgarten,district
Switzerland,Aargau,canton,Brugg,district
Switzerland,Aargau,canton,Kulm,district
Switzerland,Aargau,canton,Laufenburg,district
Switzerland,Aargau,canton,Lenzburg,district
Switzerland,Aargau,canton,Muri,district
Switzerland,Aargau,canton,Rheinfelden,district
Switzerland,Aargau,canton,Zofingen,district
Switzerland,Aargau,canton,Zurzach,district
Switzerland,Appenzell Ausserrhoden,canton,,
Switzerland,Appenzell Innerrhoden,canton,,
Switzerland,Basel-Landschaft,canton,Arlesheim,district
Switzerland,Basel-Landschaft,canton,Laufen,district
Switzerland,Basel-Landschaft,canton,Liestal,district
Switzerland,Basel-Landschaft,canton,Sissach,district
Switzerland,Basel-Landschaft,canton,Waldenburg,district
Switzerland,Basel-Stadt,canton,,
Switzerland,Bern,canton,Bern-Mittelland,district
Switzerland,Bern,canton,Biel/Bienne,district
Switzerland,Bern,canton,Emmental,district
Switzerland,Bern,canton,Frutigen-Niedersimmental,district
Switzerland,Bern,canton,Interlaken-Oberhasli,district
Switzerland,Bern,canton,Jura bernois,district
Switzerland,Bern,canton,Oberaargau,district
Switzerland,Bern,canton,Obersimmental-Saanen,district
Switzerland,Bern,canton,Seeland,district
Switzerland,Bern,canton,Thun,district
Switzerland,Fribourg,canton,Broye,district
Switzerland,Fribourg,canton,Glâne,district
Switzerland,Fribourg,canton,Gruyère,district
Switzerland,Fribourg,canton,Sarine,district
Switzerland,Fribourg,canton,See/Lac,district
Switzerland,Fribourg,canton,Sense,district
Switzerland,Fribourg,canton,Veveyse,district
Switzerland,Geneva,canton,,
Switzerland,Glarus,canton,,
Switzerland,Grisons,canton,Albula,district
Switzerland,Grisons,canton,Bernina,district
Switzerland,Grisons,canton,Engiadina Bassa/Val Müstair,district
Switzerland,Grisons,canton,Imboden,district
Switzerland,Grisons,canton,Landquart,district
Switzerland,Grisons,canton,Maloja,district
Switzerland,Grisons,canton,Moesa,district
Switzerland,Grisons,canton,Plessur,district
Switzerland,Grisons,canton,Prättigau/Davos,district
Switzerland,Grisons,canton,Surselva,district
Switzerland,Grisons,canton,Viamala,district
Switzerland,Jura,canton,Delémont,district
Switzerland,Jura,canton,Franches-Montagnes,district
Switzerland,Jura,canton,Moutier,district
Switzerland,Jura,canton,Porrentruy,district
Switzerland,Lucerne,canton,Entlebuch,district
Switzerland,Lucerne,canton,Hochdorf,district
Switzerland,Lucerne,canton,Luzern-Land,district
Switzerland,Lucerne,canton,Luzern-Stadt,district
Switzerland,Lucerne,canton,Sursee,district
Switzerland,Lucerne,canton,Willisau,district
Switzerland,Neuchâtel,canton,,
Switzerland,Nidwalden,canton,,
Switzerland,Obwalden,canton,,
Switzerland,Schaffhausen,canton,Oberklettgau,district
Switzerland,Schaffhausen,canton,Reiat,district
Switzerland,Schaffhausen,canton,Schaffhausen,district
Switzerland,Schaffhausen,canton,Schleitheim,district
Switzerland,Schaffhausen,canton,Stein,district
Switzerland,Schaffhausen,canton,Unterklettgau,district
Switzerland,Schwyz,canton,Einsiedeln,district
Switzerland,Schwyz,canton,Gersau,district
Switzerland,Schwyz,canton,Höfe,district
Switzerland,Schwyz,canton,Küssnacht,district
Switzerland,Schwyz,canton,March,district
Switzerland,Schwyz,canton,Schwyz,district
Switzerland,Solothurn,canton,Bucheggberg,district
Switzerland,Solothurn,canton,Dorneck,district
Switzerland,Solothurn,canton,Gäu,district
Switzerland,Solothurn,canton,Gösgen,district
Switzerland,Solothurn,canton,Lebern,district
Switzerland,Solothurn,canton,Olten,district
Switzerland,Solothurn,canton,Solothurn,district
Switzerland,Solothurn,canton,Thal,district
Switzerland,Solothurn,canton,Thierstein,district
Switzerland,Solothurn,canton,Wasseramt,district
Switzerland,St. Gallen,canton,Rheintal,district
Switzerland,St. Gallen,canton,Rorschach,district
Switzerland,St. Gallen,canton,Sarganserland,district
Switzerland,St. Gallen,canton,See-Gaster,district
Switzerland,St. Gallen,canton,St. Gallen,district
Switzerland,St. Gallen,canton,Toggenburg,district
Switzerland,St. Gallen,canton,Werdenberg,district
Switzerland,St. Gallen,canton,Wil,district
Switzerland,Thurgau,canton,Arbon,district
Switzerland,Thurgau,canton,Frauenfeld,district
Switzerland,Thurgau,canton,Kreuzlingen,district
Switzerland,Thurgau,canton,Münchwilen,district
Switzerland,Thurgau,canton,Weinfelden,district
Switzerland,Ticino,canton,Bellinzona,district
Switzerland,Ticino,canton,Blenio,district
Switzerland,Ticino,canton,Leventina,district
Switzerland,Ticino,canton,Locarno,district
Switzerland,Ticino,canton,Lugano,district
Switzerland,Ticino,canton,Mendrisio,district
Switzerland,Ticino,canton,Riviera,district
Switzerland,Ticino,canton,Vallemaggia,district
Switzerland,Uri,canton,,
Switzerland,Valais,canton,Brig,district
Switzerland,Valais,canton,Conthey,district
Switzerland,Valais,canton,Entremont,district
Switzerland,Valais,canton,Goms,district
Switzerland,Valais,canton,Hérens,district
Switzerland,Valais,canton,Leuk,district
Switzerland,Valais,canton,Martigny,district
Switzerland,Valais,canton,Monthey,district
Switzerland,Valais,canton,Raron,district
Switzerland,Valais,canton,Saint-Maurice,district
Switzerland,Valais,canton,Sierre,district
Switzerland,Valais,canton,Sion,district
Switzerland,Valais,canton,Visp,district
Switzerland,Vaud,canton,Aigle,district
Switzerland,Vaud,canton,Broye-Vully,district
Switzerland,Vaud,canton,Gros-de-Vaud,district
Switzerland,Vaud,canton,Jura-Nord vaudois,district
Switzerland,Vaud,canton,Lausanne,district
Switzerland,Vaud,canton,Lavaux-Oron,district
Switzerland,Vaud,canton,Morges,district
Switzerland,Vaud,canton,Nyon,district
Switzerland,Vaud,canton,Ouest lausannois,district
Switzerland,Vaud,canton,Riviera-Pays-d'Enhaut,district
Switzerland,Zug,canton,,
Switzerland,Zürich,canton,Affoltern,district
Switzerland,Zürich,canton,Andelfingen,district
Switzerland,Zürich,canton,Bülach,district
Switzerland,Zürich,canton,Dielsdorf,district
Switzerland,Zürich,canton,Dietikon,district
Switzerland,Zürich,canton,Hinwil,district
Switzerland,Zürich,canton,Horgen,district
Switzerland,Zürich,canton,Meilen,district
Switzerland,Zürich,canton,Pfäffikon,district
Switzerland,Zürich,canton,Uster,district
Switzerland,Zürich,canton,Winterthur,district
Switzerland,Zürich,canton,Zürich,district
Ukraine,Cherkasy,oblast,Cherkasy,district
Ukraine,Cherkasy,oblast,Uman,district
Ukraine,Cherkasy,oblast,Zolotonosha,district
Ukraine,Cherkasy,oblast,Zvenyhorodka,district
Ukraine,Chernihiv,oblast,Chernihiv,district
Ukraine,Chernihiv,oblast,Koriukivka,district
Ukraine,Chernihiv,oblast,Nizhyn,district
Ukraine,Chernihiv,oblast,Novhorod-Siverskyi,district
Ukraine,Chernihiv,oblast,Pryluky,district
Ukraine,Chernivtsi,oblast,Chernivtsi,district
Ukraine,Chernivtsi,oblast,Dnistrovskyi,district
Ukraine,Chernivtsi,oblast,Vyzhnytsia,district
Ukraine,Crimea,autonomous republic,Bakhchysarai,district
Ukraine,Crimea,autonomous republic,Bilohirsk,district
Ukraine,Crimea,autonomous republic,Dzhankoi,district
Ukraine,Crimea,autonomous republic,Feodosia,district
Ukraine,Crimea,autonomous republic,Kerch,district
Ukraine,Crimea,autonomous republic,Kurman,district
Ukraine,Crimea,autonomous republic,Perekop,district
Ukraine,Crimea,autonomous republic,Simferopol,district
Ukraine,Crimea,autonomous republic,Yalta,district
Ukraine,Crimea,autonomous republic,Yevpatoria,district
Ukraine,Dnipropetrovsk,oblast,Dnipro,district
Ukraine,Dnipropetrovsk,oblast,Kamianske,district
Ukraine,Dnipropetrovsk,oblast,Kryvyi Rih,district
Ukraine,Dnipropetrovsk,oblast,Nikopol,district
Ukraine,Dnipropetrovsk,oblast,Pavlohrad,district
Ukraine,Dnipropetrovsk,oblast,Samar,district
Ukraine,Dnipropetrovsk,oblast,Synelnykove,district
Ukraine,Donetsk,oblast,Bakhmut,district
Ukraine,Donetsk,oblast,Donetsk,district
Ukraine,Donetsk,oblast,Horlivka,district
Ukraine,Donetsk,oblast,Kalmiuske,district
Ukraine,Donetsk,oblast,Kramatorsk,district
Ukraine,Donetsk,oblast,Mariupol,district
Ukraine,Donetsk,oblast,Pokrovsk,district
Ukraine,Donetsk,oblast,Volnovakha,district
Ukraine,Ivano-Frankivsk,oblast,Ivano-Frankivsk,district
Ukraine,Ivano-Frankivsk,oblast,Kalush,district
Ukraine,Ivano-Frankivsk,oblast,Kolomyia,district
Ukraine,Ivano-Frankivsk,oblast,Kosiv,district
Ukraine,Ivano-Frankivsk,oblast,Nadvirna,district
Ukraine,Ivano-Frankivsk,oblast,Verkhovyna,district
Ukraine,Kharkiv,oblast,Berestyn,district
Ukraine,Kharkiv,oblast,Bohodukhiv,district
Ukraine,Kharkiv,oblast,Chuhuiv,district
Ukraine,Kharkiv,oblast,Izium,district
Ukraine,Kharkiv,oblast,Kharkiv,district
Ukraine,Kharkiv,oblast,Kupiansk,district
Ukraine,Kharkiv,oblast,Lozova,district
Ukraine,Kherson,oblast,Beryslav,district
Ukraine,Kherson,oblast,Henichesk,district
Ukraine,Kherson,oblast,Kakhovka,district
Ukraine,Kherson,oblast,Kherson,district
Ukraine,Kherson,oblast,Skadovsk,district
Ukraine,Khmelnytskyi,oblast,Kamianets-Podilskyi,district
Ukraine,Khmelnytskyi,oblast,Khmelnytskyi,district
Ukraine,Khmelnytskyi,oblast,Shepetivka,district
Ukraine,Kirovohrad,oblast,Holovanivsk,district
Ukraine,Kirovohrad,oblast,Kropyvnytskyi,district
Ukraine,Kirovohrad,oblast,Novoukrainka,district
Ukraine,Kirovohrad,oblast,Oleksandriia,district
Ukraine,Kyiv,oblast,Bila Tserkva,district
Ukraine,Kyiv,oblast,Boryspil,district
Ukraine,Kyiv,oblast,Brovary,district
Ukraine,Kyiv,oblast,Bucha,district
Ukraine,Kyiv,oblast,Fastiv,district
Ukraine,Kyiv,oblast,Obukhiv,district
Ukraine,Kyiv,oblast,Vyshhorod,district
Ukraine,Kyiv,city,Darnytskyi,district
Ukraine,Kyiv,city,Desnianskyi,district
Ukraine,Kyiv,city,Dniprovskyi,district
Ukraine,Kyiv,city,Holosiivskyi,district
Ukraine,Kyiv,city,Obolonskyi,district
Ukraine,Kyiv,city,Pecherskyi,district
Ukraine,Kyiv,city,Podilskyi,district
Ukraine,Kyiv,city,Shevchenkivskyi,district
Ukraine,Kyiv,city,Solomianskyi,district
Ukraine,Kyiv,city,Sviatoshynskyi,district
Ukraine,Luhansk,oblast,Alchevsk,district
Ukraine,Luhansk,oblast,Dovzhansk,district
Ukraine,Luhansk,oblast,Luhansk,district
Ukraine,Luhansk,oblast,Rovenky,district
Ukraine,Luhansk,oblast,Shchastia,district
Ukraine,Luhansk,oblast,Siverskodonetsk,district
Ukraine,Luhansk,oblast,Starobilsk,district
Ukraine,Luhansk,oblast,Svatove,district
Ukraine,Lviv,oblast,Drohobych,district
Ukraine,Lviv,oblast,Lviv,district
Ukraine,Lviv,oblast,Sambir,district
Ukraine,Lviv,oblast,Sheptytskyi,district
Ukraine,Lviv,oblast,Stryi,district
Ukraine,Lviv,oblast,Yavoriv,district
Ukraine,Lviv,oblast,Zolochiv,district
Ukraine,Mykolaiv,oblast,Bashtanka,district
Ukraine,Mykolaiv,oblast,Mykolaiv,district
Ukraine,Mykolaiv,oblast,Pervomaisk,district
Ukraine,Mykolaiv,oblast,Voznesensk,district
Ukraine,Odesa,oblast,Berezivka,district
Ukraine,Odesa,oblast,Bilhorod-Dnistrovskyi,district
Ukraine,Odesa,oblast,Bolhrad,district
Ukraine,Odesa,oblast,Izmail,district
Ukraine,Odesa,oblast,Odesa,district
Ukraine,Odesa,oblast,Podilsk,district
Ukraine,Odesa,oblast,Rozdilna,district
Ukraine,Poltava,oblast,Kremenchuk,district
Ukraine,Poltava,oblast,Lubny,district
Ukraine,Poltava,oblast,Myrhorod,district
Ukraine,Poltava,oblast,Poltava,district
Ukraine,Rivne,oblast,Dubno,district
Ukraine,Rivne,oblast,Rivne,district
Ukraine,Rivne,oblast,Sarny,district
Ukraine,Rivne,oblast,Varash,district
Ukraine,Sevastopol,city,Balaklavskyi,district
Ukraine,Sevastopol,city,Haharinskyi,district
Ukraine,Sevastopol,city,Leninskyi,district
Ukraine,Sevastopol,city,Nakhimovskyi,district
Ukraine,Sumy,oblast,Konotop,district
Ukraine,Sumy,oblast,Okhtyrka,district
Ukraine,Sumy,oblast,Romny,district
Ukraine,Sumy,oblast,Shostka,district
Ukraine,Sumy,oblast,Sumy,district
Ukraine,Ternopil,oblast,Chortkiv,district
Ukraine,Ternopil,oblast,Kremenets,district
Ukraine,Ternopil,oblast,Ternopil,district
Ukraine,Vinnytsia,oblast,Haisyn,district
Ukraine,Vinnytsia,oblast,Khmilnyk,district
Ukraine,Vinnytsia,oblast,Mohyliv-Podilskyi,district
Ukraine,Vinnytsia,oblast,Tulchyn,district
Ukraine,Vinnytsia,oblast,Vinnytsia,district
Ukraine,Vinnytsia,oblast,Zhmerynka,district
Ukraine,Volyn,oblast,Kamin-Kashyrskyi,district
Ukraine,Volyn,oblast,Kovel,district
Ukraine,Volyn,oblast,Lutsk,district
Ukraine,Volyn,oblast,Volodymyr,district
Ukraine,Zakarpattia,oblast,Berehove,district
Ukraine,Zakarpattia,oblast,Khust,district
Ukraine,Zakarpattia,oblast,Mukachevo,district
Ukraine,Zakarpattia,oblast,Rakhiv,district
Ukraine,Zakarpattia,oblast,Tiachiv,district
Ukraine,Zakarpattia,oblast,Uzhhorod,district
Ukraine,Zaporizhzhia,oblast,Berdiansk,district
Ukraine,Zaporizhzhia,oblast,Melitopol,district
Ukraine,Zaporizhzhia,oblast,Polohy,district
Ukraine,Zaporizhzhia,oblast,Vasylivka,district
Ukraine,Zaporizhzhia,oblast,Zaporizhzhia,district
Ukraine,Zhytomyr,oblast,Berdychiv,district
Ukraine,Zhytomyr,oblast,Korosten,district
Ukraine,Zhytomyr,oblast,Zhytomyr,district
Ukraine,Zhytomyr,oblast,Zviahel,district
United Kingdom,East Midlands,region,Derbyshire,county
United Kingdom,East Midlands,region,Leicestershire,county
United Kingdom,East Midlands,region,Lincolnshire,county
United Kingdom,East Midlands,region,Northamptonshire,county
United Kingdom,East Midlands,region,Nottinghamshire,county
United Kingdom,East Midlands,region,Rutland,county
United Kingdom,East of England,region,Bedfordshire,county
United Kingdom,East of England,region,Cambridgeshire,county
United Kingdom,East of England,region,Essex,county
United Kingdom,East of England,region,Hertfordshire,county
United Kingdom,East of England,region,Norfolk,county
United Kingdom,East of England,region,Suffolk,county
United Kingdom,London,region,City of London,county
United Kingdom,London,region,Greater London,county
United Kingdom,North East,region,County Durham,county
United Kingdom,North East,region,Northumberland,county
United Kingdom,North East,region,Tyne and Wear,county
United Kingdom,North West,region,Cheshire,county
United Kingdom,North West,region,Cumbria,county
United Kingdom,North West,region,Greater Manchester,county
United Kingdom,North West,region,Lancashire,county
United Kingdom,North West,region,Merseyside,county
United Kingdom,Northern Ireland,region,Antrim and Newtownabbey,council
United Kingdom,Northern Ireland,region,Ards and North Down,council
United Kingdom,Northern Ireland,region,"Armagh City, Banbridge and Craigavon",council
United Kingdom,Northern Ireland,region,Belfast,council
United Kingdom,Northern Ireland,region,Causeway Coast and Glens,council
United Kingdom,Northern Ireland,region,Derry City and Strabane,council
United Kingdom,Northern Ireland,region,Fermanagh and Omagh,council
United Kingdom,Northern Ireland,region,Lisburn and Castlereagh,council
United Kingdom,Northern Ireland,region,Mid Ulster,council
United Kingdom,Northern Ireland,region,Mid and East Antrim,council
United Kingdom,Northern Ireland,region,"Newry, Mourne and Down",council
United Kingdom,Scotland,region,Aberdeen City,council
United Kingdom,Scotland,region,Aberdeenshire,council
United Kingdom,Scotland,region,Angus,council
United Kingdom,Scotland,region,Argyll and Bute,council
United Kingdom,Scotland,region,City of Edinburgh,council
United Kingdom,Scotland,region,Clackmannanshire,council
United Kingdom,Scotland,region,Dumfries and Galloway,council
United Kingdom,Scotland,region,Dundee City,council
United Kingdom,Scotland,region,East Ayrshire,council
United Kingdom,Scotland,region,East Dunbartonshire,council
United Kingdom,Scotland,region,East Lothian,council
United Kingdom,Scotland,region,East Renfrewshire,council
United Kingdom,Scotland,region,Falkirk,council
United Kingdom,Scotland,region,Fife,council
United Kingdom,Scotland,region,Glasgow City,council
United Kingdom,Scotland,region,Highland,council
United Kingdom,Scotland,region,Inverclyde,council
United Kingdom,Scotland,region,Midlothian,council
United Kingdom,Scotland,region,Moray,council
United Kingdom,Scotland,region,Na h-Eileanan Siar,council
United Kingdom,Scotland,region,North Ayrshire,council
United Kingdom,Scotland,region,North Lanarkshire,council
United Kingdom,Scotland,region,Orkney Islands,council
United Kingdom,Scotland,region,Perth and Kinross,council
United Kingdom,Scotland,region,Renfrewshire,council
United Kingdom,Scotland,region,Scottish Borders,council
United Kingdom,Scotland,region,Shetland Islands,council
United Kingdom,Scotland,region,South Ayrshire,council
United Kingdom,Scotland,region,South Lanarkshire,council
United Kingdom,Scotland,region,Stirling,council
United Kingdom,Scotland,region,West Dunbartonshire,council
United Kingdom,Scotland,region,West Lothian,council
United Kingdom,South East,region,Berkshire,county
United Kingdom,South East,region,Buckinghamshire,county
United Kingdom,South East,region,East Sussex,county
United Kingdom,South East,region,Hampshire,county
United Kingdom,South East,region,Isle of Wight,county
United Kingdom,South East,region,Kent,county
United Kingdom,South East,region,Oxfordshire,county
United Kingdom,South East,region,Surrey,county
United Kingdom,South East,region,West Sussex,county
United Kingdom,South West,region,Bristol,county
United Kingdom,South West,region,Cornwall,county
United Kingdom,South West,region,Devon,county
United Kingdom,South West,region,Dorset,county
United Kingdom,South West,region,Gloucestershire,county
United Kingdom,South West,region,Somerset,county
United Kingdom,South West,region,Wiltshire,county
United Kingdom,Wales,region,Blaenau Gwent,council
United Kingdom,Wales,region,Bridgend,council
United Kingdom,Wales,region,Caerphilly,council
United Kingdom,Wales,region,Cardiff,council
United Kingdom,Wales,region,Carmarthenshire,council
United Kingdom,Wales,region,Ceredigion,council
United Kingdom,Wales,region,Conwy,council
United Kingdom,Wales,region,Denbighshire,council
United Kingdom,Wales,region,Flintshire,council
United Kingdom,Wales,region,Gwynedd,council
United Kingdom,Wales,region,Isle of Anglesey,council
United Kingdom,Wales,region,Merthyr Tydfil,council
United Kingdom,Wales,region,Monmouthshire,council
United Kingdom,Wales,region,Neath Port Talbot,council
United Kingdom,Wales,region,Newport,council
United Kingdom,Wales,region,Pembrokeshire,council
United Kingdom,Wales,region,Powys,council
United Kingdom,Wales,region,Rhondda Cynon Taf,council
United Kingdom,Wales,region,Swansea,council
United Kingdom,Wales,region,Torfaen,council
United Kingdom,Wales,region,Vale of Glamorgan,council
United Kingdom,Wales,region,Wrexham,council
United Kingdom,West Midlands,region,Herefordshire,county
United Kingdom,West Midlands,region,Shropshire,county
United Kingdom,West Midlands,region,Staffordshire,county
United Kingdom,West Midlands,region,Warwickshire,county
United Kingdom,West Midlands,region,West Midlands,county
United Kingdom,West Midlands,region,Worcestershire,county
United Kingdom,Yorkshire and the Humber,region,East Riding of Yorkshire,county
United Kingdom,Yorkshire and the Humber,region,North Yorkshire,county
United Kingdom,Yorkshire and the Humber,region,South Yorkshire,county
United Kingdom,Yorkshire and the Humber,region,West Yorkshire,county
Vatican City,Vatican City,city-state,,
