{"type": "FeatureCollection", "features": [{"type": "Feature", "geometry": {"type": "MultiPolygon", "coordinates": [[[[14.5059897, 35.8992159], [14.5056284, 35.8990964], [14.5052196, 35.898586], [14.5048456, 35.898525], [14.5034601, 35.8978377], [14.5036259, 35.8976321], [14.5035087, 35.897811], [14.5041013, 35.8981047], [14.5045029, 35.8978967], [14.5040282, 35.8974434], [14.5038038, 35.8975593], [14.5039623, 35.8974331], [14.5038945, 35.8973696], [14.50353, 35.8972149], [14.5033971, 35.8972875], [14.5031199, 35.8970583], [14.5025423, 35.8968872], [14.5026615, 35.8967557], [14.5025342, 35.8966886], [14.5024172, 35.8968212], [14.5018194, 35.8964749], [14.5014929, 35.8958118], [14.5005314, 35.8947845], [14.4984988, 35.8943322], [14.498008, 35.8936334], [14.4970284, 35.8916781], [14.4970107, 35.8912308], [14.4973505, 35.8908552], [14.5002455, 35.8899282], [14.5004017, 35.8897469], [14.5003418, 35.8894495], [14.4991347, 35.8889067], [14.4983455, 35.8882114], [14.497934, 35.8876088], [14.4987857, 35.8871688], [14.4997104, 35.8871423], [14.5009736, 35.8864489], [14.5013033, 35.8860052], [14.5032919, 35.887142], [14.5035756, 35.8876953], [14.5053992, 35.8880924], [14.5059538, 35.8876358], [14.5061194, 35.8876457], [14.5060925, 35.8879179], [14.5068881, 35.887987], [14.5072759, 35.8886508], [14.5074556, 35.8885765], [14.50752, 35.8886849], [14.5073429, 35.8891177], [14.5080037, 35.8900069], [14.509597, 35.8910451], [14.5096118, 35.8908741], [14.5090039, 35.8904812], [14.5077791, 35.8891417], [14.5075773, 35.8888193], [14.5076553, 35.8886185], [14.5097399, 35.8908313], [14.5101749, 35.892325], [14.5103622, 35.8924329], [14.5104701, 35.8923268], [14.5122206, 35.8933597], [14.5121297, 35.8934826], [14.5131419, 35.8939642], [14.5135601, 35.8945643], [14.5137115, 35.8945947], [14.513903, 35.8952203], [14.5143781, 35.8959474], [14.5158935, 35.8965977], [14.5171471, 35.896837], [14.5171101, 35.8969381], [14.5184404, 35.897124], [14.5183848, 35.8972902], [14.5185614, 35.8973776], [14.5184516, 35.8978787], [14.5186927, 35.8985185], [14.5185126, 35.8986453], [14.5186294, 35.899156], [14.5188435, 35.8996123], [14.5190569, 35.8996535], [14.5193957, 35.9003315], [14.5191761, 35.9005421], [14.5193698, 35.9005749], [14.519466, 35.9007305], [14.519187, 35.901001], [14.5193474, 35.9009802], [14.5194679, 35.9014888], [14.5199219, 35.9018132], [14.5199329, 35.902029], [14.5200445, 35.9020873], [14.5197559, 35.9021958], [14.5202437, 35.9022452], [14.5206146, 35.9026518], [14.5206265, 35.902932], [14.5205039, 35.9030746], [14.5202109, 35.9032827], [14.5193971, 35.9035094], [14.5175138, 35.9034997], [14.516899, 35.9031369], [14.5165037, 35.9020595], [14.5160502, 35.901742], [14.5153416, 35.9015414], [14.5144969, 35.9019594], [14.5141016, 35.9026025], [14.5130575, 35.9024961], [14.5123566, 35.9022358], [14.510974, 35.9010075], [14.5106557, 35.9011554], [14.5101515, 35.9007776], [14.5100044, 35.9005223], [14.5102787, 35.9004204], [14.5099787, 35.9004635], [14.509961, 35.9002175], [14.5095345, 35.9001798], [14.5085645, 35.9005698], [14.5083202, 35.9004811], [14.5073357, 35.8996141], [14.5059897, 35.8992159]]], [[[14.4955016, 35.8658233], [14.4955552, 35.8670472], [14.496296, 35.8690978], [14.4973346, 35.8690228], [14.4978502, 35.8693849], [14.497986, 35.8693251], [14.4982654, 35.8699545], [14.4983284, 35.8706895], [14.4980803, 35.8707345], [14.4982812, 35.8712327], [14.4978871, 35.8715691], [14.499413, 35.8735312], [14.5018872, 35.8747852], [14.5014576, 35.8752903], [14.50242, 35.8757842], [14.5016903, 35.8767022], [14.5018214, 35.8767697], [14.5015337, 35.8772437], [14.5019456, 35.8774567], [14.5016165, 35.8778683], [14.5037745, 35.878779], [14.5035969, 35.879232], [14.5037353, 35.8792655], [14.502848, 35.8819049], [14.5029111, 35.8823851], [14.504099, 35.8833303], [14.5043711, 35.883349], [14.5048026, 35.8829899], [14.5053023, 35.8833407], [14.5055785, 35.8836157], [14.5055247, 35.8839177], [14.5057282, 35.8838155], [14.5058774, 35.8839834], [14.5056676, 35.8840923], [14.5057308, 35.884194], [14.5059382, 35.8840512], [14.5062174, 35.8843829], [14.5062815, 35.8849943], [14.5060886, 35.8852919], [14.5068182, 35.8855655], [14.5074534, 35.8846222], [14.5117774, 35.886521], [14.5119699, 35.8862323], [14.5125623, 35.8860966], [14.5133429, 35.8865036], [14.5157049, 35.8829753], [14.5157923, 35.8822188], [14.5156178, 35.8807819], [14.515948, 35.8807215], [14.5160137, 35.8809798], [14.5161727, 35.8810474], [14.5163687, 35.8808845], [14.5168205, 35.8809145], [14.5175815, 35.8815773], [14.5176357, 35.8827669], [14.5178932, 35.8830307], [14.5175006, 35.8832359], [14.5172749, 35.8840426], [14.5169618, 35.884543], [14.5174419, 35.8843268], [14.5175941, 35.8845083], [14.5165485, 35.8850743], [14.5163431, 35.885375], [14.5159391, 35.8861751], [14.5161446, 35.8861289], [14.5163841, 35.8862827], [14.5139874, 35.8892694], [14.5141436, 35.8893686], [14.5136655, 35.8904277], [14.5136861, 35.8908004], [14.5141447, 35.8910447], [14.5151115, 35.8904245], [14.5162972, 35.8900424], [14.5169424, 35.8896766], [14.5175718, 35.8889099], [14.5174364, 35.8888186], [14.5177003, 35.8883211], [14.5200005, 35.885983], [14.520176, 35.8853815], [14.5198449, 35.8842329], [14.5198752, 35.8828976], [14.5199963, 35.8828477], [14.5198899, 35.8813827], [14.5200567, 35.8813739], [14.5201465, 35.8815307], [14.5202535, 35.8828149], [14.5203913, 35.8828763], [14.5204619, 35.8831307], [14.5205429, 35.8835947], [14.520335, 35.8836093], [14.5203551, 35.883765], [14.5204444, 35.8837583], [14.5204698, 35.883957], [14.520602, 35.8839492], [14.5207503, 35.8846215], [14.520897, 35.8845929], [14.5211647, 35.8852525], [14.5211014, 35.8854279], [14.5213007, 35.8855426], [14.5208879, 35.8867598], [14.519911, 35.8889529], [14.5197229, 35.8888965], [14.5196113, 35.8891424], [14.5197982, 35.8892015], [14.5192411, 35.8904569], [14.5197431, 35.8910161], [14.5196008, 35.8912283], [14.5192692, 35.8910177], [14.5191344, 35.890575], [14.5188159, 35.8908837], [14.5187023, 35.8907738], [14.5175267, 35.8915106], [14.5171514, 35.8918801], [14.5173547, 35.8919015], [14.5175671, 35.8916558], [14.5175976, 35.8918392], [14.5166388, 35.8923256], [14.5167404, 35.8926784], [14.5169468, 35.8926341], [14.5167852, 35.892731], [14.5177759, 35.8931184], [14.5188678, 35.8927554], [14.5192347, 35.8923527], [14.5190333, 35.8920835], [14.5194533, 35.8918887], [14.5197534, 35.891175], [14.5204565, 35.8907748], [14.5211778, 35.8900351], [14.5219856, 35.8899003], [14.5217615, 35.8898319], [14.5219213, 35.8898341], [14.5228745, 35.8892202], [14.5251859, 35.8888468], [14.5254804, 35.8884323], [14.5260192, 35.8882043], [14.5256859, 35.8879806], [14.525905, 35.8878743], [14.5258183, 35.887744], [14.5259805, 35.8878006], [14.5261175, 35.8876004], [14.5272505, 35.8886951], [14.5263689, 35.8892399], [14.525317, 35.8901007], [14.5247255, 35.8902807], [14.5237675, 35.8912042], [14.5236711, 35.8918591], [14.5230516, 35.892018], [14.5230841, 35.8920981], [14.5228635, 35.8921141], [14.5226913, 35.8923121], [14.5226916, 35.8926069], [14.5229189, 35.8928559], [14.5235899, 35.8932425], [14.5243913, 35.8941187], [14.5246233, 35.8942432], [14.5250398, 35.8940894], [14.5256675, 35.8932335], [14.5258772, 35.893398], [14.5271879, 35.8929823], [14.5275078, 35.8930963], [14.5277537, 35.893587], [14.5277725, 35.8938076], [14.5269796, 35.8943814], [14.5272195, 35.8944526], [14.5270241, 35.8947716], [14.526723, 35.8950274], [14.5264654, 35.8950624], [14.526073, 35.8955156], [14.5261348, 35.8956647], [14.5259851, 35.8958091], [14.5261525, 35.8960311], [14.5260339, 35.8961742], [14.5254831, 35.8962214], [14.5259727, 35.8965803], [14.5253356, 35.8968684], [14.525011, 35.8968769], [14.5247761, 35.8975189], [14.5237616, 35.8979529], [14.5235116, 35.8981862], [14.5234115, 35.8985234], [14.5235487, 35.8987199], [14.524303, 35.8989514], [14.5253145, 35.8988938], [14.5259418, 35.8986574], [14.5264137, 35.8982916], [14.5265403, 35.8983752], [14.5269396, 35.8981231], [14.5269946, 35.8978625], [14.5274957, 35.8976947], [14.527504, 35.8972573], [14.5277011, 35.8972316], [14.5278246, 35.8973146], [14.5277475, 35.8974116], [14.5286852, 35.8980433], [14.5291492, 35.8979137], [14.5290224, 35.8977349], [14.5291067, 35.8975782], [14.5289673, 35.8974483], [14.5299837, 35.8975798], [14.5306016, 35.897399], [14.5306789, 35.897107], [14.5309965, 35.8969749], [14.5308246, 35.8964113], [14.5309426, 35.8962653], [14.5320471, 35.8964153], [14.5319835, 35.8960084], [14.5325395, 35.8960699], [14.5326822, 35.8963809], [14.5332857, 35.896335], [14.5333364, 35.8961285], [14.5330888, 35.8958322], [14.533595, 35.8956745], [14.5336315, 35.8958832], [14.534052, 35.8957998], [14.534361, 35.8957164], [14.534732, 35.895224], [14.5347786, 35.8953761], [14.5354167, 35.8952227], [14.5352754, 35.8950169], [14.5355234, 35.8944469], [14.5354851, 35.8942126], [14.5356968, 35.894069], [14.5363126, 35.8946183], [14.5365701, 35.8944445], [14.5375426, 35.8954247], [14.5376426, 35.8954154], [14.5376311, 35.8951812], [14.5377725, 35.8951751], [14.5379825, 35.895334], [14.5384198, 35.8954013], [14.5385315, 35.8953176], [14.5385189, 35.8950997], [14.5394532, 35.8946186], [14.5393748, 35.8943961], [14.5404807, 35.8942128], [14.5423458, 35.8932757], [14.5426825, 35.8924111], [14.5430277, 35.8923252], [14.5433375, 35.8917841], [14.5437335, 35.8918383], [14.5442456, 35.8913395], [14.5461231, 35.8902485], [14.5462755, 35.8895017], [14.5469228, 35.8890499], [14.5479058, 35.8888729], [14.5480296, 35.8886691], [14.5487216, 35.8886697], [14.5487842, 35.8883378], [14.5491026, 35.8884807], [14.5509767, 35.8881974], [14.551187, 35.8876532], [14.5514904, 35.8876041], [14.5517623, 35.8873749], [14.5517156, 35.8872852], [14.5518732, 35.8872016], [14.5520326, 35.886863], [14.5518945, 35.8867201], [14.55223, 35.8864986], [14.5526925, 35.8857721], [14.5523168, 35.8853876], [14.5525313, 35.8853462], [14.5524719, 35.8851124], [14.5529223, 35.8853169], [14.5533331, 35.8851002], [14.5532901, 35.8849906], [14.5539355, 35.8846816], [14.5543399, 35.8847572], [14.5548603, 35.8843326], [14.5556597, 35.8844041], [14.5557987, 35.8842031], [14.5556972, 35.8840317], [14.5559981, 35.8840818], [14.5558362, 35.8837741], [14.5562029, 35.8830173], [14.5559206, 35.8826925], [14.5563626, 35.8827154], [14.5564329, 35.8824593], [14.5566618, 35.882355], [14.55661, 35.8821712], [14.5568216, 35.8822153], [14.5573144, 35.8817725], [14.5572416, 35.8816729], [14.5575108, 35.8815104], [14.5572455, 35.8814136], [14.5571711, 35.8811348], [14.5574077, 35.8810226], [14.5577951, 35.8812065], [14.5581583, 35.8811922], [14.5585646, 35.8815294], [14.5586437, 35.8814568], [14.5585106, 35.8812627], [14.5590417, 35.8813537], [14.5591823, 35.8812837], [14.5589603, 35.8812036], [14.5592629, 35.8809089], [14.5597069, 35.8809584], [14.5598442, 35.880796], [14.5606029, 35.880569], [14.5610889, 35.8805865], [14.5612526, 35.8803029], [14.5612312, 35.8800901], [14.5611227, 35.8800405], [14.561288, 35.8798673], [14.5622157, 35.8798709], [14.5636302, 35.8787463], [14.5640545, 35.8787158], [14.5646394, 35.8780883], [14.5644603, 35.8777167], [14.5641287, 35.8775289], [14.5642242, 35.8772607], [14.5599259, 35.8744933], [14.5591118, 35.8738457], [14.5583867, 35.8727731], [14.5576293, 35.8721106], [14.5576434, 35.8719242], [14.5571868, 35.8711916], [14.5556788, 35.8711617], [14.5549204, 35.8700689], [14.5549467, 35.8694475], [14.5545714, 35.8688354], [14.5538848, 35.8685744], [14.5533716, 35.8681815], [14.5530779, 35.8676279], [14.552685, 35.8673985], [14.5522165, 35.8669184], [14.5523165, 35.866828], [14.5517498, 35.8665256], [14.5500854, 35.8662275], [14.5500072, 35.8659148], [14.5482694, 35.8658019], [14.5474449, 35.8663039], [14.5468427, 35.8660287], [14.5471334, 35.8657876], [14.546177, 35.8649129], [14.5455228, 35.8641305], [14.5443527, 35.8642225], [14.5434547, 35.8645948], [14.5419948, 35.8647995], [14.5407301, 35.8642719], [14.5404005, 35.8637925], [14.5401989, 35.8642188], [14.5389754, 35.864403], [14.5390184, 35.864524], [14.5363407, 35.8655864], [14.5317746, 35.8682951], [14.5312181, 35.8674351], [14.5305003, 35.8677503], [14.529868, 35.8662831], [14.5293871, 35.8658315], [14.5275789, 35.8692304], [14.5267885, 35.8694298], [14.5262861, 35.8687004], [14.5255655, 35.8682807], [14.5229245, 35.8674976], [14.520604, 35.8670033], [14.5198927, 35.8655692], [14.5182709, 35.8637497], [14.5166979, 35.8625559], [14.5155935, 35.8614943], [14.5104419, 35.8630736], [14.5073307, 35.8647552], [14.5066543, 35.8652889], [14.5064163, 35.8651805], [14.5059654, 35.8652757], [14.5009775, 35.863352], [14.4982931, 35.8627624], [14.496809, 35.8619922], [14.4960113, 35.8633105], [14.4955016, 35.8658233]]]]}, "properties": {"name": "Port reġjun", "admin": "reġjun", "source": "© OpenStreetMap contributors, ODbL 1.0", "osm_relation": 19732550}}, {"type": "Feature", "geometry": {"type": "MultiPolygon", "coordinates": [[[[14.5604833, 35.8188557], [14.5606872, 35.8184965], [14.5608923, 35.8185625], [14.5608569, 35.8189509], [14.5604833, 35.8188557]]], [[[14.5675548, 35.8404988], [14.5672115, 35.8399139], [14.5677833, 35.8401001], [14.5678116, 35.8402047], [14.5675548, 35.8404988]]], [[[14.4697276, 35.8634705], [14.468748, 35.8625708], [14.467868, 35.8626896], [14.4671249, 35.863143], [14.4669348, 35.8634642], [14.4661596, 35.863608], [14.4651579, 35.8639898], [14.4646949, 35.8644196], [14.4655979, 35.864208], [14.4665741, 35.8645224], [14.4666022, 35.8647903], [14.466047, 35.8649624], [14.4659344, 35.8652384], [14.4651244, 35.8653965], [14.4638319, 35.8659149], [14.4640917, 35.8662707], [14.4640751, 35.8674749], [14.4644298, 35.8684994], [14.4640303, 35.8685857], [14.4641631, 35.8701152], [14.463872, 35.8705929], [14.4630501, 35.8704302], [14.4633035, 35.8723469], [14.4626642, 35.8727861], [14.462099, 35.8729381], [14.460142, 35.8731867], [14.4607157, 35.8748117], [14.4589051, 35.8749191], [14.4565062, 35.8747263], [14.4563831, 35.8749871], [14.4556792, 35.8753427], [14.4545897, 35.8754462], [14.4547474, 35.8757491], [14.4540171, 35.8759424], [14.4542815, 35.8764817], [14.4535588, 35.8767581], [14.4536215, 35.8769348], [14.4531254, 35.8770689], [14.4527172, 35.8773379], [14.4522753, 35.8779465], [14.4526612, 35.8781542], [14.4532596, 35.878737], [14.4532885, 35.8791863], [14.4522996, 35.879194], [14.4524554, 35.8797608], [14.4523257, 35.8800343], [14.4516108, 35.8803261], [14.4507514, 35.8813898], [14.4521506, 35.8825462], [14.4527572, 35.8832845], [14.4545905, 35.8844282], [14.4551255, 35.8853615], [14.4552918, 35.8853063], [14.4552382, 35.8863062], [14.4556263, 35.887722], [14.4561755, 35.8885247], [14.4560338, 35.8888802], [14.4561856, 35.8892579], [14.4576629, 35.8895431], [14.4581924, 35.8908245], [14.4591074, 35.890172], [14.4631107, 35.8885816], [14.4705584, 35.8868958], [14.4714276, 35.8868899], [14.4715257, 35.887919], [14.4704927, 35.8879214], [14.4703366, 35.8880222], [14.470386, 35.888264], [14.4707074, 35.8885844], [14.4715814, 35.8889096], [14.4733162, 35.888957], [14.4729763, 35.8898122], [14.4727184, 35.8898768], [14.472885, 35.8901698], [14.4726348, 35.89091], [14.4738223, 35.8936832], [14.4731707, 35.8938451], [14.4739415, 35.8951316], [14.4750576, 35.8948724], [14.4751661, 35.895046], [14.4765036, 35.8942816], [14.4766437, 35.8943451], [14.4770045, 35.8941054], [14.4783348, 35.8937619], [14.4814652, 35.8935992], [14.4814726, 35.8937434], [14.4821874, 35.8937723], [14.48304, 35.893589], [14.4830555, 35.8924859], [14.483289, 35.8922496], [14.48483, 35.8920872], [14.4858286, 35.8917969], [14.4862587, 35.8924697], [14.4873658, 35.8922071], [14.4873859, 35.8921031], [14.4883054, 35.8917482], [14.4882928, 35.8916219], [14.4907169, 35.8907216], [14.4899526, 35.8892296], [14.4923065, 35.8890979], [14.4926564, 35.8885413], [14.4942087, 35.8885561], [14.4965792, 35.8902369], [14.4968888, 35.8906194], [14.4973505, 35.8908552], [14.5002455, 35.8899282], [14.5004017, 35.8897469], [14.5003418, 35.8894495], [14.4991347, 35.8889067], [14.4983455, 35.8882114], [14.497934, 35.8876088], [14.4987857, 35.8871688], [14.4997104, 35.8871423], [14.5009736, 35.8864489], [14.5013033, 35.8860052], [14.5032919, 35.887142], [14.5035756, 35.8876953], [14.5053992, 35.8880924], [14.505665, 35.8878814], [14.5018413, 35.8847882], [14.5011365, 35.8853668], [14.5008538, 35.8851201], [14.5000431, 35.8849023], [14.5002066, 35.8846632], [14.4978635, 35.8850963], [14.4976954, 35.8840473], [14.4990809, 35.8836857], [14.4992518, 35.883982], [14.4996037, 35.8838583], [14.5004577, 35.8824376], [14.5006227, 35.8825158], [14.5007064, 35.8824127], [14.5005622, 35.8823289], [14.5015393, 35.8810718], [14.5014127, 35.8804957], [14.5010396, 35.8804108], [14.5009838, 35.8806042], [14.4997285, 35.8813014], [14.4986897, 35.8813449], [14.4980233, 35.8811891], [14.4966375, 35.8805379], [14.4962597, 35.8802518], [14.4963613, 35.8801427], [14.4959706, 35.8798911], [14.4963805, 35.8794577], [14.4965634, 35.8795702], [14.4968475, 35.8792537], [14.4965863, 35.8790941], [14.4965723, 35.8789794], [14.4969529, 35.8787982], [14.4972775, 35.878976], [14.4981286, 35.8802136], [14.500759, 35.8790369], [14.5002208, 35.8781691], [14.5006915, 35.8779517], [14.5011277, 35.8785967], [14.5036272, 35.8791221], [14.5037745, 35.878779], [14.5016165, 35.8778683], [14.5019456, 35.8774567], [14.5015337, 35.8772437], [14.5018214, 35.8767697], [14.5016903, 35.8767022], [14.50242, 35.8757842], [14.5014576, 35.8752903], [14.5018872, 35.8747852], [14.499413, 35.8735312], [14.4978871, 35.8715691], [14.4982812, 35.8712327], [14.4980803, 35.8707345], [14.4983284, 35.8706895], [14.4982654, 35.8699545], [14.497986, 35.8693251], [14.4978502, 35.8693849], [14.4973346, 35.8690228], [14.496296, 35.8690978], [14.4955552, 35.8670472], [14.4955016, 35.8658233], [14.4960113, 35.8633105], [14.496809, 35.8619922], [14.4982931, 35.8627624], [14.5009775, 35.863352], [14.5059654, 35.8652757], [14.5064163, 35.8651805], [14.5066543, 35.8652889], [14.5073307, 35.8647552], [14.5104419, 35.8630736], [14.5155935, 35.8614943], [14.5166979, 35.8625559], [14.5182709, 35.8637497], [14.5198927, 35.8655692], [14.520604, 35.8670033], [14.5229245, 35.8674976], [14.5255655, 35.8682807], [14.5262861, 35.8687004], [14.5267885, 35.8694298], [14.5275789, 35.8692304], [14.5293871, 35.8658315], [14.529868, 35.8662831], [14.5305003, 35.8677503], [14.5312181, 35.8674351], [14.5317746, 35.8682951], [14.5363407, 35.8655864], [14.5390184, 35.864524], [14.5389754, 35.864403], [14.5401989, 35.8642188], [14.5404005, 35.8637925], [14.5407301, 35.8642719], [14.5419948, 35.8647995], [14.5434547, 35.8645948], [14.5443527, 35.8642225], [14.5455228, 35.8641305], [14.546177, 35.8649129], [14.5471334, 35.8657876], [14.5468427, 35.8660287], [14.5474449, 35.8663039], [14.5482694, 35.8658019], [14.5500072, 35.8659148], [14.5500854, 35.8662275], [14.5517498, 35.8665256], [14.5523165, 35.866828], [14.5522165, 35.8669184], [14.552685, 35.8673985], [14.5530779, 35.8676279], [14.5533716, 35.8681815], [14.5538848, 35.8685744], [14.5545714, 35.8688354], [14.5549467, 35.8694475], [14.5549204, 35.8700689], [14.5556788, 35.8711617], [14.5571868, 35.8711916], [14.5576434, 35.8719242], [14.5576293, 35.8721106], [14.5583867, 35.8727731], [14.5589543, 35.8734878], [14.55905, 35.8737909], [14.5599259, 35.8744933], [14.5642242, 35.8772607], [14.5644345, 35.877192], [14.5648562, 35.8775436], [14.5651654, 35.8774468], [14.5659662, 35.8768099], [14.5662654, 35.876371], [14.5659827, 35.8760215], [14.5665636, 35.8759567], [14.5673615, 35.8754533], [14.5679994, 35.8746097], [14.5690222, 35.8740872], [14.5692625, 35.8734925], [14.5710488, 35.8725188], [14.5714984, 35.8707396], [14.5717909, 35.8705639], [14.5716113, 35.8704304], [14.5718813, 35.8703396], [14.5721452, 35.8699825], [14.5721427, 35.8697975], [14.5719707, 35.8696872], [14.5725116, 35.8695709], [14.5727639, 35.8692306], [14.5734371, 35.8690528], [14.5751675, 35.8675727], [14.575087, 35.8673743], [14.5753003, 35.8671839], [14.5735797, 35.8669517], [14.5721534, 35.8670673], [14.5722425, 35.8669541], [14.5715307, 35.8666785], [14.5710725, 35.8667392], [14.5707526, 35.8665641], [14.5698736, 35.866452], [14.5694049, 35.86666], [14.5683969, 35.8668357], [14.5682673, 35.8666765], [14.5678023, 35.8665488], [14.5677054, 35.8666382], [14.56719, 35.8664328], [14.5670218, 35.8661889], [14.5663702, 35.8658529], [14.56639, 35.8656651], [14.5657126, 35.8652209], [14.5654008, 35.8651562], [14.5653253, 35.8648913], [14.5653087, 35.8651314], [14.5643811, 35.8651992], [14.5643056, 35.8653355], [14.5642936, 35.8652088], [14.5639784, 35.8652461], [14.5640028, 35.865427], [14.563909, 35.8652687], [14.5639094, 35.8653923], [14.5633953, 35.8654786], [14.5624228, 35.8644568], [14.5625118, 35.8643994], [14.5624021, 35.864413], [14.5617973, 35.8637403], [14.5618989, 35.8637448], [14.5617129, 35.8635594], [14.5617498, 35.8632999], [14.5624678, 35.8631416], [14.5630599, 35.8635769], [14.5636001, 35.863722], [14.5635851, 35.8638335], [14.5638433, 35.863669], [14.5664849, 35.8637133], [14.5668659, 35.8639035], [14.5683085, 35.8650502], [14.5683108, 35.8652165], [14.5685665, 35.8649081], [14.5695687, 35.8648991], [14.5709684, 35.8646307], [14.5715065, 35.8642679], [14.5717041, 35.8639085], [14.5720921, 35.8636489], [14.5720599, 35.8635584], [14.5724749, 35.8635273], [14.5724644, 35.8633484], [14.5728358, 35.8634917], [14.573241, 35.8632912], [14.5732693, 35.8632082], [14.5729878, 35.8631957], [14.5733335, 35.8627811], [14.573536, 35.8627714], [14.5739232, 35.8619409], [14.5746139, 35.8615473], [14.5754139, 35.8615581], [14.5756238, 35.8613278], [14.575914, 35.8613632], [14.5759583, 35.8616362], [14.5763497, 35.86166], [14.5764915, 35.8613296], [14.5762936, 35.8612128], [14.5762989, 35.8607599], [14.5751486, 35.8608574], [14.5741837, 35.8605217], [14.5735534, 35.8599418], [14.5732088, 35.8598813], [14.5730484, 35.8595712], [14.5732234, 35.8594854], [14.5729506, 35.8593552], [14.5729796, 35.8592503], [14.5727024, 35.8590411], [14.5719954, 35.8587629], [14.5720398, 35.8586808], [14.5716836, 35.8584551], [14.571717, 35.8583408], [14.5714375, 35.8580776], [14.5713371, 35.8569812], [14.5706093, 35.8570861], [14.5700969, 35.8574646], [14.5699989, 35.8574635], [14.5700428, 35.8573383], [14.569861, 35.8571967], [14.5688028, 35.8570233], [14.5683362, 35.8558072], [14.5674906, 35.8553821], [14.5675378, 35.8552415], [14.5679379, 35.8552922], [14.5675543, 35.85492], [14.5664849, 35.854877], [14.5656376, 35.8551077], [14.5655512, 35.8548416], [14.5653761, 35.8547665], [14.5643558, 35.8547479], [14.5641076, 35.8545392], [14.5640226, 35.8545919], [14.5640733, 35.8545086], [14.5639801, 35.8545306], [14.5635726, 35.854007], [14.5634719, 35.8540367], [14.5632817, 35.8535918], [14.5632055, 35.8536141], [14.5631121, 35.8527635], [14.5637855, 35.8526139], [14.563285, 35.8526875], [14.5633504, 35.8519575], [14.563956, 35.8519422], [14.5633497, 35.851914], [14.5632781, 35.8517614], [14.5640638, 35.8508319], [14.5642121, 35.8508846], [14.5640909, 35.8508049], [14.5645485, 35.8504973], [14.5650841, 35.849855], [14.566538, 35.8502727], [14.5674558, 35.8502801], [14.5670537, 35.8501293], [14.567174, 35.850004], [14.5675266, 35.8499956], [14.5689923, 35.8503697], [14.5691511, 35.8503405], [14.5690981, 35.8502124], [14.5686251, 35.8499733], [14.5687205, 35.8497987], [14.5697387, 35.8499862], [14.5702202, 35.8502653], [14.5704011, 35.8502376], [14.5701287, 35.8499594], [14.5713396, 35.8499672], [14.5714334, 35.8497193], [14.5722091, 35.8497638], [14.572183, 35.8495974], [14.57034, 35.849046], [14.5694336, 35.8484842], [14.5694584, 35.8483143], [14.5688469, 35.847839], [14.5686771, 35.847447], [14.5682919, 35.8470199], [14.5674792, 35.8455125], [14.567418, 35.8451092], [14.5687973, 35.8437776], [14.5696176, 35.8438772], [14.5687186, 35.8433083], [14.5687292, 35.8428953], [14.5691957, 35.8427614], [14.5708189, 35.8429982], [14.5707984, 35.8428159], [14.5705105, 35.842634], [14.5711001, 35.8423487], [14.5720587, 35.8422074], [14.5716075, 35.8417065], [14.572425, 35.8413108], [14.5724438, 35.8410058], [14.5727358, 35.8408103], [14.5719718, 35.8403196], [14.5712658, 35.840271], [14.5706773, 35.8393939], [14.5697682, 35.8392839], [14.5690411, 35.8398253], [14.5690937, 35.8405928], [14.5688385, 35.8406336], [14.5685362, 35.840541], [14.5685948, 35.8404405], [14.5683397, 35.8404328], [14.5681201, 35.841195], [14.5679164, 35.8411695], [14.5678623, 35.8415897], [14.5671791, 35.8415025], [14.5666647, 35.8420461], [14.5646996, 35.8428632], [14.5637535, 35.8427317], [14.5630721, 35.8418913], [14.5619451, 35.8417996], [14.5615515, 35.8414389], [14.5614538, 35.8409841], [14.5620302, 35.8403705], [14.5627868, 35.8388164], [14.5642601, 35.8381405], [14.5646468, 35.8383164], [14.5646879, 35.838237], [14.5645039, 35.8381897], [14.5648827, 35.837354], [14.5647017, 35.8372313], [14.5648253, 35.8371173], [14.5646477, 35.8369951], [14.5641937, 35.8371878], [14.5641439, 35.8373813], [14.5639895, 35.8374217], [14.5635464, 35.8379679], [14.5622192, 35.8387158], [14.5606209, 35.8386359], [14.5603054, 35.8384788], [14.5596362, 35.83775], [14.5594309, 35.8365115], [14.5598002, 35.8358115], [14.5612633, 35.834904], [14.5628336, 35.8350578], [14.5640013, 35.8349545], [14.5639869, 35.8343618], [14.5635398, 35.8339369], [14.5637786, 35.8334604], [14.563306, 35.8328659], [14.5628094, 35.8330714], [14.5627966, 35.8332653], [14.5625088, 35.8330855], [14.5623868, 35.8331495], [14.5622736, 35.8330097], [14.5619485, 35.833005], [14.562969, 35.8324099], [14.5628995, 35.8319945], [14.5624019, 35.8311369], [14.5614418, 35.8311119], [14.5618501, 35.8309064], [14.5615887, 35.8304641], [14.5621177, 35.8304753], [14.562087, 35.830177], [14.5623339, 35.8296779], [14.5635076, 35.8294288], [14.5643305, 35.828879], [14.5642678, 35.8284298], [14.5631034, 35.8280513], [14.5635725, 35.8278819], [14.5636139, 35.8277607], [14.5638915, 35.827794], [14.5639685, 35.8276074], [14.5637857, 35.8274295], [14.563874, 35.8272807], [14.563389, 35.8263488], [14.5628177, 35.8257999], [14.5629711, 35.8254997], [14.5628389, 35.8250665], [14.5626432, 35.824895], [14.5626434, 35.8242233], [14.5617705, 35.8238528], [14.5613993, 35.8239301], [14.5613403, 35.8238011], [14.5609461, 35.8239804], [14.5605486, 35.8243546], [14.5602165, 35.8241314], [14.5597185, 35.8243939], [14.55949, 35.8243587], [14.5600395, 35.823639], [14.5601202, 35.8232739], [14.5613487, 35.822748], [14.5623734, 35.8224676], [14.5624316, 35.8220644], [14.562246, 35.8214684], [14.5618322, 35.8214406], [14.561702, 35.8217054], [14.5612567, 35.8214875], [14.5610967, 35.8212262], [14.5622372, 35.8203416], [14.5623036, 35.8197914], [14.5611914, 35.8196418], [14.5607007, 35.8192807], [14.5603111, 35.8194386], [14.5602319, 35.8191624], [14.5590927, 35.8190123], [14.5586197, 35.8203482], [14.5587151, 35.820908], [14.5580241, 35.822925], [14.5578001, 35.8231339], [14.5568269, 35.823571], [14.5564518, 35.823613], [14.5560275, 35.8248113], [14.5566776, 35.825969], [14.5568863, 35.8260724], [14.5568836, 35.8264982], [14.5570143, 35.8266172], [14.5570911, 35.8270526], [14.5568624, 35.8280318], [14.5561585, 35.8285116], [14.5552069, 35.8289061], [14.5549068, 35.8292619], [14.5548444, 35.8295784], [14.5551416, 35.8304757], [14.5547287, 35.8315195], [14.5555688, 35.8320158], [14.5553788, 35.8322174], [14.5547312, 35.8318546], [14.5525652, 35.8343006], [14.5523381, 35.8347016], [14.5509937, 35.8345756], [14.5510665, 35.8346891], [14.5521623, 35.8350353], [14.5510378, 35.8370463], [14.5509277, 35.837014], [14.5509131, 35.8373166], [14.5499973, 35.8379448], [14.5496274, 35.8385569], [14.5488777, 35.8387172], [14.548373, 35.8389862], [14.5473056, 35.8389968], [14.5460473, 35.8397086], [14.54618, 35.8398607], [14.547479, 35.8391963], [14.5476689, 35.8394475], [14.5481315, 35.8393192], [14.5482457, 35.8395612], [14.5478414, 35.8397524], [14.5480467, 35.8400847], [14.546489, 35.8406632], [14.5465673, 35.8409409], [14.5456451, 35.8411656], [14.5451148, 35.8408402], [14.5447996, 35.8403308], [14.5449085, 35.8402731], [14.5447686, 35.8402847], [14.5449791, 35.8401547], [14.5447211, 35.840202], [14.5439968, 35.8390261], [14.5441957, 35.8388846], [14.5439301, 35.8388894], [14.5438696, 35.838681], [14.5441056, 35.8381491], [14.5441325, 35.8382626], [14.5442569, 35.8381276], [14.5442216, 35.8382859], [14.5442868, 35.8381151], [14.5446146, 35.8381456], [14.5443511, 35.8379199], [14.5445672, 35.8377259], [14.5445994, 35.837531], [14.5446676, 35.8377111], [14.5449349, 35.8374587], [14.5447714, 35.8370256], [14.5450039, 35.8370129], [14.5449916, 35.8367918], [14.544669, 35.8368035], [14.5446403, 35.8365149], [14.5450434, 35.8364835], [14.5448136, 35.8363812], [14.5450212, 35.8363654], [14.5454601, 35.836041], [14.5456782, 35.8361054], [14.5455079, 35.8359188], [14.5455797, 35.8358624], [14.5458337, 35.8360684], [14.5456478, 35.8358475], [14.5459186, 35.8358943], [14.5457635, 35.8356643], [14.5464494, 35.8358882], [14.5465153, 35.8360315], [14.546674, 35.8359102], [14.5465811, 35.8357553], [14.5458012, 35.8354292], [14.5458807, 35.8350731], [14.5457665, 35.834812], [14.545566, 35.8348633], [14.5450484, 35.8338264], [14.5452192, 35.8332194], [14.5457184, 35.8331982], [14.5462168, 35.8329552], [14.5466659, 35.8324379], [14.5463619, 35.831747], [14.545945, 35.8314852], [14.5452748, 35.8308035], [14.5455818, 35.8305184], [14.5447242, 35.8301287], [14.5447002, 35.8292766], [14.5445003, 35.8296477], [14.5442253, 35.829707], [14.5439223, 35.8299658], [14.5436431, 35.8298928], [14.54314, 35.8294389], [14.5427376, 35.8296938], [14.5424292, 35.8297289], [14.5423704, 35.8299155], [14.5422137, 35.8299752], [14.5417908, 35.8299044], [14.5407875, 35.8301834], [14.5398049, 35.831342], [14.5393733, 35.8320399], [14.5390806, 35.8321214], [14.5383791, 35.8329604], [14.5380358, 35.8330299], [14.5353951, 35.8324968], [14.5341721, 35.8319347], [14.533567, 35.8322463], [14.5324432, 35.8323893], [14.5308491, 35.8323365], [14.5305454, 35.8318418], [14.5306914, 35.8314731], [14.530993, 35.8312186], [14.5298868, 35.8301329], [14.5305037, 35.8295219], [14.5309144, 35.8297343], [14.5317611, 35.82983], [14.5316349, 35.8298994], [14.5321331, 35.8298449], [14.5324192, 35.8304767], [14.5321726, 35.8297633], [14.5326791, 35.8294752], [14.5332307, 35.8281467], [14.5331993, 35.8278665], [14.5337016, 35.8270895], [14.5333207, 35.8262814], [14.5326053, 35.8259477], [14.5311432, 35.8254693], [14.5310784, 35.8252842], [14.5302752, 35.8254135], [14.5304333, 35.8255809], [14.5301128, 35.8256767], [14.5297212, 35.8253493], [14.5294667, 35.8243816], [14.529426, 35.8234828], [14.5296788, 35.8230451], [14.529709, 35.8226351], [14.529961, 35.822071], [14.5301834, 35.8217743], [14.530331, 35.8218019], [14.5306505, 35.8198742], [14.5310866, 35.8198228], [14.5311164, 35.8199526], [14.5314432, 35.819732], [14.5334847, 35.8217227], [14.5420017, 35.8159616], [14.5424806, 35.8163357], [14.5434894, 35.8166819], [14.5438102, 35.816928], [14.5388195, 35.8211704], [14.5388194, 35.8212934], [14.5412687, 35.8232062], [14.5465986, 35.8186656], [14.546628, 35.8205186], [14.5469406, 35.8205035], [14.5468061, 35.8187593], [14.5466501, 35.818051], [14.5463678, 35.8178218], [14.5463899, 35.8176853], [14.5430179, 35.8150384], [14.5432818, 35.8148051], [14.5429, 35.8145574], [14.5422711, 35.8144996], [14.5422988, 35.8142258], [14.5427684, 35.8135018], [14.5430218, 35.8132929], [14.5437992, 35.8139017], [14.5439348, 35.8137871], [14.549486, 35.8181339], [14.549677, 35.8180529], [14.5496836, 35.8179494], [14.5442333, 35.8136544], [14.5442426, 35.8135164], [14.5429816, 35.8124589], [14.5429866, 35.8123251], [14.5425006, 35.8120652], [14.5431722, 35.8114697], [14.5430066, 35.8113317], [14.5423667, 35.8111087], [14.5414017, 35.8105572], [14.5399681, 35.8101374], [14.5397344, 35.8101621], [14.5389788, 35.8113814], [14.5386953, 35.8115267], [14.5391196, 35.8105947], [14.5391987, 35.8095773], [14.5383549, 35.8094074], [14.5382517, 35.8092612], [14.5384801, 35.8092156], [14.5380744, 35.809015], [14.5380263, 35.8088675], [14.5372483, 35.8089976], [14.5371423, 35.8086517], [14.5363489, 35.8082324], [14.536067, 35.8078991], [14.5352969, 35.8074336], [14.5344122, 35.8077704], [14.5341371, 35.8076176], [14.5338787, 35.8078028], [14.533698, 35.8077204], [14.5335148, 35.8078972], [14.5333068, 35.8078168], [14.5332919, 35.8076461], [14.53231, 35.8072108], [14.5317567, 35.8071009], [14.5313718, 35.806743], [14.5306821, 35.8065598], [14.5308204, 35.8064416], [14.5304885, 35.8063212], [14.5303078, 35.8064599], [14.5303338, 35.8065644], [14.5298038, 35.8068419], [14.5293403, 35.806821], [14.5290742, 35.8065635], [14.5286965, 35.8066261], [14.5288167, 35.8070994], [14.5286107, 35.8073083], [14.527935, 35.8070347], [14.5277097, 35.8071391], [14.5263563, 35.8066841], [14.5256753, 35.8068837], [14.5248256, 35.806814], [14.524491, 35.8070347], [14.5235214, 35.8073111], [14.5223708, 35.8073361], [14.5217561, 35.8071717], [14.5216496, 35.8070033], [14.5213788, 35.8070991], [14.5189204, 35.8068837], [14.5176491, 35.806451], [14.5174576, 35.8062596], [14.5167099, 35.8064098], [14.5160862, 35.8062313], [14.5157395, 35.8063463], [14.5155213, 35.8061415], [14.5155081, 35.806403], [14.5146753, 35.8067613], [14.5130719, 35.8070185], [14.5121868, 35.8069339], [14.5103974, 35.8074753], [14.5100391, 35.8085322], [14.5093861, 35.8085719], [14.5083922, 35.808336], [14.5064854, 35.8092028], [14.5041787, 35.8104905], [14.5029966, 35.810938], [14.5027732, 35.8111343], [14.5007259, 35.8115883], [14.5005178, 35.8116968], [14.5004929, 35.8121351], [14.5005322, 35.8131863], [14.5007086, 35.8137869], [14.5029274, 35.8135916], [14.5029252, 35.8137127], [14.5031183, 35.8136883], [14.5032746, 35.8144763], [14.5024868, 35.8157108], [14.5015345, 35.8162399], [14.5014317, 35.817034], [14.5015384, 35.817859], [14.5010034, 35.8181821], [14.5008825, 35.818697], [14.5012154, 35.8193325], [14.5012502, 35.8207498], [14.5007821, 35.8213105], [14.5007936, 35.8220632], [14.5022358, 35.8230884], [14.5027577, 35.8230189], [14.5032289, 35.8218651], [14.5036779, 35.8211549], [14.5056346, 35.8218479], [14.5087403, 35.8202131], [14.508951, 35.8207218], [14.5106249, 35.8209224], [14.5144232, 35.8217696], [14.516703, 35.8232222], [14.5159045, 35.8233196], [14.514858, 35.8231569], [14.5150342, 35.8242364], [14.5142104, 35.8247346], [14.5138511, 35.8247532], [14.5126474, 35.8252505], [14.5116971, 35.8265081], [14.5113571, 35.8266452], [14.5111922, 35.8270792], [14.5113402, 35.8274682], [14.5106876, 35.8290854], [14.510278, 35.8298119], [14.5100381, 35.8299291], [14.509316, 35.8308185], [14.5097268, 35.8309252], [14.5073928, 35.8329049], [14.505877, 35.8316372], [14.5008578, 35.8356371], [14.5007192, 35.8355322], [14.5002039, 35.8357633], [14.4994579, 35.837685], [14.4828232, 35.8511078], [14.4823234, 35.8511684], [14.4822303, 35.8509315], [14.48126, 35.8503142], [14.4805895, 35.8506857], [14.4801919, 35.8510816], [14.4800503, 35.8514412], [14.4777732, 35.8519939], [14.4769869, 35.8523013], [14.4761159, 35.8523498], [14.4744445, 35.8527356], [14.4743137, 35.8525092], [14.4735906, 35.8521117], [14.473253, 35.8522123], [14.4727403, 35.8519367], [14.4719837, 35.851927], [14.4718666, 35.8516364], [14.4713845, 35.851627], [14.4710432, 35.8513993], [14.4709066, 35.8510217], [14.4706783, 35.851071], [14.4698664, 35.8502935], [14.4681966, 35.8500235], [14.4667443, 35.8501023], [14.4658634, 35.849835], [14.4641962, 35.8489064], [14.4635731, 35.8483464], [14.4591932, 35.8457386], [14.4581639, 35.8466801], [14.4582852, 35.8468093], [14.4576263, 35.847583], [14.4579224, 35.848126], [14.4590093, 35.8488646], [14.4600132, 35.8497235], [14.4644098, 35.8523204], [14.4646078, 35.8526938], [14.4645239, 35.8537552], [14.4646421, 35.8540781], [14.468711, 35.8567635], [14.4698236, 35.8576803], [14.4723766, 35.861504], [14.4703673, 35.8615916], [14.4704268, 35.8623168], [14.4710852, 35.862435], [14.4717354, 35.8627404], [14.4706852, 35.862835], [14.4697276, 35.8634705]]]]}, "properties": {"name": "Nofsinhar reġjun", "admin": "reġjun", "source": "© OpenStreetMap contributors, ODbL 1.0", "osm_relation": 1711219}}, {"type": "Feature", "geometry": {"type": "MultiPolygon", "coordinates": [[[[14.4962438, 35.9042986], [14.4964062, 35.9037232], [14.4971143, 35.9031265], [14.4982, 35.9032117], [14.499902, 35.9028795], [14.5030499, 35.9012746], [14.5050395, 35.9012111], [14.5057422, 35.9015932], [14.5060643, 35.9021528], [14.5060955, 35.9024756], [14.5060926, 35.9021514], [14.5067033, 35.9030504], [14.5071647, 35.9033611], [14.5083174, 35.9036953], [14.5077556, 35.9039156], [14.5068438, 35.9046333], [14.5058823, 35.9051825], [14.5048924, 35.9053189], [14.5025417, 35.905287], [14.502359, 35.9054017], [14.5015164, 35.9052418], [14.5004252, 35.9055015], [14.4993692, 35.9054189], [14.4993761, 35.9053062], [14.4992879, 35.905417], [14.4980534, 35.9049016], [14.4980746, 35.904706], [14.4968835, 35.9043773], [14.4962523, 35.9044665], [14.4962438, 35.9042986]]], [[[14.4381833, 35.9054474], [14.4385162, 35.9053802], [14.4385436, 35.905255], [14.4422597, 35.9046567], [14.4462901, 35.9046823], [14.4473519, 35.9049461], [14.4482843, 35.904905], [14.4492139, 35.9046835], [14.4484176, 35.9056868], [14.4475071, 35.9061035], [14.4473039, 35.9064525], [14.4481147, 35.9068617], [14.4485235, 35.9067423], [14.4491188, 35.9081899], [14.4498646, 35.908348], [14.449804, 35.9086507], [14.4500471, 35.9090717], [14.4494249, 35.910488], [14.4493158, 35.9110913], [14.4494273, 35.9117276], [14.4486397, 35.9132286], [14.4488452, 35.9137799], [14.4485214, 35.914425], [14.4494727, 35.9151664], [14.4491288, 35.9154506], [14.4498743, 35.9155626], [14.4512479, 35.9164084], [14.4515182, 35.9164415], [14.4515495, 35.9166216], [14.4512316, 35.9170036], [14.4507979, 35.9171047], [14.4502293, 35.9175345], [14.4494401, 35.918775], [14.4490175, 35.9190021], [14.4492709, 35.9195348], [14.4480313, 35.9199889], [14.4479481, 35.9207907], [14.4477372, 35.9209062], [14.447796, 35.9216412], [14.4483859, 35.9222299], [14.4485194, 35.9230227], [14.4490903, 35.9240129], [14.4494267, 35.9266424], [14.4491621, 35.9275107], [14.4488638, 35.9277994], [14.4486454, 35.9282445], [14.4476488, 35.9282873], [14.4473453, 35.9287144], [14.4481122, 35.9291707], [14.4480189, 35.9293787], [14.449323, 35.9302743], [14.4499995, 35.9310104], [14.4509097, 35.9316019], [14.4517329, 35.9323269], [14.4524446, 35.9324772], [14.4537635, 35.9324023], [14.4552273, 35.9334131], [14.4581311, 35.9324025], [14.4587682, 35.9324816], [14.4595493, 35.9323368], [14.4601259, 35.9325034], [14.4613532, 35.9331617], [14.4628949, 35.9335376], [14.4634541, 35.9335462], [14.4622686, 35.9343487], [14.4636156, 35.9351259], [14.4639426, 35.9355353], [14.4639711, 35.9369177], [14.4642136, 35.9370016], [14.4645711, 35.9368453], [14.4665356, 35.9367904], [14.4666255, 35.9366303], [14.4672977, 35.9365087], [14.4674022, 35.9366867], [14.4676499, 35.9366769], [14.4675369, 35.936523], [14.4678933, 35.9366813], [14.4684687, 35.9366791], [14.4692347, 35.9363093], [14.4697034, 35.9365643], [14.4700572, 35.9364218], [14.4699492, 35.9361838], [14.4700681, 35.9360981], [14.4708557, 35.9362001], [14.4710016, 35.9360681], [14.4713021, 35.9364965], [14.4717058, 35.936766], [14.4717887, 35.9371868], [14.4722705, 35.9374532], [14.4731828, 35.9372639], [14.4740587, 35.9373976], [14.4748237, 35.9378543], [14.4754838, 35.9380008], [14.4762103, 35.9379536], [14.4769301, 35.937766], [14.477342, 35.9374765], [14.4775225, 35.9370259], [14.4787254, 35.9368943], [14.4791154, 35.9370816], [14.4796295, 35.9370258], [14.4800007, 35.9367825], [14.481548, 35.9362748], [14.4816879, 35.9358085], [14.4813951, 35.9343847], [14.4810853, 35.9338156], [14.4816305, 35.9340341], [14.4822248, 35.9336385], [14.4837364, 35.9334179], [14.4857297, 35.9319006], [14.4854443, 35.9317925], [14.4855989, 35.9315987], [14.4859189, 35.9316906], [14.4859839, 35.9316327], [14.4857542, 35.9315552], [14.4867538, 35.9314459], [14.4872121, 35.931666], [14.4877593, 35.9316462], [14.48808, 35.931515], [14.488406, 35.9310127], [14.4892056, 35.9304018], [14.4896515, 35.9303615], [14.4905073, 35.9306383], [14.4910879, 35.9306042], [14.4914335, 35.9301368], [14.4927425, 35.9290784], [14.4924528, 35.9283362], [14.4915214, 35.9280119], [14.4913336, 35.9280492], [14.4909913, 35.9277533], [14.4907707, 35.9277487], [14.4899247, 35.9272199], [14.4890621, 35.9270108], [14.4891085, 35.9269367], [14.4889018, 35.9268534], [14.4888422, 35.9269525], [14.4876963, 35.9264882], [14.4878765, 35.9259365], [14.48824, 35.9255515], [14.4886825, 35.9253771], [14.4888241, 35.9255444], [14.4890071, 35.9255514], [14.4896887, 35.9262329], [14.491676, 35.9265927], [14.4920625, 35.9265217], [14.4927278, 35.9261681], [14.4928563, 35.9262461], [14.4929543, 35.9259988], [14.4935591, 35.9261907], [14.4936845, 35.9261427], [14.4935109, 35.9260224], [14.4937996, 35.9259931], [14.4940749, 35.9261794], [14.4940801, 35.9265788], [14.4943526, 35.926685], [14.4942561, 35.9268625], [14.4955161, 35.9269933], [14.4956529, 35.9267139], [14.4955071, 35.926296], [14.4951188, 35.926226], [14.4950665, 35.9258125], [14.4944304, 35.9256149], [14.494664, 35.9254357], [14.4941655, 35.9249432], [14.4940889, 35.9251563], [14.4938954, 35.9251549], [14.4940819, 35.9248529], [14.4939825, 35.9246962], [14.4936061, 35.9249658], [14.4936148, 35.9247795], [14.4937926, 35.9247851], [14.4939163, 35.9246257], [14.4938536, 35.9245043], [14.4935782, 35.9245495], [14.493519, 35.924668], [14.4932001, 35.9245226], [14.4935992, 35.9243095], [14.4932898, 35.924355], [14.492787, 35.9240975], [14.4927648, 35.9239358], [14.4931764, 35.9237881], [14.492999, 35.9235616], [14.4935806, 35.9235007], [14.4937272, 35.9236887], [14.4940688, 35.9237095], [14.4953814, 35.9234318], [14.4957144, 35.9223565], [14.4953906, 35.9220343], [14.4953567, 35.9215959], [14.4956304, 35.9212308], [14.4951889, 35.9216652], [14.4951325, 35.9219101], [14.4949419, 35.921937], [14.4950629, 35.9219841], [14.4950964, 35.9222442], [14.4948351, 35.9223742], [14.4946684, 35.9222688], [14.4947223, 35.9219756], [14.494452, 35.9218592], [14.4943733, 35.9213961], [14.4941359, 35.9212289], [14.4935602, 35.9212222], [14.4932333, 35.9214838], [14.4932389, 35.9216117], [14.4930708, 35.9216328], [14.4925152, 35.9211758], [14.4925164, 35.9209479], [14.4927798, 35.9207336], [14.4930675, 35.9207372], [14.4932739, 35.9209083], [14.4942862, 35.9209124], [14.4941717, 35.9207579], [14.4945808, 35.9203719], [14.4948128, 35.9203589], [14.495051, 35.9205244], [14.4950692, 35.9207308], [14.4946681, 35.9211126], [14.4944599, 35.9210493], [14.4947671, 35.9212679], [14.4947071, 35.9215332], [14.4948454, 35.9216027], [14.4953999, 35.9205662], [14.4953051, 35.9199012], [14.4950273, 35.9194384], [14.4946145, 35.9191111], [14.4940692, 35.9190622], [14.4940178, 35.9191993], [14.4932229, 35.9190102], [14.4929574, 35.9186369], [14.4930607, 35.9189278], [14.491779, 35.9195809], [14.4914371, 35.9195623], [14.4913816, 35.9196879], [14.4904736, 35.919649], [14.4900742, 35.9191966], [14.4901142, 35.9190663], [14.4903039, 35.9189939], [14.490793, 35.9191315], [14.4913294, 35.9189406], [14.4921823, 35.9184138], [14.4938351, 35.9170693], [14.4940734, 35.9165427], [14.4939107, 35.9164889], [14.4938406, 35.9160352], [14.4934151, 35.915546], [14.4937605, 35.9154824], [14.493774, 35.9149394], [14.4935506, 35.9146977], [14.4936589, 35.9145244], [14.4943051, 35.9143482], [14.4945606, 35.9147226], [14.4945855, 35.915075], [14.4949329, 35.9152633], [14.4948121, 35.9153446], [14.4949625, 35.9154882], [14.4951586, 35.9153663], [14.495253, 35.9155094], [14.4954594, 35.9153803], [14.4955664, 35.9154947], [14.496458, 35.9150869], [14.4969645, 35.9152716], [14.4969269, 35.9155234], [14.4970379, 35.915604], [14.4970766, 35.9151959], [14.4975908, 35.9152741], [14.4977976, 35.9159956], [14.4976487, 35.9168378], [14.4977498, 35.9169013], [14.4976395, 35.9169514], [14.4978462, 35.9169832], [14.4977756, 35.9174844], [14.4979087, 35.9178188], [14.4988741, 35.9188998], [14.4992402, 35.9185429], [14.5000605, 35.9180392], [14.4999407, 35.9179129], [14.5002053, 35.9179552], [14.5009594, 35.9174424], [14.5011815, 35.9174074], [14.5012844, 35.91728], [14.501125, 35.9171784], [14.5013533, 35.917181], [14.5014237, 35.9170627], [14.5014621, 35.91724], [14.5027917, 35.9168769], [14.5030949, 35.9166906], [14.5041771, 35.9165389], [14.5049185, 35.9162227], [14.5041814, 35.9159917], [14.5048111, 35.915873], [14.504694, 35.9157662], [14.5047593, 35.9156414], [14.5051247, 35.9156984], [14.5069596, 35.9153203], [14.5070683, 35.9152115], [14.5068514, 35.9149915], [14.507, 35.9145799], [14.5077614, 35.9145639], [14.5077664, 35.9144534], [14.5080672, 35.9144049], [14.5081722, 35.9138946], [14.5079607, 35.9135761], [14.5074123, 35.9138026], [14.5071041, 35.9136757], [14.5071916, 35.9134038], [14.507009, 35.9131981], [14.5070308, 35.912569], [14.5075429, 35.9125868], [14.5075463, 35.9124662], [14.5071381, 35.9124273], [14.5071197, 35.9117062], [14.5082053, 35.9113201], [14.5084537, 35.9114447], [14.5096823, 35.911291], [14.5096195, 35.9111832], [14.5101299, 35.9110909], [14.5104365, 35.9107521], [14.5103823, 35.9105844], [14.5106299, 35.9104367], [14.5106805, 35.9101772], [14.5113512, 35.9096566], [14.5110019, 35.9090735], [14.5110373, 35.9089183], [14.5113176, 35.9088617], [14.5116001, 35.9089882], [14.5117037, 35.9087378], [14.5122215, 35.9086686], [14.5121884, 35.908526], [14.51183, 35.908399], [14.5117599, 35.9082711], [14.5120468, 35.9081606], [14.5126107, 35.9082473], [14.5125601, 35.9080489], [14.5132156, 35.907814], [14.5135909, 35.907854], [14.5138806, 35.90759], [14.5143947, 35.907502], [14.5144017, 35.9073686], [14.5146758, 35.9073904], [14.5152091, 35.9070941], [14.5148255, 35.907038], [14.5149684, 35.906278], [14.5148384, 35.9060902], [14.5143125, 35.9058716], [14.5144331, 35.9057732], [14.5139926, 35.9058113], [14.5133194, 35.9054763], [14.5133696, 35.9057789], [14.5128975, 35.9055655], [14.5131314, 35.9054991], [14.5130623, 35.9053984], [14.5119018, 35.9053218], [14.5120366, 35.9055778], [14.5116985, 35.9053929], [14.5112946, 35.9055411], [14.5113127, 35.9056324], [14.5111437, 35.9056175], [14.5110815, 35.9058136], [14.5108436, 35.9059896], [14.5099628, 35.9063936], [14.5096461, 35.9063188], [14.5089796, 35.9064583], [14.5089069, 35.9067096], [14.5079951, 35.9069302], [14.50649, 35.908032], [14.5056729, 35.9082989], [14.5052539, 35.9086683], [14.5044183, 35.9087455], [14.499376, 35.907495], [14.4990627, 35.9070281], [14.4986989, 35.9067374], [14.4981631, 35.9065659], [14.4973581, 35.905749], [14.497138, 35.9053124], [14.4959356, 35.9044332], [14.4956324, 35.9037725], [14.4956027, 35.9029947], [14.4957177, 35.9030018], [14.4958474, 35.9023687], [14.4960755, 35.9020088], [14.4968624, 35.9013318], [14.4977662, 35.9008652], [14.4997698, 35.9005107], [14.5006093, 35.8999875], [14.500893, 35.8995082], [14.5007329, 35.8993547], [14.5003142, 35.8975699], [14.5000551, 35.8970958], [14.5000581, 35.8966695], [14.4998681, 35.8966973], [14.4998794, 35.8972355], [14.499157, 35.8974631], [14.4958296, 35.8977201], [14.4951465, 35.8976366], [14.4938198, 35.8971246], [14.4937469, 35.8972445], [14.4928095, 35.8968788], [14.4929624, 35.8968369], [14.4915756, 35.896582], [14.490499, 35.8962063], [14.490918, 35.895103], [14.4912257, 35.8949693], [14.4925999, 35.8955495], [14.4927788, 35.8956903], [14.4927377, 35.8957701], [14.4935343, 35.896042], [14.493843, 35.896086], [14.4941392, 35.8959265], [14.4941334, 35.896019], [14.4946209, 35.8960383], [14.4958037, 35.8965303], [14.4971331, 35.8965444], [14.4975626, 35.8962882], [14.4970163, 35.8930046], [14.4975319, 35.892908], [14.4976527, 35.8933807], [14.4979966, 35.8938606], [14.4980743, 35.8943255], [14.4984328, 35.8944685], [14.4984988, 35.8943322], [14.498008, 35.8936334], [14.4970284, 35.8916781], [14.4970107, 35.8912308], [14.4973505, 35.8908552], [14.4968888, 35.8906194], [14.4965792, 35.8902369], [14.4942087, 35.8885561], [14.4926564, 35.8885413], [14.4923065, 35.8890979], [14.4899526, 35.8892296], [14.4907169, 35.8907216], [14.4882928, 35.8916219], [14.4883054, 35.8917482], [14.4873859, 35.8921031], [14.4873658, 35.8922071], [14.4862587, 35.8924697], [14.4858286, 35.8917969], [14.48483, 35.8920872], [14.483289, 35.8922496], [14.4830555, 35.8924859], [14.48304, 35.893589], [14.4821874, 35.8937723], [14.4814726, 35.8937434], [14.4814652, 35.8935992], [14.4783348, 35.8937619], [14.4770045, 35.8941054], [14.4766437, 35.8943451], [14.4765036, 35.8942816], [14.4751661, 35.895046], [14.4750576, 35.8948724], [14.4739415, 35.8951316], [14.4731707, 35.8938451], [14.4738223, 35.8936832], [14.4726348, 35.89091], [14.472885, 35.8901698], [14.4727184, 35.8898768], [14.4729763, 35.8898122], [14.4733162, 35.888957], [14.4715814, 35.8889096], [14.4707074, 35.8885844], [14.470386, 35.888264], [14.4703366, 35.8880222], [14.4704927, 35.8879214], [14.4715257, 35.887919], [14.4714276, 35.8868899], [14.4705584, 35.8868958], [14.4631107, 35.8885816], [14.4591074, 35.890172], [14.4581924, 35.8908245], [14.4567958, 35.8928064], [14.4573907, 35.8970355], [14.4569847, 35.8972467], [14.4561843, 35.897348], [14.4563722, 35.8996287], [14.455064, 35.9000924], [14.4540648, 35.9009388], [14.4523542, 35.9019236], [14.4510107, 35.9015487], [14.4511976, 35.9007975], [14.4505362, 35.9006657], [14.4497868, 35.8997256], [14.4491313, 35.899912], [14.4490019, 35.8996774], [14.4482809, 35.8998022], [14.4482606, 35.8991442], [14.448636, 35.8985475], [14.4485763, 35.8983774], [14.4464964, 35.8981891], [14.4463792, 35.897696], [14.4459991, 35.8970434], [14.4451013, 35.897136], [14.4449119, 35.8974757], [14.4449693, 35.8980537], [14.4423668, 35.8978899], [14.4411104, 35.8975429], [14.4399109, 35.8975218], [14.4379251, 35.8972362], [14.4376651, 35.8967175], [14.4373366, 35.8969703], [14.4360752, 35.8974463], [14.4356809, 35.8974389], [14.4340072, 35.8979243], [14.4343118, 35.8987454], [14.4347752, 35.9015767], [14.4355862, 35.9025607], [14.4362208, 35.904042], [14.4371858, 35.905275], [14.4380008, 35.9052709], [14.4381833, 35.9054474]], [[14.4640805, 35.9152861], [14.4636854, 35.9149191], [14.4631079, 35.9141079], [14.4626973, 35.9122401], [14.4627816, 35.9116297], [14.4631488, 35.910872], [14.4620718, 35.9082179], [14.462141, 35.9072049], [14.4630338, 35.905956], [14.4632469, 35.9045784], [14.4653503, 35.9044088], [14.466857, 35.9037719], [14.4677245, 35.9032233], [14.4683048, 35.9032071], [14.4707669, 35.9036868], [14.4711829, 35.9026693], [14.4714846, 35.9023907], [14.4724677, 35.9023579], [14.4735485, 35.9027048], [14.4743305, 35.9034059], [14.4752865, 35.9035058], [14.4770939, 35.9039747], [14.4779522, 35.9039231], [14.479382, 35.9041969], [14.479801, 35.9041225], [14.4800063, 35.9043214], [14.4818378, 35.904017], [14.4824108, 35.9042915], [14.4872663, 35.9044328], [14.4879871, 35.9055436], [14.4884735, 35.9058725], [14.4884406, 35.9060475], [14.4897436, 35.9068299], [14.4903501, 35.9075252], [14.4903757, 35.9079894], [14.4900861, 35.9087081], [14.4894751, 35.909161], [14.4873057, 35.9103297], [14.4867108, 35.9111863], [14.4854217, 35.9110446], [14.4848128, 35.9108283], [14.4842265, 35.9121342], [14.4827076, 35.9124869], [14.4825127, 35.912847], [14.4830496, 35.9129996], [14.4829427, 35.913697], [14.4827472, 35.9138078], [14.4827808, 35.9143732], [14.482978, 35.9146014], [14.4831091, 35.9151017], [14.4829972, 35.9152566], [14.4841463, 35.9163592], [14.4831556, 35.9167273], [14.4816231, 35.9170329], [14.479827, 35.9160906], [14.4794202, 35.9162093], [14.4788742, 35.9157996], [14.4782106, 35.9159196], [14.4780469, 35.9155466], [14.4776727, 35.9152311], [14.4772815, 35.9144626], [14.4773395, 35.9143075], [14.4771711, 35.9141262], [14.4772947, 35.9139748], [14.4769407, 35.9137504], [14.4745838, 35.912982], [14.4721799, 35.912787], [14.4716623, 35.9126008], [14.4709769, 35.9135344], [14.4704038, 35.9135358], [14.4673426, 35.9152653], [14.4669193, 35.9149375], [14.466273, 35.9153291], [14.4655581, 35.9151357], [14.4653051, 35.9149336], [14.4650007, 35.9149193], [14.464353, 35.9153664], [14.4640805, 35.9152861]]]]}, "properties": {"name": "Lvant reġjun", "admin": "reġjun", "source": "© OpenStreetMap contributors, ODbL 1.0", "osm_relation": 19732551}}, {"type": "Feature", "geometry": {"type": "MultiPolygon", "coordinates": [[[[14.48126, 35.8503142], [14.4822303, 35.8509315], [14.4823234, 35.8511684], [14.4828232, 35.8511078], [14.4994579, 35.837685], [14.5002039, 35.8357633], [14.5007192, 35.8355322], [14.5008578, 35.8356371], [14.505877, 35.8316372], [14.5073928, 35.8329049], [14.5097268, 35.8309252], [14.509316, 35.8308185], [14.5100381, 35.8299291], [14.510278, 35.8298119], [14.5106876, 35.8290854], [14.5113402, 35.8274682], [14.5111922, 35.8270792], [14.5113571, 35.8266452], [14.5116971, 35.8265081], [14.5126474, 35.8252505], [14.5138511, 35.8247532], [14.5142104, 35.8247346], [14.5150342, 35.8242364], [14.514858, 35.8231569], [14.5159045, 35.8233196], [14.516703, 35.8232222], [14.5144232, 35.8217696], [14.5106249, 35.8209224], [14.508951, 35.8207218], [14.5087403, 35.8202131], [14.5056346, 35.8218479], [14.5036779, 35.8211549], [14.5032289, 35.8218651], [14.5027577, 35.8230189], [14.5022358, 35.8230884], [14.5007936, 35.8220632], [14.5007821, 35.8213105], [14.5012502, 35.8207498], [14.5012154, 35.8193325], [14.5008825, 35.818697], [14.5010034, 35.8181821], [14.5015384, 35.817859], [14.5014317, 35.817034], [14.5015345, 35.8162399], [14.5024868, 35.8157108], [14.5032746, 35.8144763], [14.5031183, 35.8136883], [14.5029252, 35.8137127], [14.5029274, 35.8135916], [14.5007086, 35.8137869], [14.5005322, 35.8131863], [14.5005178, 35.8116968], [14.4992738, 35.8125983], [14.4980636, 35.8130646], [14.4969645, 35.813353], [14.4966645, 35.8133152], [14.4964408, 35.8130813], [14.4960984, 35.8132334], [14.4958658, 35.8135303], [14.494109, 35.8139518], [14.4928972, 35.8136746], [14.4911889, 35.8138358], [14.4903266, 35.8138047], [14.48996, 35.8136095], [14.4890651, 35.8140175], [14.4880411, 35.8137629], [14.4878587, 35.8136181], [14.4844359, 35.8134269], [14.4842695, 35.8136124], [14.4842376, 35.8139224], [14.4835073, 35.814202], [14.4833334, 35.8144596], [14.4829316, 35.8146632], [14.4821888, 35.8148391], [14.4821737, 35.8149176], [14.482353, 35.8149505], [14.4823616, 35.8151458], [14.4821472, 35.815197], [14.4806046, 35.8148599], [14.4799075, 35.8145544], [14.4796253, 35.814256], [14.4794627, 35.8143311], [14.4794627, 35.8144629], [14.4785777, 35.8146496], [14.4777702, 35.8146224], [14.477562, 35.8145664], [14.4775309, 35.8144034], [14.4771678, 35.814061], [14.4762861, 35.8139594], [14.4764244, 35.814057], [14.4761449, 35.8142124], [14.4751471, 35.8140058], [14.4745319, 35.8143567], [14.4744014, 35.814571], [14.47397, 35.8146274], [14.473403, 35.8149279], [14.4730872, 35.8153679], [14.4729799, 35.8153957], [14.4730711, 35.815197], [14.4728954, 35.8151651], [14.4727686, 35.8152062], [14.4727961, 35.8154507], [14.472595, 35.8154246], [14.4723733, 35.8155873], [14.472589, 35.8152677], [14.4724819, 35.815122], [14.4720391, 35.8152499], [14.4717446, 35.8150886], [14.4700074, 35.8157774], [14.4692082, 35.8163157], [14.4688244, 35.8163742], [14.4682826, 35.8171714], [14.4668208, 35.8175718], [14.4667706, 35.8177936], [14.4660444, 35.8184694], [14.4658345, 35.8191431], [14.4654197, 35.8193034], [14.4655392, 35.819629], [14.4651752, 35.8197668], [14.4635029, 35.8198618], [14.4634322, 35.8199956], [14.4629218, 35.8202385], [14.4620633, 35.8202491], [14.4596314, 35.8199061], [14.4593757, 35.8200816], [14.4586481, 35.8211721], [14.4586793, 35.8214512], [14.4588459, 35.8216166], [14.4584906, 35.8220509], [14.4584984, 35.8216291], [14.4582447, 35.8214822], [14.4580482, 35.8217627], [14.4576707, 35.8218107], [14.4574634, 35.8216943], [14.4568524, 35.8221595], [14.4568216, 35.8214676], [14.4566171, 35.8215423], [14.4564955, 35.8213632], [14.4562301, 35.8212816], [14.4562568, 35.8211871], [14.4568564, 35.8210592], [14.4565384, 35.8205628], [14.4565787, 35.8201578], [14.4562466, 35.8201859], [14.4559657, 35.8203999], [14.455286, 35.8204824], [14.455241, 35.8203099], [14.4554081, 35.8201471], [14.4554464, 35.8198346], [14.4556914, 35.8195836], [14.4556472, 35.8193997], [14.4552156, 35.8192536], [14.4548946, 35.8192653], [14.4547112, 35.8194098], [14.4539216, 35.8188866], [14.4536967, 35.8188895], [14.4534415, 35.818958], [14.4533784, 35.8191145], [14.4526846, 35.8190456], [14.4519059, 35.81925], [14.4515915, 35.8195189], [14.4516557, 35.8200829], [14.4518856, 35.8202695], [14.452139, 35.8206711], [14.4521937, 35.8210508], [14.4524283, 35.8212969], [14.4521838, 35.8211788], [14.4520474, 35.8208475], [14.4514552, 35.8202991], [14.4511683, 35.819563], [14.4508564, 35.8194632], [14.4501182, 35.8197903], [14.449982, 35.8198071], [14.4499981, 35.8196302], [14.4498347, 35.8195737], [14.4494477, 35.8197937], [14.4492962, 35.8197367], [14.4485541, 35.8200235], [14.4485553, 35.8201322], [14.4467637, 35.8208042], [14.4464442, 35.821072], [14.4467255, 35.8212677], [14.4458745, 35.8212011], [14.4463015, 35.8217871], [14.4460898, 35.8219992], [14.445383, 35.8221408], [14.4454933, 35.822261], [14.4449742, 35.8221586], [14.4445323, 35.8218631], [14.4449578, 35.8216623], [14.4446921, 35.8214735], [14.4431804, 35.8220432], [14.4429125, 35.8225997], [14.4412334, 35.8233407], [14.4404074, 35.8235028], [14.4395121, 35.8233498], [14.4386365, 35.8235754], [14.4390164, 35.8231036], [14.4394015, 35.8229481], [14.4393869, 35.82286], [14.4382627, 35.8232949], [14.4381568, 35.8232504], [14.4382024, 35.8230601], [14.4386161, 35.8224645], [14.4382169, 35.8224367], [14.4376808, 35.8231043], [14.4378488, 35.8231752], [14.4378133, 35.823262], [14.4372542, 35.8236581], [14.4370517, 35.8236766], [14.4368532, 35.8233091], [14.4367779, 35.82376], [14.4365783, 35.8238156], [14.4362457, 35.8236581], [14.4363902, 35.8233626], [14.4355021, 35.8237065], [14.435462, 35.8238156], [14.4358154, 35.823722], [14.4357904, 35.8239111], [14.436089, 35.8238258], [14.4361461, 35.82395], [14.4360202, 35.8240116], [14.4361429, 35.8240418], [14.4360235, 35.8241918], [14.4363226, 35.8243696], [14.4356522, 35.8247694], [14.4347274, 35.8247155], [14.4353344, 35.8250217], [14.4352845, 35.8251091], [14.4358632, 35.8250804], [14.4342716, 35.8258894], [14.4340926, 35.8257051], [14.4339565, 35.8257226], [14.4334006, 35.8260199], [14.4323867, 35.8261771], [14.4322067, 35.8257602], [14.431738, 35.8255744], [14.4314418, 35.8257383], [14.4318109, 35.8259679], [14.4310298, 35.8260166], [14.4308496, 35.8263507], [14.4304383, 35.8258713], [14.4302287, 35.826325], [14.4299304, 35.8263933], [14.4298237, 35.8262111], [14.42942, 35.8264364], [14.4293184, 35.8264104], [14.4293561, 35.8260723], [14.4289956, 35.8260166], [14.4284906, 35.8262869], [14.4282813, 35.8266449], [14.428458, 35.8269342], [14.4281288, 35.8270644], [14.4280211, 35.8273293], [14.4276306, 35.8271004], [14.4271916, 35.8272051], [14.4269671, 35.8268968], [14.4264433, 35.8266968], [14.4254937, 35.8268448], [14.4254565, 35.827091], [14.4248548, 35.8274766], [14.4243643, 35.8272835], [14.4245168, 35.8270823], [14.4247787, 35.8270825], [14.4246521, 35.8269882], [14.4242598, 35.8268752], [14.4241248, 35.8271148], [14.4235548, 35.8270541], [14.4233562, 35.8269205], [14.4233923, 35.8268051], [14.4239826, 35.8268566], [14.4234531, 35.8266148], [14.4225807, 35.8265587], [14.4225669, 35.8267263], [14.422809, 35.8269933], [14.4229898, 35.8270304], [14.4227054, 35.8272985], [14.4219509, 35.8275368], [14.4198598, 35.827781], [14.4191508, 35.8275546], [14.4186702, 35.8276381], [14.4183612, 35.8280626], [14.416739, 35.8281809], [14.4166419, 35.828729], [14.4167726, 35.8292253], [14.4166617, 35.8294613], [14.4161725, 35.8296423], [14.4162317, 35.8298252], [14.4160282, 35.8301168], [14.4154575, 35.8299704], [14.4150693, 35.8308114], [14.4154094, 35.8308987], [14.4152946, 35.8313257], [14.4146311, 35.831541], [14.4145314, 35.8318243], [14.4148297, 35.8322459], [14.4155207, 35.8324178], [14.4157257, 35.8327537], [14.4156221, 35.8332167], [14.4159513, 35.8335145], [14.4149478, 35.8336285], [14.4145951, 35.8337969], [14.4149248, 35.8338893], [14.4160132, 35.8335796], [14.4158631, 35.8338016], [14.4145702, 35.8343472], [14.4142226, 35.8342053], [14.4127961, 35.834137], [14.4119342, 35.8342959], [14.4112505, 35.8347149], [14.4107995, 35.8348473], [14.4084397, 35.8351378], [14.407804, 35.8355431], [14.4069903, 35.8357173], [14.4071431, 35.8357839], [14.4056796, 35.835812], [14.4050521, 35.8360295], [14.4025671, 35.8361993], [14.4021559, 35.8361084], [14.4006415, 35.8376516], [14.3998904, 35.8381524], [14.3986384, 35.8380184], [14.3962313, 35.8384785], [14.3961709, 35.8387569], [14.3959882, 35.8388537], [14.396246, 35.8393785], [14.3954952, 35.8402839], [14.3965632, 35.8413886], [14.3961971, 35.8428495], [14.3946543, 35.8436243], [14.3932495, 35.8438318], [14.3923779, 35.8442391], [14.3919166, 35.8448524], [14.3908756, 35.845601], [14.3903413, 35.8458358], [14.3871114, 35.8468313], [14.3862117, 35.8474619], [14.3855154, 35.8474976], [14.3849358, 35.8480184], [14.385064, 35.8481117], [14.3850089, 35.8482916], [14.384586, 35.8486685], [14.3832646, 35.8490997], [14.38167, 35.849006], [14.3811193, 35.8486376], [14.3806763, 35.8487235], [14.380182, 35.848552], [14.379923, 35.8487176], [14.37952, 35.8495636], [14.379268, 35.8496342], [14.3787499, 35.8503242], [14.3780015, 35.8508551], [14.3778852, 35.8510456], [14.3770054, 35.8515191], [14.3748856, 35.852985], [14.3730665, 35.8535866], [14.3728804, 35.8534698], [14.3712527, 35.8538556], [14.3707417, 35.8545237], [14.3703985, 35.8554015], [14.3697143, 35.8562477], [14.3688622, 35.856933], [14.3674737, 35.8574229], [14.3661941, 35.8581997], [14.363738, 35.8591528], [14.3631287, 35.8596932], [14.3623418, 35.860152], [14.3620348, 35.8604596], [14.3619467, 35.8607631], [14.3620773, 35.8613403], [14.3611921, 35.8626314], [14.3594946, 35.8638856], [14.3590929, 35.8644184], [14.3580863, 35.8645196], [14.3577491, 35.8649819], [14.3577975, 35.8652422], [14.3569677, 35.8661709], [14.3552481, 35.8668125], [14.3538613, 35.8667327], [14.3537842, 35.8668671], [14.3528295, 35.8671414], [14.3525693, 35.8673941], [14.3525042, 35.8677291], [14.3517306, 35.8681037], [14.3527301, 35.8682861], [14.3539355, 35.8689826], [14.3545075, 35.8697583], [14.3545703, 35.8702578], [14.354418, 35.8704116], [14.3525199, 35.8702739], [14.350709, 35.8705665], [14.3499144, 35.8702735], [14.3497746, 35.8703034], [14.3495711, 35.8706144], [14.3478816, 35.8706059], [14.3470117, 35.8707751], [14.3460742, 35.8716236], [14.3443873, 35.8725669], [14.3440571, 35.8729759], [14.3443318, 35.8734528], [14.3440003, 35.8735567], [14.3424017, 35.873435], [14.3419082, 35.8736175], [14.3420155, 35.874087], [14.3413074, 35.875591], [14.3411933, 35.8756559], [14.3410573, 35.8755119], [14.3405875, 35.875674], [14.340305, 35.8763718], [14.3396314, 35.8770643], [14.3388516, 35.8776473], [14.3377173, 35.878966], [14.3365041, 35.8798094], [14.3365041, 35.8812211], [14.3373194, 35.8853241], [14.3365265, 35.8879223], [14.3363857, 35.8882417], [14.3362288, 35.8881345], [14.3359042, 35.8891213], [14.3347871, 35.8915077], [14.333684, 35.8928691], [14.3322164, 35.8939668], [14.331697, 35.8941592], [14.3314085, 35.8947352], [14.3306418, 35.8949547], [14.3294659, 35.8957543], [14.3290625, 35.8961506], [14.3289252, 35.8968876], [14.3296977, 35.896241], [14.3285949, 35.8983947], [14.3286931, 35.8986732], [14.3292512, 35.898741], [14.3293213, 35.898878], [14.3289503, 35.8989248], [14.3289906, 35.8991355], [14.3302496, 35.899965], [14.3309974, 35.9002085], [14.3304556, 35.9002779], [14.3305376, 35.9007004], [14.3310281, 35.9010036], [14.3310784, 35.9012996], [14.3309536, 35.9012934], [14.3315688, 35.901977], [14.3315087, 35.9026027], [14.3309251, 35.9029156], [14.3303929, 35.9038402], [14.3294184, 35.9046412], [14.3283822, 35.9050916], [14.3283347, 35.9062403], [14.328144, 35.9063509], [14.3281921, 35.9065458], [14.3293739, 35.9068395], [14.3299019, 35.9066087], [14.3318652, 35.9062353], [14.3321449, 35.9060036], [14.332378, 35.9061484], [14.3342102, 35.9058377], [14.3344892, 35.9056851], [14.3367751, 35.9057256], [14.3393164, 35.906111], [14.3398173, 35.9061299], [14.3403119, 35.9059404], [14.3408309, 35.9060031], [14.341152, 35.9053436], [14.3418413, 35.9048736], [14.341883, 35.9044042], [14.3419985, 35.9044179], [14.3423524, 35.9050858], [14.3423771, 35.9048965], [14.342606, 35.9047133], [14.3427928, 35.9049024], [14.3431679, 35.9049141], [14.3430687, 35.904447], [14.343471, 35.9042992], [14.3436646, 35.9037378], [14.3443184, 35.9038589], [14.3442903, 35.9040669], [14.3444631, 35.9041577], [14.3447919, 35.9041532], [14.3435142, 35.9023307], [14.3446604, 35.9016401], [14.3455348, 35.9012505], [14.3462617, 35.9015829], [14.3461678, 35.9019631], [14.3465649, 35.9018025], [14.349496, 35.9015244], [14.3512647, 35.9016483], [14.3517337, 35.9014588], [14.352392, 35.9007303], [14.3526664, 35.9006178], [14.3526509, 35.9004318], [14.3529425, 35.9003099], [14.3530536, 35.9001309], [14.3541037, 35.8995302], [14.3545156, 35.8989333], [14.3563855, 35.897826], [14.3573564, 35.8977166], [14.3582133, 35.8974351], [14.3591248, 35.8966911], [14.3592269, 35.8967788], [14.359091, 35.8970738], [14.3592623, 35.89762], [14.3600163, 35.8979574], [14.3593106, 35.8987081], [14.3591152, 35.9001662], [14.3604138, 35.9010746], [14.360997, 35.901638], [14.3609742, 35.9032345], [14.3625364, 35.9041496], [14.3648794, 35.9028247], [14.3666979, 35.9020651], [14.3678749, 35.9020219], [14.3685273, 35.9029609], [14.3684054, 35.9031963], [14.3687449, 35.9038465], [14.3698998, 35.9045505], [14.3716134, 35.9046348], [14.3736603, 35.9038512], [14.3748754, 35.9022283], [14.3766376, 35.9021957], [14.3782022, 35.9026721], [14.3784524, 35.9030247], [14.378844, 35.9032516], [14.3787441, 35.9037342], [14.3783007, 35.903702], [14.3781476, 35.9038751], [14.3777635, 35.9039641], [14.3778529, 35.9042275], [14.3788205, 35.904435], [14.3791905, 35.9046589], [14.3794998, 35.905418], [14.382619, 35.9064083], [14.3825637, 35.9065057], [14.3826856, 35.9065663], [14.3855774, 35.9066799], [14.3890876, 35.906048], [14.390656, 35.9062091], [14.3906489, 35.9063651], [14.3936143, 35.9070135], [14.3948793, 35.9071513], [14.3951602, 35.9070549], [14.3952456, 35.9065543], [14.3962026, 35.9061674], [14.3970012, 35.9062235], [14.397779, 35.9066251], [14.3990325, 35.9076687], [14.3991728, 35.9071965], [14.4000469, 35.9070121], [14.4022226, 35.9075446], [14.403565, 35.90765], [14.4048029, 35.907511], [14.4053228, 35.9066966], [14.4070444, 35.9052852], [14.4088712, 35.9043036], [14.4100441, 35.9041995], [14.4098169, 35.9039035], [14.4098576, 35.9037272], [14.4101207, 35.9035649], [14.4104428, 35.902982], [14.4117298, 35.9021961], [14.4120329, 35.9014617], [14.4125528, 35.900722], [14.4126466, 35.9003047], [14.413273, 35.9004005], [14.4139347, 35.8998373], [14.4133153, 35.8987364], [14.4121047, 35.8979229], [14.4101796, 35.8945449], [14.4097251, 35.89457], [14.4090895, 35.8923429], [14.4088527, 35.8909711], [14.4094991, 35.8903742], [14.4099025, 35.8897175], [14.4101201, 35.8882288], [14.4104028, 35.8873526], [14.4109591, 35.8863736], [14.412954, 35.8839545], [14.4135693, 35.8838973], [14.4141862, 35.8841183], [14.4146721, 35.884112], [14.4156786, 35.8837218], [14.4150762, 35.8836052], [14.4158524, 35.883271], [14.4225349, 35.8825598], [14.4256875, 35.8813955], [14.4270432, 35.8810509], [14.4275224, 35.8814143], [14.4277881, 35.8814686], [14.4307995, 35.8816897], [14.4311934, 35.8818979], [14.4317544, 35.8825938], [14.4331535, 35.8825769], [14.4337034, 35.8824234], [14.4354194, 35.8834213], [14.4365347, 35.8850367], [14.437261, 35.8853445], [14.439642, 35.8853115], [14.4422477, 35.8858596], [14.4454645, 35.8855015], [14.4490358, 35.886167], [14.4527343, 35.885413], [14.454711, 35.8846672], [14.4545905, 35.8844282], [14.4541519, 35.8841034], [14.4527572, 35.8832845], [14.4521506, 35.8825462], [14.4507514, 35.8813898], [14.4516108, 35.8803261], [14.4523257, 35.8800343], [14.4524554, 35.8797608], [14.4522996, 35.879194], [14.4532885, 35.8791863], [14.4532596, 35.878737], [14.4526612, 35.8781542], [14.4522753, 35.8779465], [14.4527172, 35.8773379], [14.4531254, 35.8770689], [14.4536215, 35.8769348], [14.4535588, 35.8767581], [14.4542815, 35.8764817], [14.4540171, 35.8759424], [14.4547474, 35.8757491], [14.4545897, 35.8754462], [14.4556792, 35.8753427], [14.4563831, 35.8749871], [14.4565062, 35.8747263], [14.4589051, 35.8749191], [14.4607157, 35.8748117], [14.460142, 35.8731867], [14.462099, 35.8729381], [14.4626642, 35.8727861], [14.4633035, 35.8723469], [14.4630501, 35.8704302], [14.463872, 35.8705929], [14.4641631, 35.8701152], [14.4640303, 35.8685857], [14.4644298, 35.8684994], [14.4640751, 35.8674749], [14.4640917, 35.8662707], [14.4638319, 35.8659149], [14.4651244, 35.8653965], [14.4659344, 35.8652384], [14.466047, 35.8649624], [14.4666022, 35.8647903], [14.4665741, 35.8645224], [14.4655979, 35.864208], [14.4646949, 35.8644196], [14.4651579, 35.8639898], [14.4661596, 35.863608], [14.4669348, 35.8634642], [14.4671249, 35.863143], [14.467868, 35.8626896], [14.468748, 35.8625708], [14.4697276, 35.8634705], [14.4706852, 35.862835], [14.471698, 35.8628334], [14.4717354, 35.8627404], [14.4710852, 35.862435], [14.4704268, 35.8623168], [14.4703673, 35.8615916], [14.4723766, 35.861504], [14.4698236, 35.8576803], [14.468711, 35.8567635], [14.4646421, 35.8540781], [14.4645239, 35.8537552], [14.4646078, 35.8526938], [14.4644098, 35.8523204], [14.4600132, 35.8497235], [14.4590093, 35.8488646], [14.4579224, 35.848126], [14.4576263, 35.847583], [14.4582852, 35.8468093], [14.4581639, 35.8466801], [14.4591932, 35.8457386], [14.4635731, 35.8483464], [14.4641962, 35.8489064], [14.4658634, 35.849835], [14.4667443, 35.8501023], [14.4681966, 35.8500235], [14.4698664, 35.8502935], [14.4706783, 35.851071], [14.4709066, 35.8510217], [14.4710432, 35.8513993], [14.4713845, 35.851627], [14.4718666, 35.8516364], [14.4719837, 35.851927], [14.4727403, 35.8519367], [14.473253, 35.8522123], [14.4735906, 35.8521117], [14.4743137, 35.8525092], [14.4744445, 35.8527356], [14.4761159, 35.8523498], [14.4769869, 35.8523013], [14.4777732, 35.8519939], [14.4800503, 35.8514412], [14.4801919, 35.8510816], [14.4805895, 35.8506857], [14.48126, 35.8503142]], [[14.3983786, 35.8877273], [14.3972796, 35.8885137], [14.4001679, 35.8901613], [14.4024903, 35.8908713], [14.4048554, 35.8917965], [14.4047646, 35.8921343], [14.4038928, 35.8924641], [14.4031183, 35.8930096], [14.4029761, 35.8936268], [14.4036682, 35.8954297], [14.4035826, 35.8960725], [14.4022844, 35.8961557], [14.4000031, 35.8954723], [14.3996332, 35.8956132], [14.3985875, 35.8956663], [14.3977841, 35.8954501], [14.3975674, 35.8947132], [14.3978947, 35.8944355], [14.3966239, 35.8929474], [14.3967742, 35.8928856], [14.396729, 35.8922896], [14.3963975, 35.8918618], [14.3960448, 35.8916091], [14.3955524, 35.8918772], [14.3951823, 35.8918598], [14.39408, 35.8917122], [14.3932736, 35.8914383], [14.3931533, 35.8912179], [14.3907378, 35.8897171], [14.3904527, 35.888479], [14.3913224, 35.8882457], [14.3916468, 35.8867393], [14.3913659, 35.8860881], [14.3911269, 35.8858685], [14.3907547, 35.8851526], [14.3906411, 35.8843298], [14.3904191, 35.8838097], [14.3916168, 35.8838726], [14.3915399, 35.8841174], [14.3918485, 35.8848142], [14.3925014, 35.88528], [14.3926815, 35.8859588], [14.3928281, 35.8860552], [14.394933, 35.8851708], [14.395352, 35.8853505], [14.3957402, 35.8851858], [14.3956879, 35.8858098], [14.3955061, 35.8858872], [14.3952781, 35.8865687], [14.3967217, 35.8867426], [14.3975641, 35.8870867], [14.3983786, 35.8877273]]], [[[14.4072189, 35.786495], [14.4067211, 35.7866627], [14.4064182, 35.7865739], [14.4066562, 35.7863885], [14.407412, 35.7863396], [14.4072189, 35.786495]]], [[[14.4106164, 35.7867474], [14.4110277, 35.786883], [14.4110374, 35.7870111], [14.4112809, 35.7870247], [14.411329, 35.7871807], [14.4114269, 35.7870804], [14.4116029, 35.7876084], [14.4117277, 35.7876723], [14.4107858, 35.7879585], [14.4107754, 35.7880567], [14.4099985, 35.7881019], [14.4088469, 35.7880018], [14.4083294, 35.7876254], [14.4082068, 35.7876445], [14.4080636, 35.7870953], [14.4083102, 35.787023], [14.4083767, 35.7868369], [14.4091155, 35.786844], [14.4093512, 35.7866944], [14.4097037, 35.786844], [14.4104854, 35.7866313], [14.4106164, 35.7867474]]]]}, "properties": {"name": "Punent reġjun", "admin": "reġjun", "source": "© OpenStreetMap contributors, ODbL 1.0", "osm_relation": 19732552}}, {"type": "Feature", "geometry": {"type": "MultiPolygon", "coordinates": [[[[14.4468516, 35.9532624], [14.4466747, 35.953404], [14.4466481, 35.953602], [14.4463466, 35.9537688], [14.445966, 35.9534594], [14.4461023, 35.9534494], [14.446002, 35.9530889], [14.4461719, 35.95303], [14.4467176, 35.9531279], [14.4468516, 35.9532624]]], [[[14.4457489, 35.9525963], [14.4458809, 35.9527712], [14.4458391, 35.9529479], [14.4453399, 35.9528735], [14.4453179, 35.9526741], [14.4457489, 35.9525963]]], [[[14.402298, 35.9651479], [14.4026133, 35.9652741], [14.4028498, 35.9655562], [14.402806, 35.9657193], [14.4024143, 35.965985], [14.4024732, 35.9660766], [14.4031231, 35.9663857], [14.4038781, 35.9664069], [14.4041961, 35.9663182], [14.4042705, 35.9661177], [14.4044086, 35.9660915], [14.4059505, 35.9663049], [14.4066092, 35.9661943], [14.4066268, 35.9663332], [14.4074711, 35.9661999], [14.4075762, 35.9662751], [14.4074431, 35.9665119], [14.4077389, 35.9665917], [14.4074821, 35.967441], [14.4068764, 35.9672399], [14.4063307, 35.9674335], [14.4060049, 35.9673016], [14.4059313, 35.9674299], [14.4053297, 35.9673035], [14.4043412, 35.9667862], [14.4042966, 35.9669988], [14.4040736, 35.9669627], [14.4033453, 35.9665436], [14.4028919, 35.9665737], [14.4026223, 35.9664161], [14.4024459, 35.9664854], [14.402493, 35.9666138], [14.4023401, 35.9665986], [14.4011257, 35.9661575], [14.4006146, 35.9662469], [14.4002599, 35.9660965], [14.4003199, 35.9659476], [14.3999242, 35.9655548], [14.3995108, 35.9653081], [14.3991937, 35.9653322], [14.3988907, 35.9650727], [14.3985473, 35.96449], [14.3987545, 35.9640744], [14.3993882, 35.9639696], [14.4010784, 35.9642367], [14.4022787, 35.9649735], [14.402298, 35.9651479]]], [[[14.4048554, 35.8917965], [14.4047646, 35.8921343], [14.4038928, 35.8924641], [14.4031183, 35.8930096], [14.4029761, 35.8936268], [14.4036682, 35.8954297], [14.4035826, 35.8960725], [14.4022844, 35.8961557], [14.4000031, 35.8954723], [14.3996332, 35.8956132], [14.3985875, 35.8956663], [14.3977841, 35.8954501], [14.3975674, 35.8947132], [14.3978947, 35.8944355], [14.3966239, 35.8929474], [14.3967742, 35.8928856], [14.396729, 35.8922896], [14.3963975, 35.8918618], [14.3960448, 35.8916091], [14.3955524, 35.8918772], [14.3951823, 35.8918598], [14.39408, 35.8917122], [14.3932736, 35.8914383], [14.3931533, 35.8912179], [14.3907378, 35.8897171], [14.3904527, 35.888479], [14.3913224, 35.8882457], [14.3916468, 35.8867393], [14.3913659, 35.8860881], [14.3911269, 35.8858685], [14.3907547, 35.8851526], [14.3906411, 35.8843298], [14.3904191, 35.8838097], [14.3916168, 35.8838726], [14.3915399, 35.8841174], [14.3918485, 35.8848142], [14.3925014, 35.88528], [14.3926815, 35.8859588], [14.3928281, 35.8860552], [14.394933, 35.8851708], [14.395352, 35.8853505], [14.3957402, 35.8851858], [14.3956879, 35.8858098], [14.3955061, 35.8858872], [14.3952781, 35.8865687], [14.3967217, 35.8867426], [14.3975641, 35.8870867], [14.3983786, 35.8877273], [14.3972796, 35.8885137], [14.4001679, 35.8901613], [14.4024903, 35.8908713], [14.4048554, 35.8917965]]], [[[14.4627892, 35.9124141], [14.4627816, 35.9116297], [14.4631488, 35.910872], [14.4620718, 35.9082179], [14.462141, 35.9072049], [14.4630338, 35.905956], [14.4632469, 35.9045784], [14.4653503, 35.9044088], [14.466857, 35.9037719], [14.4677245, 35.9032233], [14.4683048, 35.9032071], [14.4707669, 35.9036868], [14.4711829, 35.9026693], [14.4714846, 35.9023907], [14.4724677, 35.9023579], [14.4735485, 35.9027048], [14.4743305, 35.9034059], [14.4752865, 35.9035058], [14.4770939, 35.9039747], [14.4779522, 35.9039231], [14.479382, 35.9041969], [14.479801, 35.9041225], [14.4800063, 35.9043214], [14.4818378, 35.904017], [14.4824108, 35.9042915], [14.4872663, 35.9044328], [14.4879871, 35.9055436], [14.4884735, 35.9058725], [14.4884406, 35.9060475], [14.4897436, 35.9068299], [14.4903501, 35.9075252], [14.4903757, 35.9079894], [14.4900861, 35.9087081], [14.4894751, 35.909161], [14.4873057, 35.9103297], [14.4867108, 35.9111863], [14.4854217, 35.9110446], [14.4848128, 35.9108283], [14.4842265, 35.9121342], [14.4827076, 35.9124869], [14.4825127, 35.912847], [14.4830496, 35.9129996], [14.4829427, 35.913697], [14.4827472, 35.9138078], [14.4827808, 35.9143732], [14.482978, 35.9146014], [14.4831091, 35.9151017], [14.4829972, 35.9152566], [14.4841463, 35.9163592], [14.48233, 35.9169683], [14.4816231, 35.9170329], [14.4804782, 35.9163538], [14.479827, 35.9160906], [14.4794202, 35.9162093], [14.4788742, 35.9157996], [14.4782106, 35.9159196], [14.4780469, 35.9155466], [14.4776727, 35.9152311], [14.4772815, 35.9144626], [14.4773395, 35.9143075], [14.4771711, 35.9141262], [14.4772947, 35.9139748], [14.4769407, 35.9137504], [14.4745838, 35.912982], [14.4721799, 35.912787], [14.4716623, 35.9126008], [14.4709769, 35.9135344], [14.4704038, 35.9135358], [14.4673426, 35.9152653], [14.4669193, 35.9149375], [14.466273, 35.9153291], [14.4655581, 35.9151357], [14.4653051, 35.9149336], [14.4650007, 35.9149193], [14.464353, 35.9153664], [14.4640805, 35.9152861], [14.4636854, 35.9149191], [14.4631079, 35.9141079], [14.4627892, 35.9124141]]], [[[14.3408309, 35.9060031], [14.341152, 35.9053436], [14.3418413, 35.9048736], [14.341883, 35.9044042], [14.3419985, 35.9044179], [14.3423524, 35.9050858], [14.3423771, 35.9048965], [14.342606, 35.9047133], [14.3427928, 35.9049024], [14.3431679, 35.9049141], [14.3430687, 35.904447], [14.343471, 35.9042992], [14.3436646, 35.9037378], [14.3443184, 35.9038589], [14.3442903, 35.9040669], [14.3444631, 35.9041577], [14.3447919, 35.9041532], [14.3435142, 35.9023307], [14.3446604, 35.9016401], [14.3455348, 35.9012505], [14.3462617, 35.9015829], [14.3461678, 35.9019631], [14.3465649, 35.9018025], [14.349496, 35.9015244], [14.3512647, 35.9016483], [14.3517337, 35.9014588], [14.352392, 35.9007303], [14.3526664, 35.9006178], [14.3526509, 35.9004318], [14.3529425, 35.9003099], [14.3530536, 35.9001309], [14.3541037, 35.8995302], [14.3545156, 35.8989333], [14.3563855, 35.897826], [14.3573564, 35.8977166], [14.3582133, 35.8974351], [14.3591248, 35.8966911], [14.3592269, 35.8967788], [14.359091, 35.8970738], [14.3592623, 35.89762], [14.3600163, 35.8979574], [14.3593106, 35.8987081], [14.3591152, 35.9001662], [14.3604138, 35.9010746], [14.360997, 35.901638], [14.3609742, 35.9032345], [14.3625364, 35.9041496], [14.3648794, 35.9028247], [14.3666979, 35.9020651], [14.3678749, 35.9020219], [14.3685273, 35.9029609], [14.3684054, 35.9031963], [14.3687449, 35.9038465], [14.3698998, 35.9045505], [14.3716134, 35.9046348], [14.3736603, 35.9038512], [14.3748754, 35.9022283], [14.3766376, 35.9021957], [14.3782022, 35.9026721], [14.3784524, 35.9030247], [14.378844, 35.9032516], [14.3787441, 35.9037342], [14.3783007, 35.903702], [14.3781476, 35.9038751], [14.3777635, 35.9039641], [14.3778529, 35.9042275], [14.3788205, 35.904435], [14.3791905, 35.9046589], [14.3794998, 35.905418], [14.382619, 35.9064083], [14.3825637, 35.9065057], [14.3826856, 35.9065663], [14.3855774, 35.9066799], [14.3890876, 35.906048], [14.390656, 35.9062091], [14.3906489, 35.9063651], [14.3936143, 35.9070135], [14.3948793, 35.9071513], [14.3951602, 35.9070549], [14.3952456, 35.9065543], [14.3962026, 35.9061674], [14.3970012, 35.9062235], [14.397779, 35.9066251], [14.3990325, 35.9076687], [14.3991728, 35.9071965], [14.4000469, 35.9070121], [14.4022226, 35.9075446], [14.403565, 35.90765], [14.4048029, 35.907511], [14.4053228, 35.9066966], [14.4070444, 35.9052852], [14.4088712, 35.9043036], [14.4100441, 35.9041995], [14.4098169, 35.9039035], [14.4098576, 35.9037272], [14.4101207, 35.9035649], [14.4104428, 35.902982], [14.4117298, 35.9021961], [14.4120329, 35.9014617], [14.4125528, 35.900722], [14.4126466, 35.9003047], [14.413273, 35.9004005], [14.4139347, 35.8998373], [14.4133153, 35.8987364], [14.4121047, 35.8979229], [14.4101796, 35.8945449], [14.4097251, 35.89457], [14.4090895, 35.8923429], [14.4088527, 35.8909711], [14.4094991, 35.8903742], [14.4099025, 35.8897175], [14.4101201, 35.8882288], [14.4104028, 35.8873526], [14.4109591, 35.8863736], [14.412954, 35.8839545], [14.4135693, 35.8838973], [14.4141862, 35.8841183], [14.4146721, 35.884112], [14.4156786, 35.8837218], [14.4150762, 35.8836052], [14.4158524, 35.883271], [14.4225349, 35.8825598], [14.4256875, 35.8813955], [14.4270432, 35.8810509], [14.4275224, 35.8814143], [14.4277881, 35.8814686], [14.4307995, 35.8816897], [14.4311934, 35.8818979], [14.4317544, 35.8825938], [14.4331535, 35.8825769], [14.4337034, 35.8824234], [14.4354194, 35.8834213], [14.4365347, 35.8850367], [14.437261, 35.8853445], [14.439642, 35.8853115], [14.4422477, 35.8858596], [14.4454645, 35.8855015], [14.4490358, 35.886167], [14.4527343, 35.885413], [14.454711, 35.8846672], [14.4551255, 35.8853615], [14.4553412, 35.8853879], [14.4552382, 35.8863062], [14.4556263, 35.887722], [14.4561755, 35.8885247], [14.4560338, 35.8888802], [14.4561856, 35.8892579], [14.4576629, 35.8895431], [14.4581924, 35.8908245], [14.4567958, 35.8928064], [14.4573907, 35.8970355], [14.4569847, 35.8972467], [14.4561843, 35.897348], [14.4563722, 35.8996287], [14.455064, 35.9000924], [14.4540648, 35.9009388], [14.4523542, 35.9019236], [14.4510107, 35.9015487], [14.4511976, 35.9007975], [14.4505362, 35.9006657], [14.4497868, 35.8997256], [14.4491313, 35.899912], [14.4490019, 35.8996774], [14.4482809, 35.8998022], [14.4482606, 35.8991442], [14.448636, 35.8985475], [14.4485763, 35.8983774], [14.4464964, 35.8981891], [14.4463792, 35.897696], [14.4459991, 35.8970434], [14.4451013, 35.897136], [14.4449119, 35.8974757], [14.4449693, 35.8980537], [14.4423668, 35.8978899], [14.4411104, 35.8975429], [14.4399109, 35.8975218], [14.4379251, 35.8972362], [14.4376651, 35.8967175], [14.4373366, 35.8969703], [14.4360752, 35.8974463], [14.4356809, 35.8974389], [14.4340072, 35.8979243], [14.4343118, 35.8987454], [14.4347752, 35.9015767], [14.4355862, 35.9025607], [14.4362208, 35.904042], [14.4371858, 35.905275], [14.4380008, 35.9052709], [14.4381833, 35.9054474], [14.4385162, 35.9053802], [14.4385436, 35.905255], [14.4422597, 35.9046567], [14.4462901, 35.9046823], [14.4473519, 35.9049461], [14.4482843, 35.904905], [14.4492139, 35.9046835], [14.4484176, 35.9056868], [14.4475071, 35.9061035], [14.4473039, 35.9064525], [14.4481147, 35.9068617], [14.4485235, 35.9067423], [14.4491188, 35.9081899], [14.4498646, 35.908348], [14.449804, 35.9086507], [14.4500471, 35.9090717], [14.4494249, 35.910488], [14.4493158, 35.9110913], [14.4494273, 35.9117276], [14.4486397, 35.9132286], [14.4488452, 35.9137799], [14.4485214, 35.914425], [14.4494727, 35.9151664], [14.4491288, 35.9154506], [14.4498743, 35.9155626], [14.4512479, 35.9164084], [14.4515182, 35.9164415], [14.4515495, 35.9166216], [14.4512316, 35.9170036], [14.4507979, 35.9171047], [14.4502293, 35.9175345], [14.4494401, 35.918775], [14.4490175, 35.9190021], [14.4492709, 35.9195348], [14.4480313, 35.9199889], [14.4479481, 35.9207907], [14.4477372, 35.9209062], [14.447796, 35.9216412], [14.4483859, 35.9222299], [14.4485194, 35.9230227], [14.4490903, 35.9240129], [14.4494267, 35.9266424], [14.4491621, 35.9275107], [14.4488638, 35.9277994], [14.4486454, 35.9282445], [14.4476488, 35.9282873], [14.4473453, 35.9287144], [14.4481122, 35.9291707], [14.4480189, 35.9293787], [14.449323, 35.9302743], [14.4499995, 35.9310104], [14.4509097, 35.9316019], [14.4517329, 35.9323269], [14.4524446, 35.9324772], [14.4537635, 35.9324023], [14.4552273, 35.9334131], [14.4581311, 35.9324025], [14.4587682, 35.9324816], [14.4595493, 35.9323368], [14.4601259, 35.9325034], [14.4613532, 35.9331617], [14.4628949, 35.9335376], [14.4634541, 35.9335462], [14.4622686, 35.9343487], [14.4636156, 35.9351259], [14.4639426, 35.9355353], [14.4638827, 35.9370167], [14.4633171, 35.9371491], [14.4630942, 35.9370248], [14.4629776, 35.937198], [14.4625796, 35.9370866], [14.4621946, 35.9373526], [14.4611066, 35.9376097], [14.4600139, 35.938102], [14.4596853, 35.9379147], [14.4593216, 35.9379847], [14.4591766, 35.9382446], [14.4592839, 35.9383455], [14.4590378, 35.9383659], [14.4592031, 35.9385382], [14.4593803, 35.939135], [14.4589499, 35.9391419], [14.4591976, 35.9394001], [14.4593755, 35.9400685], [14.4590613, 35.9400829], [14.4588624, 35.9403748], [14.4584874, 35.9404067], [14.4580058, 35.9416869], [14.4574964, 35.9412845], [14.4571376, 35.9405284], [14.4569887, 35.9404024], [14.4568055, 35.940473], [14.4569435, 35.9403351], [14.4564149, 35.9400336], [14.4559817, 35.9400829], [14.4559921, 35.9402333], [14.4558025, 35.9402672], [14.4554349, 35.940073], [14.4552151, 35.9401919], [14.4550197, 35.9413952], [14.4547103, 35.9414089], [14.4550046, 35.9415689], [14.454897, 35.9422377], [14.4553163, 35.9436123], [14.4557969, 35.9441543], [14.455421, 35.944663], [14.4551807, 35.9453718], [14.4551807, 35.9460249], [14.4548202, 35.9462681], [14.4550777, 35.9465322], [14.4547085, 35.9469925], [14.4548309, 35.9471693], [14.4545739, 35.9470457], [14.4532152, 35.9475258], [14.4527605, 35.9474884], [14.4517714, 35.9468643], [14.4516255, 35.9464266], [14.4522922, 35.9445489], [14.4518401, 35.9438555], [14.450941, 35.9431784], [14.4502032, 35.9431315], [14.4498883, 35.9433786], [14.4497598, 35.9441051], [14.4494402, 35.9445495], [14.4489205, 35.9458929], [14.4489118, 35.9463093], [14.4484927, 35.9467392], [14.4467575, 35.9473328], [14.4460036, 35.9480942], [14.4460637, 35.9487195], [14.4469478, 35.9492754], [14.4471623, 35.9495533], [14.4451559, 35.9504088], [14.4440295, 35.9519644], [14.4421155, 35.9515336], [14.4410512, 35.9518671], [14.4400854, 35.9524409], [14.4389913, 35.9534234], [14.4375321, 35.9541391], [14.4367622, 35.9542685], [14.4350164, 35.954216], [14.4350471, 35.9543332], [14.4345949, 35.9545008], [14.4332066, 35.954861], [14.4326189, 35.9545063], [14.4324853, 35.9541947], [14.4322965, 35.9527148], [14.4315568, 35.951887], [14.4306142, 35.9511117], [14.429567, 35.9504914], [14.42858, 35.9495533], [14.428393, 35.9492874], [14.4283582, 35.9488108], [14.4280849, 35.948612], [14.4269959, 35.9487121], [14.4260563, 35.948471], [14.4254334, 35.9487857], [14.4258849, 35.9485242], [14.4257125, 35.9483898], [14.4243525, 35.9490923], [14.423438, 35.9482401], [14.4229392, 35.9475743], [14.4218955, 35.9459094], [14.4213246, 35.9446888], [14.4211734, 35.9447405], [14.4211086, 35.9447837], [14.4215209, 35.9454685], [14.4224726, 35.9477652], [14.4229626, 35.9485344], [14.4239054, 35.9492414], [14.4242747, 35.9498463], [14.4241424, 35.9499136], [14.4246239, 35.9506237], [14.4248284, 35.950672], [14.4246427, 35.9507692], [14.4248079, 35.9513906], [14.4249913, 35.9513877], [14.4250134, 35.9515656], [14.4244458, 35.953328], [14.424322, 35.9534374], [14.4243135, 35.9544361], [14.4244246, 35.9545028], [14.4243766, 35.9546215], [14.4246752, 35.9553055], [14.4246012, 35.9557318], [14.424721, 35.9556306], [14.4251211, 35.9561558], [14.4263835, 35.9570051], [14.4264694, 35.9571903], [14.4258374, 35.9584948], [14.4258184, 35.9587976], [14.4260651, 35.9593553], [14.4270851, 35.9598188], [14.4279864, 35.9595148], [14.4294991, 35.9593498], [14.4299712, 35.9596277], [14.4301625, 35.9599393], [14.4301321, 35.9602269], [14.4297888, 35.9604093], [14.4282642, 35.9608954], [14.4280832, 35.9607022], [14.4281502, 35.9605177], [14.4276942, 35.9601106], [14.4274628, 35.9600927], [14.4272643, 35.960299], [14.4266272, 35.9600589], [14.4248843, 35.9599719], [14.4222861, 35.958924], [14.4205268, 35.9578937], [14.4178341, 35.9571674], [14.4174694, 35.9568027], [14.4174596, 35.9566601], [14.417863, 35.9563405], [14.4178078, 35.956122], [14.4177256, 35.9559723], [14.4169789, 35.9555485], [14.4171444, 35.9545086], [14.4170156, 35.9542393], [14.4167528, 35.9539354], [14.4162673, 35.9538322], [14.4162659, 35.9536965], [14.4160098, 35.9538029], [14.4156168, 35.9535782], [14.4148833, 35.9535489], [14.4144514, 35.9526153], [14.4139944, 35.9521814], [14.4131908, 35.9522353], [14.4125792, 35.9526782], [14.4123137, 35.9530343], [14.4120508, 35.9530973], [14.4116431, 35.9529257], [14.4112435, 35.9529909], [14.4110316, 35.9528736], [14.4107929, 35.9529844], [14.4086694, 35.9525226], [14.4088265, 35.9521481], [14.40852, 35.9520894], [14.4085155, 35.9501604], [14.4080481, 35.94992], [14.40706, 35.9497438], [14.4067107, 35.9498858], [14.4064759, 35.9501322], [14.4062918, 35.9494634], [14.4056369, 35.9491322], [14.4053958, 35.9491972], [14.4055132, 35.9489543], [14.4058978, 35.9491961], [14.4061619, 35.9492011], [14.4061882, 35.9490839], [14.4058148, 35.9490706], [14.4053443, 35.9487883], [14.4052796, 35.9490618], [14.4052032, 35.9488186], [14.4047517, 35.9491752], [14.4044597, 35.9496314], [14.4040538, 35.9499338], [14.4038281, 35.9499629], [14.402837, 35.9497537], [14.4019255, 35.9492903], [14.4018356, 35.9493366], [14.4021843, 35.9496022], [14.4007443, 35.9493774], [14.4003877, 35.9496966], [14.39975, 35.9493802], [14.3992905, 35.9498187], [14.3999239, 35.9503843], [14.3997763, 35.9505165], [14.3999199, 35.9505846], [14.3997712, 35.9506805], [14.3978181, 35.9501761], [14.3977495, 35.9501206], [14.3979381, 35.9498763], [14.3977324, 35.9496765], [14.3977613, 35.94941], [14.3969691, 35.949216], [14.3960558, 35.9487439], [14.3937531, 35.9480098], [14.3930922, 35.9483294], [14.3915473, 35.9477041], [14.3917072, 35.9473278], [14.3912688, 35.9471218], [14.3909964, 35.9472643], [14.3903466, 35.9471646], [14.3895957, 35.9473604], [14.3906713, 35.947043], [14.3906029, 35.9467784], [14.3901496, 35.9462983], [14.3902833, 35.9463702], [14.3902288, 35.9462257], [14.3898092, 35.9459743], [14.3874365, 35.9460211], [14.3855009, 35.9450783], [14.385612, 35.9451979], [14.3849125, 35.9450833], [14.3833301, 35.9462341], [14.3831856, 35.9471815], [14.383547, 35.9475786], [14.3842559, 35.9479436], [14.3852641, 35.9489918], [14.385402, 35.9488673], [14.3856196, 35.9489394], [14.3854775, 35.9491585], [14.3863155, 35.9499353], [14.3872311, 35.9504022], [14.3883782, 35.9507741], [14.3882597, 35.950615], [14.3882429, 35.9505091], [14.3883316, 35.9505068], [14.3884391, 35.9507795], [14.3890294, 35.95119], [14.3887681, 35.9513531], [14.3889139, 35.9517102], [14.3896773, 35.9525745], [14.388427, 35.9519951], [14.3883411, 35.9524398], [14.3889974, 35.9530953], [14.390752, 35.9543685], [14.3906319, 35.954827], [14.390843, 35.9552267], [14.391036, 35.9552192], [14.3914988, 35.9559526], [14.3915727, 35.9566763], [14.3909924, 35.9574741], [14.3900826, 35.9574533], [14.3898959, 35.9577104], [14.3898256, 35.9579482], [14.3899825, 35.9584242], [14.3897743, 35.9584291], [14.3898859, 35.9588737], [14.3902635, 35.9591864], [14.3907576, 35.9593474], [14.3917207, 35.959428], [14.3921117, 35.9591995], [14.3924161, 35.9588909], [14.3923704, 35.9588019], [14.3944885, 35.9580023], [14.3955421, 35.958026], [14.3957694, 35.9581038], [14.3957108, 35.9582125], [14.3964347, 35.9583388], [14.3960914, 35.9586722], [14.3970112, 35.9594795], [14.3970824, 35.9598383], [14.3965028, 35.9595642], [14.3956537, 35.9602701], [14.3953242, 35.9608631], [14.3958098, 35.961688], [14.3967102, 35.9621724], [14.3968467, 35.9626877], [14.3971443, 35.9628006], [14.397527, 35.9633843], [14.3979036, 35.9637323], [14.3978641, 35.9638751], [14.3969442, 35.964133], [14.3970067, 35.964385], [14.3967556, 35.9646706], [14.3963081, 35.9648587], [14.3961458, 35.965142], [14.3962852, 35.9652694], [14.3960508, 35.9653195], [14.3962983, 35.9655184], [14.3959164, 35.9657674], [14.3955, 35.9657796], [14.3953702, 35.9661953], [14.3955083, 35.9664395], [14.3960684, 35.9665065], [14.3964095, 35.9669464], [14.396921, 35.9671929], [14.3965821, 35.9673198], [14.3969513, 35.9674783], [14.3967982, 35.9675412], [14.3971089, 35.9678202], [14.3965946, 35.9676671], [14.3961588, 35.9677409], [14.3959804, 35.9675608], [14.3955526, 35.9675108], [14.3953392, 35.9677604], [14.3946542, 35.9681714], [14.3943121, 35.9680829], [14.3938093, 35.9677267], [14.3930912, 35.9675646], [14.3926444, 35.9677095], [14.3920526, 35.9673564], [14.3918984, 35.9673811], [14.3920634, 35.9676838], [14.3917791, 35.9679309], [14.3913067, 35.9680074], [14.3910584, 35.9678153], [14.3908966, 35.9678295], [14.3906337, 35.9680049], [14.3906005, 35.9681432], [14.3902043, 35.9682093], [14.3901932, 35.9683167], [14.3898256, 35.9681127], [14.3893856, 35.9681417], [14.3892907, 35.9679704], [14.3889869, 35.9678359], [14.3887047, 35.9678535], [14.3878214, 35.9675389], [14.3868818, 35.9691627], [14.3864785, 35.9692005], [14.3861381, 35.9696071], [14.3853463, 35.9697069], [14.3841705, 35.9691304], [14.3836297, 35.9686719], [14.3837251, 35.9683248], [14.3834089, 35.968026], [14.3824935, 35.9677505], [14.3819232, 35.9678304], [14.3809711, 35.96819], [14.380287, 35.9695455], [14.3796153, 35.9696783], [14.3792459, 35.9707742], [14.3793746, 35.9714687], [14.3775807, 35.9711423], [14.3770626, 35.9705334], [14.3740255, 35.9695983], [14.3711481, 35.968942], [14.3687362, 35.9682265], [14.368247, 35.9682057], [14.3676547, 35.9678027], [14.3672084, 35.9679695], [14.3653856, 35.9673543], [14.3646102, 35.9672814], [14.3644975, 35.967136], [14.3645199, 35.9672834], [14.3642261, 35.9671594], [14.364188, 35.9672669], [14.3638807, 35.9672759], [14.3624117, 35.966971], [14.3613353, 35.966935], [14.3606096, 35.967181], [14.3606804, 35.9670485], [14.3601004, 35.9671874], [14.3599246, 35.9670278], [14.3587556, 35.9670946], [14.3587507, 35.9670066], [14.3582071, 35.9668459], [14.3579867, 35.9668895], [14.3579723, 35.9667711], [14.3577554, 35.9666685], [14.357228, 35.9667741], [14.3571797, 35.9669313], [14.3570346, 35.9668852], [14.3570665, 35.9667915], [14.3568019, 35.9668904], [14.3568044, 35.9667225], [14.3566635, 35.9668858], [14.3562276, 35.966536], [14.3561369, 35.9665846], [14.3556089, 35.9661044], [14.3535277, 35.9662561], [14.3530202, 35.9666653], [14.3524095, 35.9673436], [14.3524509, 35.9678232], [14.3516101, 35.9684244], [14.3510627, 35.9691627], [14.3507848, 35.9692744], [14.3499694, 35.9711222], [14.349941, 35.9733986], [14.3515289, 35.9743501], [14.3516834, 35.9743362], [14.3518465, 35.9745237], [14.3524234, 35.9748214], [14.3526554, 35.9748235], [14.352426, 35.9748973], [14.3525233, 35.9752676], [14.353104, 35.9756996], [14.3541266, 35.9755963], [14.3541739, 35.9754682], [14.3557513, 35.9761574], [14.3571297, 35.9770273], [14.3571873, 35.9772587], [14.3568876, 35.9771578], [14.3564056, 35.9773238], [14.3565405, 35.9777419], [14.3569358, 35.9777897], [14.3573078, 35.9776796], [14.3573759, 35.9774831], [14.3575058, 35.9774785], [14.3580624, 35.9777564], [14.3581193, 35.977863], [14.3578832, 35.9779014], [14.3582341, 35.978018], [14.3587547, 35.9785309], [14.3590243, 35.9784419], [14.3591651, 35.9786112], [14.3594682, 35.9786784], [14.3593435, 35.9787565], [14.3594279, 35.9788575], [14.3596237, 35.9788], [14.3602095, 35.9790467], [14.3603763, 35.9794768], [14.3613132, 35.9801859], [14.3615654, 35.9801478], [14.3618842, 35.9802976], [14.3618151, 35.9803291], [14.3621028, 35.9807763], [14.3633055, 35.9812413], [14.3634079, 35.9814905], [14.3638194, 35.9815403], [14.3641627, 35.9819918], [14.3639567, 35.9830683], [14.3645811, 35.983524], [14.3645574, 35.9839214], [14.3653409, 35.9841794], [14.3654427, 35.984071], [14.3657551, 35.9842334], [14.3658387, 35.9844885], [14.3660595, 35.9845166], [14.3662015, 35.9847147], [14.3667368, 35.9850289], [14.3686852, 35.9853767], [14.3702145, 35.9851257], [14.3703987, 35.9852291], [14.3706402, 35.9849837], [14.370907, 35.9849428], [14.3709249, 35.9851012], [14.3711136, 35.9849989], [14.3722231, 35.9857018], [14.3729723, 35.985768], [14.3732864, 35.985939], [14.3732033, 35.9860763], [14.3728568, 35.9860532], [14.3729201, 35.9861158], [14.373728, 35.9861226], [14.3736579, 35.9860081], [14.3740196, 35.9863018], [14.3757705, 35.9870843], [14.3758022, 35.9872507], [14.3760589, 35.9873815], [14.3761519, 35.9880089], [14.3763368, 35.9883268], [14.3760927, 35.9886988], [14.3762784, 35.9888619], [14.3760659, 35.988808], [14.3756804, 35.9893631], [14.3746124, 35.9903545], [14.3726205, 35.9914003], [14.3724885, 35.9918579], [14.3725653, 35.9922413], [14.3721484, 35.9923652], [14.3718677, 35.9928065], [14.3718802, 35.9930269], [14.3722024, 35.9930432], [14.3722787, 35.9931631], [14.371469, 35.9938366], [14.3712545, 35.9940954], [14.3713088, 35.994173], [14.3711935, 35.9941649], [14.3710362, 35.9948478], [14.3705118, 35.9951508], [14.370177, 35.9955698], [14.3703174, 35.9956166], [14.3702794, 35.9959833], [14.3697313, 35.996067], [14.3694743, 35.9966075], [14.3692837, 35.9967614], [14.3686832, 35.9967826], [14.3686176, 35.9970223], [14.3681512, 35.9974444], [14.3681704, 35.9976565], [14.3683622, 35.9977345], [14.3683159, 35.9978905], [14.3679373, 35.9979831], [14.3678163, 35.9981923], [14.3675683, 35.9982779], [14.367152, 35.9982766], [14.3670997, 35.9981225], [14.3669666, 35.99822], [14.3667502, 35.9979965], [14.366649, 35.9971854], [14.3671125, 35.9963104], [14.3670696, 35.9961438], [14.3668722, 35.9960952], [14.3662508, 35.9962075], [14.3652926, 35.9966832], [14.3651139, 35.9966491], [14.3651055, 35.9967869], [14.3645376, 35.9970743], [14.3635934, 35.9972826], [14.3631129, 35.9971019], [14.362306, 35.9964214], [14.3617775, 35.9962879], [14.3621667, 35.9941889], [14.3624175, 35.9938869], [14.3625978, 35.9937548], [14.3645376, 35.9933313], [14.3653387, 35.9929208], [14.3653615, 35.9925535], [14.3649839, 35.9919563], [14.3638681, 35.9913452], [14.3631845, 35.9917465], [14.3627343, 35.9919463], [14.3622717, 35.9919717], [14.3621858, 35.9920951], [14.3620761, 35.9919379], [14.3618996, 35.9920177], [14.3615928, 35.9917972], [14.3617354, 35.9919756], [14.3612122, 35.9919583], [14.3611235, 35.9917374], [14.3610118, 35.9919269], [14.3605675, 35.9919167], [14.360436, 35.9917869], [14.3605653, 35.9916857], [14.3603785, 35.9916365], [14.3603762, 35.991749], [14.3603126, 35.991593], [14.3602268, 35.9916841], [14.3597777, 35.9914521], [14.3598778, 35.9911441], [14.3597092, 35.991173], [14.3595594, 35.9908938], [14.3596651, 35.990553], [14.3595076, 35.9904757], [14.3595149, 35.9903274], [14.3593082, 35.990284], [14.3594993, 35.9898287], [14.3582382, 35.9893812], [14.3579526, 35.9895291], [14.3575837, 35.9894854], [14.3574442, 35.9892162], [14.3560852, 35.9894256], [14.3556874, 35.9901322], [14.3558797, 35.9901305], [14.355722, 35.9902056], [14.355792, 35.9907788], [14.3554206, 35.9913913], [14.3538219, 35.9919186], [14.3534436, 35.9918777], [14.3525445, 35.9914476], [14.3524075, 35.990779], [14.3525078, 35.9907773], [14.3520317, 35.9893135], [14.3520538, 35.9891318], [14.3522153, 35.9892324], [14.3520219, 35.9889385], [14.3519516, 35.987873], [14.3517333, 35.9875248], [14.3518901, 35.9873254], [14.3518538, 35.9870018], [14.3511869, 35.9866892], [14.3507492, 35.9867031], [14.3498651, 35.9872656], [14.3498984, 35.9874522], [14.3490989, 35.9880451], [14.3487303, 35.9878253], [14.3486403, 35.9881561], [14.3483288, 35.9879524], [14.3485799, 35.9883729], [14.3474899, 35.9880743], [14.3474602, 35.9882074], [14.3457736, 35.98826], [14.3465201, 35.9876757], [14.3463724, 35.9875746], [14.346396, 35.9874562], [14.3461795, 35.9874873], [14.3461733, 35.9872731], [14.346639, 35.9869215], [14.3465221, 35.9868816], [14.346539, 35.9866703], [14.3468791, 35.9863476], [14.3465435, 35.9859877], [14.3460207, 35.9858699], [14.3451402, 35.9865371], [14.3449396, 35.986375], [14.3450225, 35.9866751], [14.3449139, 35.9867788], [14.3444225, 35.9865242], [14.344244, 35.9865647], [14.3441923, 35.9867229], [14.3446524, 35.9872957], [14.3445676, 35.9873516], [14.3442751, 35.9869761], [14.3438078, 35.9869609], [14.3434154, 35.9867644], [14.3423378, 35.9871198], [14.3404943, 35.9870148], [14.3393581, 35.9866506], [14.3388345, 35.9862338], [14.3383024, 35.9861991], [14.3380945, 35.9859051], [14.3378456, 35.9859954], [14.3377616, 35.9863241], [14.337487, 35.9865811], [14.3359746, 35.9873491], [14.3330337, 35.987467], [14.3321569, 35.9871298], [14.3315218, 35.9870881], [14.3310394, 35.9874017], [14.3308866, 35.9870812], [14.3306634, 35.986977], [14.3300712, 35.9870048], [14.3296764, 35.9871715], [14.3296764, 35.9875533], [14.3298793, 35.9875533], [14.3298963, 35.9882894], [14.3297866, 35.9882704], [14.3292958, 35.9887321], [14.3293992, 35.9888095], [14.3292965, 35.9889001], [14.3291616, 35.9888492], [14.3299851, 35.9894999], [14.3298731, 35.98953], [14.3290615, 35.9889325], [14.3291444, 35.9890354], [14.3289359, 35.9890468], [14.3286296, 35.9892988], [14.3287035, 35.9893554], [14.3285756, 35.9894767], [14.3293577, 35.9900531], [14.3292457, 35.9901516], [14.3297601, 35.9904973], [14.3298094, 35.990703], [14.3295993, 35.9907429], [14.3281878, 35.9897395], [14.3281566, 35.9895674], [14.3278738, 35.989309], [14.327975, 35.9891348], [14.3275572, 35.9887108], [14.3280318, 35.9888236], [14.3280885, 35.988234], [14.3279501, 35.9879354], [14.3277373, 35.9878749], [14.3278488, 35.9877185], [14.3271118, 35.9873486], [14.3268648, 35.9873577], [14.3270186, 35.9870299], [14.3273799, 35.9871625], [14.3276004, 35.9870582], [14.3276187, 35.9868815], [14.3283685, 35.986706], [14.3282065, 35.98662], [14.3283694, 35.9864989], [14.3290551, 35.9864312], [14.3290648, 35.9862491], [14.3301519, 35.9862653], [14.330202, 35.9860831], [14.3306501, 35.9862189], [14.3322856, 35.9856783], [14.3325096, 35.9854119], [14.3332005, 35.9851557], [14.3335101, 35.9848321], [14.3340574, 35.9845306], [14.3341534, 35.9837934], [14.3328946, 35.9825015], [14.3327148, 35.9821709], [14.3321912, 35.9819208], [14.3313328, 35.9822909], [14.3314136, 35.9824607], [14.3311863, 35.9826173], [14.330996, 35.9825878], [14.3307713, 35.9827404], [14.3306612, 35.9824638], [14.3303522, 35.9823814], [14.330264, 35.9826417], [14.3298738, 35.9821987], [14.3292902, 35.9817819], [14.3283936, 35.9807741], [14.3281165, 35.9803405], [14.3279496, 35.9793735], [14.327303, 35.9791297], [14.327131, 35.9789566], [14.3272036, 35.9788589], [14.3269616, 35.9786681], [14.3263726, 35.9786282], [14.326202, 35.9780983], [14.3258515, 35.978315], [14.325634, 35.9781049], [14.3254825, 35.9781388], [14.3253392, 35.9783381], [14.3252119, 35.9781175], [14.3249742, 35.9782777], [14.3251153, 35.978368], [14.324136, 35.9785197], [14.3227745, 35.9776564], [14.3228839, 35.97753], [14.3226343, 35.976757], [14.3220576, 35.9767328], [14.3216886, 35.9761816], [14.3214493, 35.9752965], [14.3215696, 35.9752069], [14.3215513, 35.9739718], [14.3210725, 35.9737617], [14.320832, 35.9735113], [14.3209058, 35.9730409], [14.3197729, 35.9718532], [14.3189084, 35.971546], [14.3196392, 35.9713498], [14.320024, 35.9714139], [14.3197825, 35.971164], [14.3196962, 35.9706087], [14.3198994, 35.9705486], [14.3211165, 35.9694247], [14.3218654, 35.9692727], [14.3218321, 35.9690149], [14.322037, 35.9686206], [14.3257326, 35.9684296], [14.3258942, 35.9686221], [14.3258413, 35.9684255], [14.3265088, 35.9685164], [14.3268387, 35.9687802], [14.328543, 35.9695932], [14.3300917, 35.9697866], [14.3346885, 35.9697322], [14.3354593, 35.9702998], [14.3352456, 35.9701067], [14.3353446, 35.9699902], [14.3349825, 35.9697395], [14.3354983, 35.9695176], [14.3363731, 35.9697052], [14.3366101, 35.9695283], [14.3368716, 35.968684], [14.3361335, 35.9681838], [14.3364749, 35.9678956], [14.3368384, 35.9679152], [14.3366842, 35.9676633], [14.3372691, 35.9676405], [14.3372002, 35.96751], [14.3368408, 35.9674978], [14.3368236, 35.9670554], [14.3369323, 35.9669371], [14.3368203, 35.9665919], [14.3372302, 35.9659622], [14.3377988, 35.9654674], [14.3381091, 35.9646709], [14.3377184, 35.9645754], [14.3376956, 35.9627512], [14.3361257, 35.9623685], [14.3358969, 35.9625215], [14.3355914, 35.9620975], [14.3356923, 35.9618553], [14.335845, 35.9616402], [14.3379274, 35.9605769], [14.3406971, 35.960541], [14.3410387, 35.9606552], [14.3413137, 35.9605754], [14.3414035, 35.9607089], [14.3416685, 35.9604718], [14.3416846, 35.9602422], [14.341312, 35.9599261], [14.3405743, 35.9597177], [14.3401273, 35.9601371], [14.3400586, 35.960093], [14.3404468, 35.9597128], [14.339234, 35.959223], [14.3390921, 35.9589498], [14.3378891, 35.9583624], [14.3385235, 35.9581681], [14.3386629, 35.957951], [14.3390706, 35.9580552], [14.3391994, 35.9578989], [14.3389955, 35.9577339], [14.3392745, 35.95743], [14.3392638, 35.9568915], [14.3389204, 35.9566656], [14.3389312, 35.9563965], [14.3384484, 35.9558841], [14.3385878, 35.9555628], [14.3395835, 35.9549902], [14.3397251, 35.9547377], [14.3396161, 35.9544867], [14.3402641, 35.9548152], [14.3408821, 35.954843], [14.3416975, 35.9545859], [14.3416567, 35.9539589], [14.3413284, 35.9533005], [14.3409189, 35.9529303], [14.3406675, 35.9517372], [14.3403259, 35.951698], [14.3399552, 35.9518762], [14.3391375, 35.9517665], [14.3380068, 35.95123], [14.3376695, 35.9508632], [14.337818, 35.9500488], [14.3385647, 35.9496319], [14.3385046, 35.9492844], [14.3379896, 35.9492844], [14.3370528, 35.9486353], [14.3364577, 35.9478989], [14.3360805, 35.9476896], [14.3362382, 35.9464606], [14.3365356, 35.94615], [14.3364616, 35.9455851], [14.3361339, 35.9453979], [14.336315, 35.9453377], [14.3360318, 35.9447854], [14.3351508, 35.9445355], [14.3351646, 35.9446659], [14.3350201, 35.9447001], [14.3348123, 35.9444756], [14.3341976, 35.9444097], [14.3335264, 35.9441287], [14.3332771, 35.9445151], [14.3323709, 35.9447314], [14.3305844, 35.9438382], [14.3300503, 35.943399], [14.3295748, 35.9434658], [14.329198, 35.9432089], [14.3285483, 35.9421622], [14.3285822, 35.9419835], [14.3291181, 35.9418127], [14.3289639, 35.9410506], [14.3292216, 35.9407714], [14.3288342, 35.9407657], [14.3284964, 35.9405669], [14.3286668, 35.9404979], [14.3286374, 35.9403311], [14.3293009, 35.9395321], [14.3299645, 35.9391393], [14.3306511, 35.9390211], [14.3310803, 35.9386042], [14.3307413, 35.9382689], [14.3307994, 35.9381158], [14.3318905, 35.9379777], [14.3321095, 35.9376617], [14.3322863, 35.9378723], [14.3321257, 35.9382576], [14.3327969, 35.9386251], [14.3335179, 35.9382081], [14.3345802, 35.9380742], [14.3347328, 35.9385669], [14.3353473, 35.9384882], [14.3354723, 35.9382082], [14.3352787, 35.9381122], [14.3353278, 35.9380237], [14.3365425, 35.9375488], [14.3369356, 35.9375312], [14.3369995, 35.9372405], [14.3371562, 35.9372733], [14.3371133, 35.9370875], [14.3372889, 35.9371662], [14.3372559, 35.9372812], [14.3383296, 35.9369651], [14.3389433, 35.9351857], [14.3393938, 35.9347881], [14.3394716, 35.9348867], [14.340506, 35.9345019], [14.3407024, 35.9346608], [14.3409998, 35.9346766], [14.3423425, 35.9346995], [14.3427247, 35.9344529], [14.343008, 35.934676], [14.3435656, 35.9345841], [14.3442494, 35.9337075], [14.3444463, 35.9332813], [14.3445434, 35.9328524], [14.3438928, 35.9325644], [14.3436106, 35.9321997], [14.3430441, 35.9318848], [14.3430801, 35.9315796], [14.3429409, 35.9315796], [14.3431041, 35.931463], [14.3431089, 35.9311384], [14.3429337, 35.9310587], [14.3429265, 35.9308701], [14.3431161, 35.9306194], [14.3430417, 35.9305358], [14.3439467, 35.9302908], [14.3444557, 35.9299973], [14.345022, 35.9299257], [14.3450508, 35.9295483], [14.3444857, 35.928675], [14.3432351, 35.9279045], [14.3422315, 35.9282791], [14.3417452, 35.9286442], [14.3403414, 35.9286762], [14.3405469, 35.9284753], [14.3404183, 35.9284649], [14.3402781, 35.928673], [14.3401595, 35.9286762], [14.3399104, 35.9284456], [14.3395466, 35.9283944], [14.339431, 35.9281379], [14.3392619, 35.928194], [14.3392381, 35.9280038], [14.3390404, 35.9279269], [14.3393054, 35.9278437], [14.3390246, 35.92769], [14.3391946, 35.9274498], [14.3390167, 35.9273153], [14.3391998, 35.9271693], [14.3391532, 35.9268884], [14.3393791, 35.9269084], [14.3393747, 35.9265261], [14.3394855, 35.9265933], [14.3396516, 35.9263597], [14.3398236, 35.9265154], [14.3402375, 35.9261272], [14.3403556, 35.9263054], [14.3409808, 35.9260752], [14.3411324, 35.9263101], [14.341794, 35.9264588], [14.3418509, 35.9267397], [14.3424849, 35.9269981], [14.3424586, 35.9271091], [14.3426118, 35.9271701], [14.3431946, 35.9270536], [14.3436104, 35.926694], [14.3435926, 35.9263881], [14.3433771, 35.9261646], [14.3439015, 35.9261378], [14.3436021, 35.9259309], [14.3437307, 35.9258676], [14.3436503, 35.925734], [14.3430319, 35.9256079], [14.3429484, 35.9253276], [14.3431007, 35.9252489], [14.343386, 35.9255527], [14.3438401, 35.9257397], [14.3440588, 35.9253794], [14.3435781, 35.9247747], [14.343397, 35.9247803], [14.3434037, 35.9246456], [14.3431489, 35.9244849], [14.3430164, 35.924071], [14.3430403, 35.9232599], [14.3435486, 35.9230274], [14.3433756, 35.9229536], [14.3438289, 35.9224573], [14.3437068, 35.9223726], [14.3437591, 35.9222748], [14.3442182, 35.9219938], [14.3441002, 35.9217766], [14.3438534, 35.9217592], [14.3437569, 35.9215854], [14.3441953, 35.9214457], [14.3441262, 35.9212726], [14.3436699, 35.9213653], [14.3437993, 35.9211516], [14.3440514, 35.9210949], [14.3440319, 35.9208081], [14.342543, 35.9202582], [14.3416946, 35.9202134], [14.3404003, 35.9209331], [14.3399888, 35.9213998], [14.3400201, 35.9216579], [14.3396798, 35.9222756], [14.3385549, 35.9227549], [14.3372658, 35.9227852], [14.3365279, 35.9226094], [14.3363662, 35.9227401], [14.3363716, 35.9222657], [14.3362324, 35.9221166], [14.3356643, 35.9222908], [14.3354577, 35.9227731], [14.3346763, 35.9229359], [14.3332271, 35.9215565], [14.333122, 35.921099], [14.3332217, 35.9206804], [14.3336136, 35.9203248], [14.3333058, 35.9202167], [14.33295, 35.9197337], [14.3331363, 35.9193273], [14.3327704, 35.9188349], [14.332686, 35.9183647], [14.3330534, 35.918022], [14.3330567, 35.9175715], [14.3327685, 35.9175984], [14.3325167, 35.9173132], [14.3327214, 35.9163533], [14.3329274, 35.9160614], [14.3326804, 35.9156105], [14.3330218, 35.9151577], [14.3335, 35.9149562], [14.3335941, 35.9147826], [14.3334359, 35.914277], [14.333599, 35.9140774], [14.3340493, 35.9138579], [14.3348672, 35.9141915], [14.3356396, 35.9142123], [14.3359127, 35.9123001], [14.337266, 35.9120343], [14.338412, 35.9114178], [14.3384463, 35.9103055], [14.3390275, 35.9096939], [14.3383998, 35.9085722], [14.3388772, 35.9081889], [14.3401334, 35.9082639], [14.3406067, 35.9080218], [14.3407677, 35.9077078], [14.3407955, 35.9070721], [14.3411365, 35.906424], [14.3408309, 35.9060031]]]]}, "properties": {"name": "Tramuntana reġjun", "admin": "reġjun", "source": "© OpenStreetMap contributors, ODbL 1.0", "osm_relation": 10563355}}, {"type": "Feature", "geometry": {"type": "MultiPolygon", "coordinates": [[[[14.3371046, 36.0206288], [14.3369973, 36.0205941], [14.3371099, 36.0204379], [14.3372816, 36.0204856], [14.3371046, 36.0206288]]], [[[14.339253, 36.0196504], [14.3393603, 36.0194811], [14.3393978, 36.019659], [14.339253, 36.0196504]]], [[[14.3401274, 36.0193987], [14.3402173, 36.0192468], [14.3404908, 36.0191687], [14.3404265, 36.0193065], [14.3401274, 36.0193987]]], [[[14.3512402, 36.0168495], [14.3514745, 36.0167378], [14.3514474, 36.0169931], [14.3512402, 36.0168495]]], [[[14.3528442, 36.0143678], [14.3527431, 36.0142182], [14.3528763, 36.0141623], [14.3528442, 36.0143678]]], [[[14.3531638, 36.0140911], [14.3531463, 36.0142061], [14.3532475, 36.0141935], [14.3532884, 36.0141116], [14.3531638, 36.0140911]]], [[[14.3266862, 36.0055359], [14.3265791, 36.0054515], [14.326712, 36.0054538], [14.3266862, 36.0055359]]], [[[14.3233166, 36.0119696], [14.3232632, 36.0120981], [14.3231025, 36.0120691], [14.3233166, 36.0119696]]], [[[14.3228925, 36.011932], [14.3227791, 36.0119968], [14.3227261, 36.0118143], [14.3228901, 36.0118402], [14.3228925, 36.011932]]], [[[14.3235113, 36.0112093], [14.3235497, 36.011499], [14.3236293, 36.0113257], [14.3237734, 36.0116232], [14.3234187, 36.0115821], [14.3232007, 36.0112768], [14.3232269, 36.0110847], [14.3235113, 36.0112093]]], [[[14.329286, 36.0088334], [14.3290764, 36.0088513], [14.3289111, 36.0086339], [14.3289531, 36.0084742], [14.3293487, 36.0087114], [14.329286, 36.0088334]]], [[[14.3241093, 36.0107761], [14.3243759, 36.0106142], [14.3252424, 36.0106244], [14.3254199, 36.0105469], [14.3254986, 36.0103632], [14.3261534, 36.0106251], [14.3248098, 36.0112547], [14.3242025, 36.011007], [14.3243002, 36.010924], [14.3241093, 36.0107761]]], [[[14.3223435, 36.0128439], [14.3225105, 36.0126653], [14.3223717, 36.01247], [14.3224029, 36.0121555], [14.3231152, 36.0122153], [14.3231087, 36.012481], [14.3224386, 36.0129057], [14.3225504, 36.0131839], [14.322424, 36.0135233], [14.3222772, 36.0135635], [14.3223662, 36.0136846], [14.322077, 36.0136786], [14.3221331, 36.0139882], [14.3216953, 36.014345], [14.321232, 36.0149597], [14.3206509, 36.015018], [14.3204768, 36.014806], [14.3202354, 36.0149416], [14.3194597, 36.0143937], [14.3186988, 36.0143536], [14.3186131, 36.0142509], [14.3184252, 36.0144402], [14.3172465, 36.0147688], [14.3173891, 36.0139411], [14.3176354, 36.0134415], [14.317716, 36.0126501], [14.3180298, 36.0126995], [14.3179818, 36.0125273], [14.3181534, 36.0125786], [14.3182669, 36.012501], [14.3182132, 36.0124254], [14.3183579, 36.0124792], [14.3183624, 36.0123636], [14.3185922, 36.0123413], [14.3184855, 36.0121794], [14.3186843, 36.0122489], [14.3186655, 36.0120641], [14.31889, 36.0120902], [14.3189442, 36.0118407], [14.3210257, 36.0132308], [14.3213642, 36.0131559], [14.3214307, 36.0129833], [14.3217365, 36.013096], [14.3214738, 36.012537], [14.3215509, 36.0124239], [14.3222873, 36.0125037], [14.3223435, 36.0128439]]], [[[14.3263035, 36.0179711], [14.3258942, 36.0177927], [14.3257914, 36.0175572], [14.3256827, 36.01767], [14.3254849, 36.0175682], [14.3249466, 36.018307], [14.3247607, 36.0182483], [14.324613, 36.0178577], [14.3245135, 36.0184094], [14.3238439, 36.0187853], [14.3238802, 36.0186654], [14.3236909, 36.0187327], [14.323417, 36.0186082], [14.3235879, 36.018148], [14.3233808, 36.0183428], [14.3229929, 36.0182642], [14.3226436, 36.017411], [14.3224425, 36.0174028], [14.322685, 36.0172975], [14.3228383, 36.0170625], [14.3230428, 36.0171083], [14.3230603, 36.0169152], [14.3232611, 36.0167797], [14.3232832, 36.0165758], [14.3233842, 36.016586], [14.323583, 36.016259], [14.3239907, 36.0164239], [14.3241692, 36.0163665], [14.3241787, 36.0162231], [14.3244091, 36.0161722], [14.3242002, 36.0157312], [14.3243082, 36.0156201], [14.3243135, 36.0157522], [14.3244166, 36.0157414], [14.3245817, 36.0154615], [14.3239663, 36.0151858], [14.3237289, 36.01488], [14.3237943, 36.0148194], [14.3239974, 36.0150545], [14.3237927, 36.0146659], [14.3239593, 36.0144232], [14.324155, 36.0144249], [14.3240772, 36.0142543], [14.3243296, 36.0141212], [14.3242796, 36.0139421], [14.3240516, 36.0138573], [14.3239337, 36.013366], [14.3243001, 36.0128794], [14.3244878, 36.0129276], [14.3243376, 36.0126803], [14.3245821, 36.0125144], [14.3244797, 36.0124036], [14.3245575, 36.0122106], [14.3251436, 36.0119404], [14.3254828, 36.0115891], [14.3255602, 36.0116431], [14.3254991, 36.0115726], [14.3260743, 36.0110563], [14.3271443, 36.0105069], [14.3267775, 36.0105408], [14.326503, 36.0103287], [14.3266878, 36.0100822], [14.3269037, 36.0100317], [14.3270563, 36.0096938], [14.3273937, 36.0096115], [14.3276658, 36.0097393], [14.3277457, 36.0104364], [14.3283262, 36.0108135], [14.3286269, 36.0104803], [14.3286955, 36.0100405], [14.3289734, 36.0101782], [14.3287467, 36.0100183], [14.3289055, 36.0100678], [14.328873, 36.0098516], [14.3284158, 36.009663], [14.3296635, 36.0094657], [14.3298568, 36.0092848], [14.3298895, 36.0090546], [14.3296124, 36.0087073], [14.3296961, 36.0085288], [14.3291474, 36.0083611], [14.3288834, 36.0080788], [14.3289852, 36.0075342], [14.328742, 36.0067752], [14.3283211, 36.006555], [14.3270984, 36.0063152], [14.3269955, 36.0053454], [14.3264292, 36.0046847], [14.3254583, 36.0044395], [14.3253751, 36.0043863], [14.3254985, 36.0043028], [14.3249085, 36.004165], [14.3249286, 36.0040576], [14.3244739, 36.0038005], [14.3258699, 36.0041588], [14.3310961, 36.0045901], [14.3316084, 36.0045424], [14.3323379, 36.0041127], [14.3327966, 36.0040867], [14.3340733, 36.0046704], [14.3352239, 36.0047787], [14.3351651, 36.0054323], [14.3362575, 36.0053188], [14.3365136, 36.0050932], [14.3370863, 36.004883], [14.3378184, 36.0047818], [14.338919, 36.0050251], [14.3391778, 36.00525], [14.3415752, 36.0052892], [14.342581, 36.0056637], [14.3436469, 36.0057864], [14.3447697, 36.0060871], [14.3449595, 36.0063106], [14.3452457, 36.0063787], [14.3453917, 36.0066349], [14.3470209, 36.0064278], [14.3469789, 36.0063696], [14.3472077, 36.0062766], [14.3468655, 36.006243], [14.3472498, 36.0061829], [14.3474577, 36.00641], [14.3485625, 36.0065412], [14.3487509, 36.0070629], [14.3490065, 36.0070948], [14.3489235, 36.0072291], [14.3490978, 36.0074916], [14.3495664, 36.0076598], [14.3500563, 36.008852], [14.3504849, 36.0090836], [14.3507884, 36.0099612], [14.3506841, 36.010222], [14.3503579, 36.01067], [14.3497073, 36.0112545], [14.3493034, 36.0114125], [14.348546, 36.0119865], [14.3486481, 36.0121621], [14.3482746, 36.0123949], [14.3481862, 36.0127299], [14.3474483, 36.0133013], [14.3472391, 36.0137985], [14.3470299, 36.0139976], [14.347048, 36.014189], [14.3468926, 36.0142479], [14.346889, 36.0141288], [14.346451, 36.0143146], [14.3464453, 36.0144987], [14.3462215, 36.0145692], [14.3459427, 36.0149538], [14.3452497, 36.0148988], [14.3443913, 36.0157325], [14.3442109, 36.0156986], [14.343945, 36.0154201], [14.3424141, 36.0155219], [14.3419066, 36.0158376], [14.3417974, 36.0162084], [14.3402966, 36.0169081], [14.3404047, 36.017089], [14.3408237, 36.0171283], [14.3408369, 36.0172257], [14.3404179, 36.0174057], [14.3400966, 36.0180174], [14.3402743, 36.0181724], [14.3408051, 36.018261], [14.3406147, 36.0185232], [14.3403818, 36.0185899], [14.3406317, 36.0188688], [14.3402401, 36.0188319], [14.339965, 36.0190696], [14.3397103, 36.0190544], [14.3397675, 36.0193221], [14.3387126, 36.019332], [14.3389469, 36.0195248], [14.3389737, 36.0197927], [14.3391373, 36.0198155], [14.3389777, 36.0199739], [14.3386591, 36.0199839], [14.3383044, 36.0197756], [14.338063, 36.01987], [14.3380957, 36.0200556], [14.3373433, 36.0197351], [14.3379282, 36.0192691], [14.3382222, 36.0191876], [14.3385634, 36.0187524], [14.3385253, 36.0184643], [14.3383585, 36.0183715], [14.3385435, 36.0181626], [14.3382572, 36.0181851], [14.3380458, 36.0179098], [14.3378416, 36.0168057], [14.3379519, 36.0166572], [14.3372046, 36.0162867], [14.3363497, 36.016445], [14.3363275, 36.0177392], [14.3360784, 36.0181864], [14.335679, 36.0183566], [14.3352818, 36.018247], [14.335301, 36.0184038], [14.3347696, 36.0184332], [14.3347328, 36.0185457], [14.3339988, 36.0188225], [14.3337233, 36.0186448], [14.3335314, 36.0186871], [14.3326056, 36.019197], [14.3331916, 36.0190943], [14.3325615, 36.0196176], [14.3322618, 36.0196449], [14.3321434, 36.0194414], [14.332486, 36.0192281], [14.3312988, 36.0195408], [14.3315873, 36.0189198], [14.3315768, 36.0186622], [14.3314102, 36.0183546], [14.3308631, 36.0179864], [14.3306572, 36.0176669], [14.3307303, 36.0175785], [14.3303281, 36.0172957], [14.3307015, 36.0172089], [14.3304224, 36.0169332], [14.3299015, 36.0167034], [14.3297114, 36.0162942], [14.3295394, 36.0161749], [14.3292219, 36.0163725], [14.3292927, 36.0168418], [14.3290917, 36.0165867], [14.3288335, 36.0166495], [14.3290593, 36.0174391], [14.3289383, 36.0174997], [14.328919, 36.0177774], [14.3286419, 36.0179254], [14.3287998, 36.0179122], [14.3288801, 36.0180531], [14.3287712, 36.0181095], [14.3289924, 36.0186505], [14.3288729, 36.0193087], [14.3287694, 36.0193648], [14.3288753, 36.0194676], [14.3286905, 36.0194567], [14.328652, 36.0196123], [14.3281997, 36.0192434], [14.3280264, 36.0188806], [14.3276299, 36.0186829], [14.3283523, 36.0195479], [14.3283421, 36.0196917], [14.327986, 36.019644], [14.3278955, 36.0195283], [14.3280438, 36.0194193], [14.3278263, 36.0194676], [14.3275856, 36.0190768], [14.3277185, 36.0189725], [14.3275317, 36.0190036], [14.3272449, 36.0186969], [14.3272969, 36.018605], [14.327036, 36.0186265], [14.326705, 36.0181517], [14.3263035, 36.0179711]]], [[[14.3278517, 36.027628], [14.3277686, 36.0276571], [14.3279321, 36.0276758], [14.3278517, 36.027628]]], [[[14.2759091, 36.0153108], [14.2758194, 36.0152783], [14.2759629, 36.0150823], [14.2764986, 36.0150168], [14.2762103, 36.0152693], [14.2758433, 36.0153757], [14.2759091, 36.0153108]]], [[[14.3316958, 36.0291337], [14.3316946, 36.0294547], [14.330766, 36.029477], [14.3305993, 36.0293395], [14.3306703, 36.0290502], [14.3313203, 36.0289842], [14.3316958, 36.0291337]]], [[[14.1887758, 36.0475307], [14.1886104, 36.0472618], [14.1882203, 36.0471111], [14.1881245, 36.0468544], [14.1885175, 36.0466514], [14.1887752, 36.0463451], [14.1889381, 36.0463807], [14.1891726, 36.0461802], [14.189014, 36.0471132], [14.1891546, 36.0474592], [14.1887758, 36.0475307]]], [[[14.1880696, 36.0516172], [14.188083, 36.0514226], [14.1882594, 36.051409], [14.1882842, 36.051615], [14.1880696, 36.0516172]]], [[[14.2715284, 36.0203949], [14.2717208, 36.020368], [14.2719934, 36.0199405], [14.2724058, 36.0196845], [14.272637, 36.0184293], [14.2733177, 36.0180321], [14.27331, 36.0172879], [14.2741125, 36.0169604], [14.2764106, 36.0165617], [14.2772569, 36.0161106], [14.2780513, 36.016224], [14.2783335, 36.0164972], [14.2792286, 36.0158239], [14.2794454, 36.0158351], [14.2798234, 36.0163458], [14.279599, 36.0164548], [14.2795669, 36.0168341], [14.2801909, 36.0168961], [14.2799452, 36.0169953], [14.279902, 36.0171406], [14.27996, 36.0178411], [14.2801589, 36.0179329], [14.2846938, 36.0174453], [14.2853822, 36.0176082], [14.2855927, 36.017523], [14.2859436, 36.0178421], [14.2872148, 36.0182544], [14.2874956, 36.0187031], [14.2877056, 36.0187528], [14.2879378, 36.0193483], [14.2884981, 36.0195477], [14.2883518, 36.0191582], [14.2884658, 36.0190842], [14.2891961, 36.0197287], [14.2902226, 36.0200099], [14.2905022, 36.0198329], [14.2906058, 36.0194477], [14.2909598, 36.019598], [14.2910685, 36.0195157], [14.2912448, 36.0191174], [14.2911647, 36.0189807], [14.2901691, 36.0186396], [14.2898286, 36.0183644], [14.2912449, 36.0182699], [14.291744, 36.0185611], [14.2920497, 36.018986], [14.2920165, 36.0190887], [14.2917565, 36.0190098], [14.2916374, 36.0191493], [14.2920429, 36.019706], [14.2925587, 36.019831], [14.2925337, 36.0196276], [14.2929415, 36.019816], [14.2934891, 36.0197625], [14.2940963, 36.0202466], [14.2946592, 36.0205165], [14.2968799, 36.0210688], [14.296888, 36.0215098], [14.2972316, 36.0217466], [14.2973755, 36.0216874], [14.2975227, 36.0221389], [14.3008113, 36.0244215], [14.3020862, 36.0248653], [14.3019286, 36.0250945], [14.3010869, 36.0248585], [14.2997775, 36.0240366], [14.2996587, 36.0241397], [14.2989016, 36.0236168], [14.2987528, 36.023743], [14.298642, 36.0236546], [14.2984177, 36.0239144], [14.2992394, 36.0248867], [14.2990779, 36.0250584], [14.2979051, 36.0241937], [14.2980176, 36.0239682], [14.2977558, 36.0237502], [14.2972323, 36.0241854], [14.297047, 36.024176], [14.2968474, 36.0245432], [14.2968409, 36.0250777], [14.2969247, 36.0252079], [14.2974434, 36.0251582], [14.2968983, 36.0252505], [14.296878, 36.0253794], [14.2973644, 36.0259441], [14.298208, 36.0262156], [14.2982619, 36.0260938], [14.2983775, 36.0262833], [14.2986169, 36.0262368], [14.2986244, 36.0265277], [14.2988759, 36.0266962], [14.2992103, 36.0266983], [14.2992786, 36.0265361], [14.2995398, 36.0264872], [14.299949, 36.0266745], [14.2999477, 36.0267661], [14.3001716, 36.0267682], [14.3001922, 36.0268442], [14.3000134, 36.0268712], [14.3018631, 36.0272242], [14.3021362, 36.0269907], [14.301811, 36.0260501], [14.3019098, 36.0259008], [14.3023422, 36.027111], [14.3024808, 36.0271821], [14.3032533, 36.0268142], [14.3034679, 36.0271474], [14.305283, 36.0273263], [14.3051845, 36.0267452], [14.3050386, 36.0266272], [14.3053819, 36.0264324], [14.3074235, 36.0261842], [14.3111512, 36.0267777], [14.3119292, 36.0266691], [14.3135046, 36.0268049], [14.3135188, 36.026667], [14.316144, 36.026414], [14.3153841, 36.0260651], [14.3153753, 36.0259682], [14.3159701, 36.0258239], [14.3163749, 36.0260105], [14.316436, 36.0264323], [14.3179152, 36.0263713], [14.3178314, 36.0261202], [14.317395, 36.025815], [14.3177917, 36.0257374], [14.3182546, 36.0256898], [14.3182828, 36.0258151], [14.3185959, 36.025785], [14.3186429, 36.0256782], [14.3188489, 36.0258414], [14.3190373, 36.0257412], [14.3192803, 36.0258477], [14.3192706, 36.0257404], [14.3205382, 36.025746], [14.3215207, 36.026204], [14.3215528, 36.0263658], [14.3205816, 36.0264746], [14.3207453, 36.0266219], [14.3222219, 36.0267175], [14.3222817, 36.0275137], [14.3221131, 36.0277197], [14.3223571, 36.0279775], [14.3232752, 36.0278712], [14.3233404, 36.0279715], [14.3233585, 36.0278628], [14.3239162, 36.0281482], [14.3253666, 36.0281252], [14.3251781, 36.0283465], [14.3255358, 36.0281426], [14.3266765, 36.0280225], [14.3276953, 36.0281229], [14.3278354, 36.0281943], [14.327689, 36.0282337], [14.3276671, 36.028436], [14.3274728, 36.0286084], [14.3277735, 36.0287654], [14.3279389, 36.0285764], [14.3280364, 36.0286311], [14.3281925, 36.0287914], [14.3279904, 36.02906], [14.3282931, 36.0291295], [14.3291285, 36.0287439], [14.3295333, 36.0291535], [14.3295491, 36.0294336], [14.3293383, 36.0294871], [14.3294617, 36.029656], [14.3301281, 36.0299399], [14.3304275, 36.0299374], [14.3313549, 36.0304144], [14.3319383, 36.0303496], [14.3327872, 36.0305852], [14.3328355, 36.0304949], [14.3326593, 36.0307084], [14.3331699, 36.0308383], [14.3344297, 36.0303259], [14.3344305, 36.030612], [14.3342234, 36.0306693], [14.334532, 36.0309263], [14.3336052, 36.0311256], [14.3336091, 36.0313878], [14.3347703, 36.0310974], [14.3357094, 36.0317057], [14.335727, 36.03211], [14.3361308, 36.0321872], [14.336341, 36.0324334], [14.3364252, 36.0328491], [14.3361118, 36.0345299], [14.3357894, 36.0353851], [14.3349331, 36.0361675], [14.3332692, 36.0386458], [14.3327024, 36.0386676], [14.3326467, 36.038757], [14.3327958, 36.0389027], [14.3326499, 36.0390799], [14.3298179, 36.0409463], [14.3299209, 36.041321], [14.3286483, 36.0424707], [14.3280986, 36.0425012], [14.3278124, 36.0427184], [14.3281442, 36.0427646], [14.3280479, 36.0428658], [14.3267409, 36.0441778], [14.3264533, 36.0442896], [14.3264791, 36.0445135], [14.3256986, 36.0448642], [14.3250873, 36.0455074], [14.3241788, 36.0460744], [14.3238722, 36.046099], [14.3239495, 36.0464698], [14.322831, 36.0470084], [14.3226801, 36.0469087], [14.3228861, 36.0474569], [14.3209601, 36.0496644], [14.320059, 36.0499606], [14.3185001, 36.0501911], [14.3182676, 36.0500372], [14.3172243, 36.0498106], [14.3171744, 36.0495287], [14.3170033, 36.0493472], [14.3168778, 36.0494025], [14.3168887, 36.0489861], [14.3164381, 36.0489601], [14.3157582, 36.0496093], [14.3156816, 36.0498912], [14.3146255, 36.049998], [14.3141242, 36.0503225], [14.3145679, 36.0508107], [14.3145864, 36.0511595], [14.3131816, 36.0516712], [14.3119909, 36.0525282], [14.3118532, 36.0528847], [14.3122854, 36.053298], [14.3123725, 36.0535268], [14.3121572, 36.0539693], [14.3117275, 36.0542149], [14.3122372, 36.055038], [14.3118285, 36.0552456], [14.3119718, 36.0556965], [14.3117703, 36.0563605], [14.3119907, 36.0565819], [14.3117768, 36.057151], [14.3118877, 36.0572664], [14.3116763, 36.057247], [14.3112226, 36.0575522], [14.3111677, 36.0581901], [14.3094159, 36.0592589], [14.306392, 36.0589914], [14.3059017, 36.0585592], [14.3040538, 36.0575956], [14.3037034, 36.0576243], [14.3037379, 36.057746], [14.3032834, 36.0575005], [14.3030176, 36.0575623], [14.3030241, 36.0576749], [14.3022876, 36.0573532], [14.3016054, 36.0572467], [14.3011023, 36.056898], [14.300052, 36.0572568], [14.2999967, 36.0577347], [14.299608, 36.0576936], [14.2991946, 36.0583209], [14.2990159, 36.0590378], [14.2986953, 36.0592741], [14.2981718, 36.0592408], [14.2976949, 36.0599131], [14.2973351, 36.0601824], [14.2969652, 36.0602943], [14.2968292, 36.0602031], [14.2964242, 36.0604535], [14.2963058, 36.0603687], [14.2959836, 36.0605381], [14.2959318, 36.0607285], [14.2962085, 36.0608542], [14.2953113, 36.0609806], [14.2950527, 36.0611509], [14.2947162, 36.0611228], [14.2936914, 36.0617803], [14.2927382, 36.0634896], [14.2925702, 36.0635917], [14.292703, 36.0637301], [14.2927734, 36.0641852], [14.2926392, 36.0643665], [14.2922306, 36.0645167], [14.2922815, 36.0647395], [14.2915833, 36.0648809], [14.291044, 36.0652228], [14.291044, 36.0655466], [14.2909011, 36.0656225], [14.2905778, 36.0653868], [14.2899303, 36.0654655], [14.2897325, 36.0656862], [14.2892369, 36.0657207], [14.2886535, 36.0652953], [14.287844, 36.0646194], [14.28734, 36.0635565], [14.2866791, 36.0627352], [14.2863679, 36.0626658], [14.2862915, 36.0621267], [14.2861443, 36.06202], [14.2850112, 36.0617602], [14.2837024, 36.0618304], [14.2829712, 36.0616572], [14.2818537, 36.0616486], [14.2811858, 36.0621889], [14.2801021, 36.0628355], [14.2793581, 36.0627996], [14.2792791, 36.0631347], [14.278714, 36.0634802], [14.2785852, 36.0639311], [14.278041, 36.0643237], [14.2779263, 36.064722], [14.2777894, 36.064822], [14.2773453, 36.0649085], [14.2766524, 36.0646692], [14.2748913, 36.0655469], [14.2739439, 36.065357], [14.2731751, 36.0663146], [14.2725473, 36.0663434], [14.2719567, 36.0670866], [14.2717121, 36.0677392], [14.2716394, 36.0687227], [14.2713769, 36.0690938], [14.2712952, 36.0696427], [14.2707146, 36.0702793], [14.2702898, 36.0702879], [14.2700705, 36.0704453], [14.26987, 36.0707176], [14.2698734, 36.0712853], [14.269369, 36.0716825], [14.2684236, 36.0717936], [14.2680163, 36.0722192], [14.267813, 36.0729169], [14.2673303, 36.073199], [14.2666535, 36.0732253], [14.2660366, 36.0729236], [14.2652759, 36.072789], [14.2649432, 36.0730043], [14.2646985, 36.0733513], [14.2646539, 36.0738748], [14.2635004, 36.0738299], [14.2636314, 36.0739892], [14.2640824, 36.0741571], [14.264018, 36.0742676], [14.2636095, 36.0742081], [14.2633745, 36.0740657], [14.2633093, 36.0738301], [14.2625637, 36.0739892], [14.2624177, 36.0737602], [14.2609672, 36.0732677], [14.2612381, 36.072965], [14.2612343, 36.0727065], [14.2603149, 36.0726026], [14.260648, 36.0726653], [14.260837, 36.0725089], [14.2606088, 36.0721656], [14.2604734, 36.0721452], [14.2603244, 36.0722346], [14.2604066, 36.072494], [14.2601413, 36.0719158], [14.2603717, 36.071805], [14.2600925, 36.0714318], [14.259325, 36.0712286], [14.2589925, 36.0713254], [14.2589515, 36.0714367], [14.2588507, 36.0713681], [14.2582564, 36.0715677], [14.2580066, 36.0727517], [14.2582112, 36.0740525], [14.2585688, 36.0745185], [14.2584176, 36.0750255], [14.2585699, 36.0750847], [14.2582893, 36.0751389], [14.2581898, 36.0752858], [14.2583318, 36.075477], [14.2580102, 36.0755654], [14.258092, 36.0758372], [14.2572464, 36.0763809], [14.2560163, 36.0765377], [14.2552868, 36.0769309], [14.2537708, 36.0767358], [14.2534208, 36.0769217], [14.2533055, 36.0765953], [14.2525917, 36.0762889], [14.2522601, 36.0763355], [14.2518115, 36.0769163], [14.2518605, 36.0771006], [14.2520347, 36.0770851], [14.2521685, 36.0773351], [14.2519139, 36.0774807], [14.2517611, 36.0777251], [14.2510881, 36.0780821], [14.2509141, 36.0784146], [14.2510242, 36.0792075], [14.2514689, 36.0795052], [14.2521722, 36.079554], [14.2519764, 36.0797323], [14.2519199, 36.0800451], [14.2512056, 36.080031], [14.25066, 36.0798166], [14.2501995, 36.0798174], [14.2500299, 36.0800266], [14.2497405, 36.0800868], [14.2483352, 36.0799038], [14.2484534, 36.0791303], [14.248758, 36.0786721], [14.2480931, 36.0784331], [14.2477803, 36.0785107], [14.2475886, 36.0787133], [14.2475571, 36.0797112], [14.2471566, 36.0801652], [14.2468003, 36.0799715], [14.2465918, 36.0796397], [14.2461802, 36.0800959], [14.2440675, 36.080081], [14.2425118, 36.0805832], [14.2394845, 36.0808963], [14.238183, 36.081267], [14.237926, 36.0814527], [14.237476, 36.0814558], [14.2369177, 36.0818046], [14.2363968, 36.0819266], [14.2363826, 36.0821531], [14.236136, 36.0819966], [14.2359919, 36.0820718], [14.235785, 36.0817261], [14.2353303, 36.0815085], [14.2353872, 36.0814176], [14.2352611, 36.0813168], [14.2354139, 36.0811821], [14.2351285, 36.0810705], [14.2336715, 36.0811709], [14.2333111, 36.0815244], [14.2325714, 36.0816425], [14.2316042, 36.0821076], [14.2312157, 36.0821274], [14.2311097, 36.0820699], [14.2313623, 36.0818353], [14.2311917, 36.0816523], [14.2302545, 36.0816993], [14.2302853, 36.0813775], [14.23009, 36.0810397], [14.2298478, 36.0808797], [14.2294775, 36.0802691], [14.2289389, 36.0798193], [14.2288434, 36.0795281], [14.2285885, 36.0792742], [14.228599, 36.0788469], [14.228453, 36.0787527], [14.2284554, 36.0793153], [14.2288521, 36.0800205], [14.2291651, 36.0802224], [14.2292314, 36.0804939], [14.2285193, 36.0806533], [14.2271635, 36.0804344], [14.2263765, 36.0805329], [14.2246895, 36.0812181], [14.2241085, 36.0815661], [14.2228743, 36.0817867], [14.2227766, 36.0817539], [14.2229063, 36.0815397], [14.2227599, 36.0811143], [14.2229119, 36.0809009], [14.2227564, 36.0802674], [14.2220837, 36.0798053], [14.2208826, 36.0796599], [14.2204936, 36.079754], [14.2202452, 36.0796199], [14.2199798, 36.0797361], [14.2189869, 36.0795558], [14.2184263, 36.0796413], [14.2167408, 36.0804618], [14.2166727, 36.0801377], [14.2165301, 36.0800119], [14.2147041, 36.0799125], [14.2138806, 36.0800657], [14.2133456, 36.0799509], [14.2130326, 36.0796893], [14.2126653, 36.0784739], [14.2129316, 36.0797969], [14.212399, 36.0796474], [14.2105601, 36.0796933], [14.2096082, 36.0794556], [14.2078508, 36.0793325], [14.2050556, 36.0784918], [14.204148, 36.0783573], [14.2035087, 36.0784397], [14.2029372, 36.0782754], [14.2022033, 36.0775517], [14.2019659, 36.0768046], [14.2016466, 36.0762266], [14.2014011, 36.0760065], [14.2002003, 36.075576], [14.1991968, 36.0747974], [14.1989888, 36.0744862], [14.1985112, 36.0742466], [14.1983449, 36.0742835], [14.1982402, 36.0741349], [14.1979934, 36.0741327], [14.1973521, 36.0745567], [14.1967282, 36.0747421], [14.1951076, 36.0747595], [14.1947319, 36.07456], [14.1937121, 36.0745164], [14.1937096, 36.0743464], [14.1934145, 36.0740362], [14.1926732, 36.0738278], [14.1905532, 36.0743104], [14.1900436, 36.0741715], [14.1877559, 36.0741314], [14.1864988, 36.0745836], [14.1857475, 36.074615], [14.1855007, 36.0745597], [14.1849573, 36.0741064], [14.1846662, 36.0741086], [14.1844757, 36.0737161], [14.1844582, 36.073304], [14.1839363, 36.0723031], [14.1840611, 36.0713402], [14.1838116, 36.0711168], [14.1839404, 36.0702579], [14.1834654, 36.0693644], [14.1840329, 36.0685944], [14.1840598, 36.0679524], [14.1850579, 36.0667107], [14.1850177, 36.0664873], [14.1849036, 36.0665242], [14.1847051, 36.0662759], [14.1844649, 36.0655601], [14.1841336, 36.0652315], [14.1840987, 36.0650395], [14.184646, 36.0645016], [14.1851988, 36.0643281], [14.1863418, 36.0643325], [14.1872676, 36.0637099], [14.1876432, 36.0637381], [14.1876928, 36.0638325], [14.1874847, 36.0639386], [14.1878895, 36.0640758], [14.1878071, 36.0639801], [14.1879317, 36.0638596], [14.1882684, 36.0640039], [14.1891324, 36.0639605], [14.1896905, 36.0635603], [14.1899159, 36.0632057], [14.1903412, 36.0630191], [14.190678, 36.0624909], [14.1912427, 36.0619541], [14.1912575, 36.061362], [14.1913528, 36.0612275], [14.1916211, 36.0611971], [14.1917507, 36.0607854], [14.1911843, 36.059403], [14.1909462, 36.0591744], [14.1914067, 36.0587746], [14.1921945, 36.0575916], [14.1921438, 36.0568759], [14.1913774, 36.0557982], [14.1903736, 36.054961], [14.1902027, 36.0550188], [14.1891591, 36.0547424], [14.1890737, 36.0541928], [14.1885867, 36.0539695], [14.1885509, 36.0537155], [14.1888351, 36.0530615], [14.1881091, 36.0528846], [14.1884476, 36.0528938], [14.1884165, 36.0526653], [14.1880437, 36.052512], [14.1882725, 36.0520578], [14.1886311, 36.0519747], [14.188692, 36.0518], [14.1885151, 36.0516971], [14.1885887, 36.0513725], [14.1890657, 36.0510254], [14.1897614, 36.0509257], [14.189996, 36.0507345], [14.190153, 36.0505915], [14.19032, 36.0499454], [14.1902365, 36.0493588], [14.1899264, 36.0488446], [14.1894652, 36.0483994], [14.1892385, 36.0482197], [14.1882314, 36.0480791], [14.188688, 36.047816], [14.1890977, 36.0480656], [14.189982, 36.0482998], [14.191286, 36.0481439], [14.1920652, 36.0482467], [14.1924846, 36.0478996], [14.192743, 36.0474094], [14.1928285, 36.0469305], [14.1932717, 36.0469208], [14.1931564, 36.0464901], [14.1933473, 36.0462555], [14.1931664, 36.0458473], [14.1932976, 36.0457058], [14.1928642, 36.0455676], [14.1926277, 36.0453426], [14.1907096, 36.0452976], [14.1895726, 36.0455789], [14.189338, 36.0452494], [14.1895249, 36.044658], [14.1897495, 36.0444249], [14.1895428, 36.0438736], [14.1896302, 36.0434284], [14.1897842, 36.0433689], [14.1895696, 36.0431815], [14.1895606, 36.0421587], [14.1894215, 36.0420864], [14.1893718, 36.041855], [14.1897256, 36.0399584], [14.1893798, 36.0397945], [14.1893738, 36.0396884], [14.1886662, 36.039555], [14.1885588, 36.0389892], [14.1879049, 36.0380232], [14.1873976, 36.0380586], [14.1870879, 36.0370829], [14.1860682, 36.0368113], [14.1859549, 36.0365637], [14.1861557, 36.0362841], [14.1861756, 36.0360349], [14.1869806, 36.0356331], [14.1876385, 36.0351123], [14.1877041, 36.0349178], [14.1879665, 36.0347072], [14.1890717, 36.0341623], [14.1895885, 36.0340466], [14.1917359, 36.0337686], [14.1919124, 36.0338696], [14.1932677, 36.033059], [14.1938834, 36.0329601], [14.1945454, 36.0331851], [14.1946255, 36.033342], [14.1962995, 36.0336216], [14.1989823, 36.0335118], [14.1995852, 36.0336857], [14.2000027, 36.0341256], [14.2002726, 36.0342245], [14.2021996, 36.0344666], [14.2034182, 36.0342961], [14.2039289, 36.0338158], [14.2057227, 36.0331876], [14.2093593, 36.0330655], [14.2095948, 36.0325276], [14.2091528, 36.0324241], [14.2091402, 36.0322672], [14.2108858, 36.0311743], [14.2108416, 36.0308419], [14.2112169, 36.030818], [14.2108711, 36.0306833], [14.2117662, 36.0307608], [14.212148, 36.0306494], [14.2128673, 36.0308145], [14.2137093, 36.0297601], [14.213541, 36.0293938], [14.2139227, 36.0292974], [14.2149571, 36.0301941], [14.2156004, 36.0302066], [14.215672, 36.030096], [14.2163134, 36.0302483], [14.2164339, 36.0307238], [14.2169225, 36.0305742], [14.2173284, 36.0300642], [14.2174404, 36.0298485], [14.2152485, 36.0293303], [14.2148878, 36.028959], [14.2148804, 36.028594], [14.2152253, 36.0281196], [14.215811, 36.0276903], [14.2160409, 36.0272011], [14.2154693, 36.0276699], [14.2143218, 36.0281396], [14.2132192, 36.0279129], [14.2126912, 36.0279405], [14.2122576, 36.027844], [14.2121662, 36.0277175], [14.2128042, 36.0269699], [14.2133137, 36.0268284], [14.213642, 36.0265791], [14.2138278, 36.0261558], [14.214328, 36.0260544], [14.2145928, 36.0257826], [14.2152602, 36.0247757], [14.2154725, 36.0247243], [14.2157658, 36.0244061], [14.2158016, 36.0237327], [14.2164567, 36.0237453], [14.216844, 36.0234594], [14.217115, 36.0234298], [14.21731, 36.023825], [14.218399, 36.023862], [14.2188725, 36.0235863], [14.2190259, 36.0233519], [14.2190332, 36.0227013], [14.2181044, 36.0223015], [14.2180205, 36.0220467], [14.2188709, 36.0208815], [14.2196255, 36.0213097], [14.2197757, 36.021139], [14.2203864, 36.0212932], [14.2208016, 36.0211424], [14.2209841, 36.0207475], [14.2213329, 36.0203837], [14.2221478, 36.020275], [14.2238084, 36.0209032], [14.2241405, 36.0208839], [14.2241587, 36.0213054], [14.2244599, 36.0211482], [14.2251871, 36.0214353], [14.225268, 36.021336], [14.2251029, 36.0211862], [14.2268216, 36.0216744], [14.2276713, 36.0216624], [14.2279966, 36.0217948], [14.229929, 36.0213312], [14.2302759, 36.021092], [14.2301679, 36.021023], [14.2302224, 36.0209163], [14.2305432, 36.0208326], [14.2319875, 36.0210688], [14.2327304, 36.0209292], [14.2330055, 36.0208197], [14.2331262, 36.0205884], [14.2328169, 36.0200015], [14.2328676, 36.0198935], [14.2335075, 36.0200656], [14.2351621, 36.0199367], [14.2356994, 36.0197043], [14.2362042, 36.0193131], [14.2366726, 36.019266], [14.2370936, 36.0190634], [14.2377916, 36.0192776], [14.2400963, 36.0190864], [14.2403865, 36.0192834], [14.2408706, 36.0191891], [14.2409772, 36.0190062], [14.2411993, 36.0189234], [14.2427301, 36.0193675], [14.2440696, 36.0191445], [14.2450502, 36.0188109], [14.2482451, 36.0186485], [14.2497986, 36.0183365], [14.251132, 36.018374], [14.2520242, 36.0179176], [14.2527031, 36.0179326], [14.2532065, 36.0177186], [14.2536088, 36.0173406], [14.253787, 36.0168909], [14.2535206, 36.0161194], [14.2536545, 36.0160535], [14.2536798, 36.0155015], [14.2538863, 36.0153274], [14.2536131, 36.0151615], [14.2537802, 36.0149233], [14.2536965, 36.0147584], [14.2548754, 36.014357], [14.2556339, 36.0139246], [14.2557068, 36.0136888], [14.2570627, 36.0142031], [14.2575004, 36.0142385], [14.2578376, 36.0139891], [14.2584842, 36.0142496], [14.2589655, 36.0142506], [14.2592505, 36.0136529], [14.2600695, 36.0131665], [14.2606296, 36.0125616], [14.2608279, 36.0122218], [14.2605538, 36.012035], [14.2610844, 36.0119712], [14.2610394, 36.0116429], [14.2614343, 36.0114389], [14.2620261, 36.0114294], [14.2622385, 36.0117428], [14.2624341, 36.0124196], [14.2627397, 36.0126357], [14.2629384, 36.0126346], [14.2638311, 36.0134461], [14.2641861, 36.013463], [14.2652538, 36.0139546], [14.2653378, 36.0139305], [14.2652007, 36.0138197], [14.2670224, 36.0142192], [14.2698321, 36.0153046], [14.2701641, 36.0152508], [14.2705755, 36.0157513], [14.2710717, 36.015799], [14.2713136, 36.016035], [14.2717167, 36.016008], [14.2716637, 36.0163144], [14.2721137, 36.0165654], [14.272698, 36.0165402], [14.2712793, 36.0171372], [14.2708398, 36.0171748], [14.2712414, 36.0172488], [14.2721383, 36.01707], [14.2725189, 36.0176414], [14.2723873, 36.0179066], [14.2721242, 36.0180483], [14.2721754, 36.0185493], [14.2719265, 36.0193749], [14.2713589, 36.0196385], [14.2712123, 36.0198767], [14.2712138, 36.020231], [14.2715284, 36.0203949]]], [[[14.2624405, 36.0742476], [14.2625091, 36.0740256], [14.2625692, 36.0741574], [14.2624405, 36.0742476]]]]}, "properties": {"name": "Għawdex reġjun", "admin": "reġjun", "source": "© OpenStreetMap contributors, ODbL 1.0", "osm_relation": 2101121}}]}